ISO-10303-21;
HEADER;
/* Generated by software containing ST-Developer
 * from STEP Tools, Inc. (www.steptools.com) 
 */

FILE_DESCRIPTION(
/* description */ (''),
/* implementation_level */ '2;1');

FILE_NAME(
/* name */ 'Funil.step',
/* time_stamp */ '2026-06-22T01:02:11-03:00',
/* author */ (''),
/* organization */ (''),
/* preprocessor_version */ 'ST-DEVELOPER v20.1',
/* originating_system */ 'Autodesk Translation Framework v15.8.0.0',
/* authorisation */ '');

FILE_SCHEMA (('AUTOMOTIVE_DESIGN { 1 0 10303 214 3 1 1 }'));
ENDSEC;

DATA;
#10=MECHANICAL_DESIGN_GEOMETRIC_PRESENTATION_REPRESENTATION('',(#13),#3621);
#11=SHAPE_REPRESENTATION_RELATIONSHIP('SRR','None',#3628,#12);
#12=ADVANCED_BREP_SHAPE_REPRESENTATION('',(#14),#3620);
#13=STYLED_ITEM('',(#3638),#14);
#14=MANIFOLD_SOLID_BREP('Corpo1',#1607);
#15=CYLINDRICAL_SURFACE('',#1682,22.7824321795117);
#16=CYLINDRICAL_SURFACE('',#1690,22.7824321795117);
#17=CYLINDRICAL_SURFACE('',#1696,4.00000005960464);
#18=CYLINDRICAL_SURFACE('',#1697,4.00000005960464);
#19=CYLINDRICAL_SURFACE('',#1698,4.00000005960464);
#20=CYLINDRICAL_SURFACE('',#1710,27.5);
#21=CYLINDRICAL_SURFACE('',#1715,2.5);
#22=CYLINDRICAL_SURFACE('',#1716,2.5);
#23=CYLINDRICAL_SURFACE('',#1717,2.5);
#24=CYLINDRICAL_SURFACE('',#1718,2.5);
#25=B_SPLINE_SURFACE_WITH_KNOTS('',3,1,((#2269,#2270),(#2271,#2272),(#2273,
#2274),(#2275,#2276),(#2277,#2278),(#2279,#2280)),.UNSPECIFIED.,.F.,.F.,
 .F.,(4,2,4),(2,2),(1.65373078204187,1.70472361675725,2.58575525973207),
(0.,1.000025352024),.UNSPECIFIED.);
#26=B_SPLINE_SURFACE_WITH_KNOTS('',3,1,((#2281,#2282),(#2283,#2284),(#2285,
#2286),(#2287,#2288),(#2289,#2290),(#2291,#2292)),.UNSPECIFIED.,.F.,.F.,
 .F.,(4,2,4),(2,2),(1.65373078204187,1.70472361675725,2.58575525973207),
(0.,1.000025352024),.UNSPECIFIED.);
#27=B_SPLINE_SURFACE_WITH_KNOTS('',3,1,((#2417,#2418),(#2419,#2420),(#2421,
#2422),(#2423,#2424),(#2425,#2426),(#2427,#2428),(#2429,#2430),(#2431,#2432),
(#2433,#2434),(#2435,#2436),(#2437,#2438),(#2439,#2440),(#2441,#2442),(#2443,
#2444)),.UNSPECIFIED.,.F.,.F.,.F.,(4,2,2,2,2,2,4),(2,2),(-4.36196367446538,
-3.79007983256423,-3.59376657507108,-2.78048908125403,-1.73793243080515,
-0.824269318733675,-0.0163389107905798),(0.,3.60000000022024),
 .UNSPECIFIED.);
#28=B_SPLINE_SURFACE_WITH_KNOTS('',3,1,((#2498,#2499),(#2500,#2501),(#2502,
#2503),(#2504,#2505),(#2506,#2507),(#2508,#2509),(#2510,#2511),(#2512,#2513)),
 .UNSPECIFIED.,.F.,.F.,.F.,(4,2,2,4),(2,2),(-2.70672880849175,-1.82331932099594,
-0.915972035115414,-0.0160191641177578),(0.,3.60000000005597),
 .UNSPECIFIED.);
#29=B_SPLINE_SURFACE_WITH_KNOTS('',3,1,((#2657,#2658),(#2659,#2660),(#2661,
#2662),(#2663,#2664),(#2665,#2666),(#2667,#2668),(#2669,#2670),(#2671,#2672),
(#2673,#2674),(#2675,#2676),(#2677,#2678),(#2679,#2680),(#2681,#2682),(#2683,
#2684)),.UNSPECIFIED.,.F.,.F.,.F.,(4,2,2,2,2,2,4),(2,2),(-4.36196367446554,
-3.79007983256423,-3.59376657507104,-2.780489081254,-1.73793243080512,-0.824269318733667,
-0.0163389107905873),(0.,3.60000000022024),.UNSPECIFIED.);
#30=B_SPLINE_SURFACE_WITH_KNOTS('',3,1,((#2726,#2727),(#2728,#2729),(#2730,
#2731),(#2732,#2733),(#2734,#2735),(#2736,#2737),(#2738,#2739),(#2740,#2741)),
 .UNSPECIFIED.,.F.,.F.,.F.,(4,2,2,4),(2,2),(-2.70672880849175,-1.82331932099594,
-0.915972035115418,-0.0160191641177549),(0.,3.60000000005597),
 .UNSPECIFIED.);
#31=B_SPLINE_SURFACE_WITH_KNOTS('',3,3,((#3205,#3206,#3207,#3208,#3209,
#3210,#3211),(#3212,#3213,#3214,#3215,#3216,#3217,#3218),(#3219,#3220,#3221,
#3222,#3223,#3224,#3225),(#3226,#3227,#3228,#3229,#3230,#3231,#3232),(#3233,
#3234,#3235,#3236,#3237,#3238,#3239),(#3240,#3241,#3242,#3243,#3244,#3245,
#3246)),.UNSPECIFIED.,.F.,.F.,.F.,(4,1,1,4),(4,1,1,1,4),(0.00595992365936467,
0.288231864821298,0.570503805983231,0.993911717726132),(0.0182699391739648,
0.152893635890254,0.287517332606543,0.422141029322831,0.960635816187987),
 .UNSPECIFIED.);
#32=B_SPLINE_SURFACE_WITH_KNOTS('',3,3,((#3267,#3268,#3269,#3270,#3271,
#3272,#3273,#3274),(#3275,#3276,#3277,#3278,#3279,#3280,#3281,#3282),(#3283,
#3284,#3285,#3286,#3287,#3288,#3289,#3290),(#3291,#3292,#3293,#3294,#3295,
#3296,#3297,#3298),(#3299,#3300,#3301,#3302,#3303,#3304,#3305,#3306),(#3307,
#3308,#3309,#3310,#3311,#3312,#3313,#3314),(#3315,#3316,#3317,#3318,#3319,
#3320,#3321,#3322),(#3323,#3324,#3325,#3326,#3327,#3328,#3329,#3330),(#3331,
#3332,#3333,#3334,#3335,#3336,#3337,#3338),(#3339,#3340,#3341,#3342,#3343,
#3344,#3345,#3346)),.UNSPECIFIED.,.F.,.F.,.F.,(4,1,1,1,1,1,1,4),(4,1,1,
1,1,4),(0.00387213531535402,0.145638444871378,0.287404754427401,0.429171063983425,
0.570937373539449,0.712703683095472,0.854469992651496,0.99623630220752),
(0.0184093417829921,0.155529277435577,0.292649213088161,0.429769148740746,
0.704009020045915,0.978248891351084),.UNSPECIFIED.);
#33=B_SPLINE_SURFACE_WITH_KNOTS('',3,3,((#3360,#3361,#3362,#3363,#3364,
#3365,#3366),(#3367,#3368,#3369,#3370,#3371,#3372,#3373),(#3374,#3375,#3376,
#3377,#3378,#3379,#3380),(#3381,#3382,#3383,#3384,#3385,#3386,#3387),(#3388,
#3389,#3390,#3391,#3392,#3393,#3394),(#3395,#3396,#3397,#3398,#3399,#3400,
#3401)),.UNSPECIFIED.,.F.,.F.,.F.,(4,1,1,4),(4,1,1,1,4),(0.00595992365936618,
0.429367835402265,0.711639776564198,0.99391171772613),(0.0182699391739649,
0.152893635890254,0.287517332606543,0.422141029322831,0.960636626131945),
 .UNSPECIFIED.);
#34=B_SPLINE_SURFACE_WITH_KNOTS('',3,3,((#3415,#3416,#3417,#3418,#3419,
#3420,#3421,#3422),(#3423,#3424,#3425,#3426,#3427,#3428,#3429,#3430),(#3431,
#3432,#3433,#3434,#3435,#3436,#3437,#3438),(#3439,#3440,#3441,#3442,#3443,
#3444,#3445,#3446),(#3447,#3448,#3449,#3450,#3451,#3452,#3453,#3454),(#3455,
#3456,#3457,#3458,#3459,#3460,#3461,#3462),(#3463,#3464,#3465,#3466,#3467,
#3468,#3469,#3470),(#3471,#3472,#3473,#3474,#3475,#3476,#3477,#3478),(#3479,
#3480,#3481,#3482,#3483,#3484,#3485,#3486),(#3487,#3488,#3489,#3490,#3491,
#3492,#3493,#3494)),.UNSPECIFIED.,.F.,.F.,.F.,(4,1,1,1,1,1,1,4),(4,1,1,
1,1,4),(0.00387213531535704,0.14563844487138,0.287404754427403,0.429171063983427,
0.57093737353945,0.712703683095473,0.854469992651496,0.996236302207519),
(0.0184093417829922,0.155529277435577,0.292649213088161,0.429769148740746,
0.704009020045915,0.978248891351084),.UNSPECIFIED.);
#35=B_SPLINE_SURFACE_WITH_KNOTS('',3,3,((#3510,#3511,#3512,#3513),(#3514,
#3515,#3516,#3517),(#3518,#3519,#3520,#3521),(#3522,#3523,#3524,#3525),
(#3526,#3527,#3528,#3529),(#3530,#3531,#3532,#3533)),.UNSPECIFIED.,.F.,
 .F.,.F.,(4,1,1,4),(4,4),(0.,0.285714285714286,0.571428571428571,1.),(0.,
1.),.UNSPECIFIED.);
#36=B_SPLINE_SURFACE_WITH_KNOTS('',3,3,((#3536,#3537,#3538,#3539),(#3540,
#3541,#3542,#3543),(#3544,#3545,#3546,#3547),(#3548,#3549,#3550,#3551),
(#3552,#3553,#3554,#3555),(#3556,#3557,#3558,#3559),(#3560,#3561,#3562,
#3563)),.UNSPECIFIED.,.F.,.F.,.F.,(4,1,1,1,4),(4,4),(0.,0.285714285714286,
0.571428571428571,0.857142857142857,1.),(0.,1.),.UNSPECIFIED.);
#37=B_SPLINE_SURFACE_WITH_KNOTS('',3,3,((#3565,#3566,#3567,#3568),(#3569,
#3570,#3571,#3572),(#3573,#3574,#3575,#3576),(#3577,#3578,#3579,#3580),
(#3581,#3582,#3583,#3584),(#3585,#3586,#3587,#3588)),.UNSPECIFIED.,.F.,
 .F.,.F.,(4,1,1,4),(4,4),(0.,0.285714285714286,0.571428571428571,1.),(0.,
1.),.UNSPECIFIED.);
#38=B_SPLINE_SURFACE_WITH_KNOTS('',3,3,((#3590,#3591,#3592,#3593),(#3594,
#3595,#3596,#3597),(#3598,#3599,#3600,#3601),(#3602,#3603,#3604,#3605),
(#3606,#3607,#3608,#3609),(#3610,#3611,#3612,#3613),(#3614,#3615,#3616,
#3617)),.UNSPECIFIED.,.F.,.F.,.F.,(4,1,1,1,4),(4,4),(0.,0.285714285714286,
0.571428571428571,0.857142857142857,1.),(0.,1.),.UNSPECIFIED.);
#39=B_SPLINE_CURVE_WITH_KNOTS('',3,(#2129,#2130,#2131,#2132,#2133,#2134,
#2135,#2136),.UNSPECIFIED.,.F.,.F.,(4,2,2,4),(0.,0.907678144533985,1.79910828194055,
2.69048223039116),.UNSPECIFIED.);
#40=B_SPLINE_CURVE_WITH_KNOTS('',3,(#2137,#2138,#2139,#2140,#2141,#2142),
 .UNSPECIFIED.,.F.,.F.,(4,2,4),(3.05629860445156,3.54367282030973,4.34871359497727),
 .UNSPECIFIED.);
#41=B_SPLINE_CURVE_WITH_KNOTS('',3,(#2315,#2316,#2317,#2318,#2319,#2320,
#2321,#2322),.UNSPECIFIED.,.F.,.F.,(4,2,2,4),(0.,0.907678144534182,1.79910828194075,
2.69048223039135),.UNSPECIFIED.);
#42=B_SPLINE_CURVE_WITH_KNOTS('',3,(#2323,#2324,#2325,#2326,#2327,#2328),
 .UNSPECIFIED.,.F.,.F.,(4,2,4),(0.,0.821382042307277,1.22431256646683),
 .UNSPECIFIED.);
#43=B_SPLINE_CURVE_WITH_KNOTS('',3,(#2350,#2351,#2352,#2353,#2354,#2355),
 .UNSPECIFIED.,.F.,.F.,(4,2,4),(1.79638686492734E-6,0.747141848473761,1.49460587025859),
 .UNSPECIFIED.);
#44=B_SPLINE_CURVE_WITH_KNOTS('',3,(#2380,#2381,#2382,#2383,#2384,#2385),
 .UNSPECIFIED.,.F.,.F.,(4,2,4),(1.01529377855055E-6,0.74946886021838,1.49907300309109),
 .UNSPECIFIED.);
#45=B_SPLINE_CURVE_WITH_KNOTS('',3,(#2393,#2394,#2395,#2396,#2397,#2398,
#2399),.UNSPECIFIED.,.F.,.F.,(4,3,4),(-1.59036340492889,-0.899882930924047,
0.),.UNSPECIFIED.);
#46=B_SPLINE_CURVE_WITH_KNOTS('',3,(#2445,#2446,#2447,#2448,#2449,#2450,
#2451),.UNSPECIFIED.,.F.,.F.,(4,3,4),(-1.15107551189004,-0.156606502930018,
-1.62934908853885E-6),.UNSPECIFIED.);
#47=B_SPLINE_CURVE_WITH_KNOTS('',3,(#2457,#2458,#2459,#2460,#2461,#2462,
#2463,#2464,#2465,#2466,#2467,#2468,#2469,#2470),.UNSPECIFIED.,.F.,.F.,
(4,2,2,2,2,2,4),(-4.36196367446538,-3.79007983256423,-3.59376657507108,
-2.78048908125403,-1.73793243080515,-0.824269318733675,-0.0163389107905798),
 .UNSPECIFIED.);
#48=B_SPLINE_CURVE_WITH_KNOTS('',3,(#2491,#2492,#2493,#2494,#2495,#2496,
#2497),.UNSPECIFIED.,.F.,.F.,(4,3,4),(-2.69048223039135,-1.807147202084,
-1.31907191653415),.UNSPECIFIED.);
#49=B_SPLINE_CURVE_WITH_KNOTS('',3,(#2515,#2516,#2517,#2518,#2519,#2520,
#2521,#2522,#2523,#2524,#2525,#2526,#2527,#2528,#2529,#2530),
 .UNSPECIFIED.,.F.,.F.,(4,3,3,3,3,4),(-1.31907189628656,-0.907678144895316,
-0.899858905172044,-0.528975192421001,-0.167754815159766,-1.1579204262091E-9),
 .UNSPECIFIED.);
#50=B_SPLINE_CURVE_WITH_KNOTS('',3,(#2533,#2534,#2535,#2536,#2537,#2538,
#2539,#2540),.UNSPECIFIED.,.F.,.F.,(4,2,2,4),(-2.70672880316959,-1.82331932099594,
-0.915972035115414,-0.0160191641177578),.UNSPECIFIED.);
#51=B_SPLINE_CURVE_WITH_KNOTS('',3,(#2544,#2545,#2546,#2547,#2548,#2549,
#2550,#2551,#2552,#2553),.UNSPECIFIED.,.F.,.F.,(4,3,3,4),(-0.925054624008763,
-0.352476712937367,-0.155925199054117,1.11022302462516E-16),
 .UNSPECIFIED.);
#52=B_SPLINE_CURVE_WITH_KNOTS('',3,(#2557,#2558,#2559,#2560,#2561,#2562),
 .UNSPECIFIED.,.F.,.F.,(4,2,4),(5.49525028098463E-6,0.451143439017542,0.902281382784771),
 .UNSPECIFIED.);
#53=B_SPLINE_CURVE_WITH_KNOTS('',3,(#2578,#2579,#2580,#2581,#2582,#2583,
#2584,#2585,#2586,#2587,#2588,#2589,#2590,#2591,#2592,#2593,#2594,#2595,
#2596,#2597,#2598,#2599,#2600,#2601,#2602,#2603,#2604,#2605,#2606,#2607,
#2608,#2609,#2610,#2611,#2612,#2613,#2614,#2615,#2616,#2617,#2618,#2619,
#2620),.UNSPECIFIED.,.F.,.F.,(4,3,3,3,3,3,3,3,3,3,3,3,3,3,4),(1.18391372289666E-5,
0.248017064115007,0.48921249741687,0.652554918821102,0.661889514116277,
0.984542844380216,1.30719617464415,1.45263298852649,1.59834619571428,1.70811906199814,
1.8515172152272,1.96075622720768,2.1823177744206,2.41042669676535,2.61396274368207),
 .UNSPECIFIED.);
#54=B_SPLINE_CURVE_WITH_KNOTS('',3,(#2641,#2642,#2643,#2644,#2645,#2646),
 .UNSPECIFIED.,.F.,.F.,(4,2,4),(8.98557553898421E-7,0.00111753407382482,
0.00223408951607171),.UNSPECIFIED.);
#55=B_SPLINE_CURVE_WITH_KNOTS('',3,(#2686,#2687,#2688,#2689,#2690,#2691,
#2692),.UNSPECIFIED.,.F.,.F.,(4,3,4),(-0.815767784711744,-0.804747263857535,
0.),.UNSPECIFIED.);
#56=B_SPLINE_CURVE_WITH_KNOTS('',3,(#2695,#2696,#2697,#2698,#2699,#2700,
#2701,#2702,#2703,#2704,#2705,#2706,#2707,#2708),.UNSPECIFIED.,.F.,.F.,
(4,2,2,2,2,2,4),(-4.36196367446554,-3.79007983256423,-3.59376657507104,
-2.780489081254,-1.73793243080512,-0.824269318733667,-0.0163389107905873),
 .UNSPECIFIED.);
#57=B_SPLINE_CURVE_WITH_KNOTS('',3,(#2710,#2711,#2712,#2713,#2714,#2715,
#2716,#2717,#2718,#2719,#2720,#2721,#2722,#2723,#2724,#2725),
 .UNSPECIFIED.,.F.,.F.,(4,3,3,3,3,4),(-2.6904822292701,-2.34342045284296,
-1.98687570642495,-1.80716705217137,-1.62748506470631,-1.59036343247931),
 .UNSPECIFIED.);
#58=B_SPLINE_CURVE_WITH_KNOTS('',3,(#2742,#2743,#2744,#2745,#2746,#2747,
#2748,#2749),.UNSPECIFIED.,.F.,.F.,(4,2,2,4),(-2.70672880316958,-1.82331932099594,
-0.915972035115418,-0.0160191641177549),.UNSPECIFIED.);
#59=B_SPLINE_CURVE_WITH_KNOTS('',3,(#2753,#2754,#2755,#2756,#2757,#2758,
#2759,#2760,#2761,#2762,#2763,#2764,#2765,#2766),.UNSPECIFIED.,.F.,.F.,
(4,2,2,2,2,2,4),(0.,0.730432732486733,1.45795166855845,2.42626176797712,
3.62852812445453,4.82948880789612,6.03318487172323),.UNSPECIFIED.);
#60=B_SPLINE_CURVE_WITH_KNOTS('',3,(#2768,#2769,#2770,#2771,#2772,#2773,
#2774,#2775,#2776,#2777),.UNSPECIFIED.,.F.,.F.,(4,2,2,2,4),(0.,0.744709046411312,
1.49311259125471,2.42684357605434,3.6989970760377),.UNSPECIFIED.);
#61=B_SPLINE_CURVE_WITH_KNOTS('',3,(#2779,#2780,#2781,#2782,#2783,#2784,
#2785,#2786,#2787,#2788,#2789,#2790,#2791,#2792),.UNSPECIFIED.,.F.,.F.,
(4,2,2,2,2,2,4),(0.,0.73043273248673,1.45795166855845,2.42626176797713,
3.62852812445455,4.82948880789618,6.03318487172331),.UNSPECIFIED.);
#62=B_SPLINE_CURVE_WITH_KNOTS('',3,(#2793,#2794,#2795,#2796,#2797,#2798,
#2799,#2800,#2801,#2802),.UNSPECIFIED.,.F.,.F.,(4,2,2,2,4),(0.,0.744709046411313,
1.49311259125471,2.42684357605429,3.69899707603743),.UNSPECIFIED.);
#63=B_SPLINE_CURVE_WITH_KNOTS('',3,(#2806,#2807,#2808,#2809,#2810,#2811),
 .UNSPECIFIED.,.F.,.F.,(4,2,4),(-0.7934913846123,-0.697017724173025,-0.652595833582453),
 .UNSPECIFIED.);
#64=B_SPLINE_CURVE_WITH_KNOTS('',3,(#2812,#2813,#2814,#2815,#2816,#2817,
#2818,#2819,#2820,#2821,#2822,#2823,#2824,#2825,#2826,#2827,#2828,#2829,
#2830,#2831,#2832,#2833,#2834,#2835,#2836,#2837,#2838,#2839,#2840,#2841,
#2842,#2843,#2844,#2845,#2846,#2847,#2848,#2849,#2850),.UNSPECIFIED.,.F.,
 .F.,(4,2,2,2,2,2,2,2,3,2,2,2,2,2,2,2,2,2,4),(-0.652595833582453,-0.59593374301003,
-0.496715236610027,-0.402036511577297,-0.300728689664525,-0.223559924529843,
-0.156473650533055,-0.0855706048809626,0.,0.0950225973985148,0.195442044527536,
0.295297186364439,0.391967856431259,0.493918521924388,0.575510615034716,
0.643589887417571,0.710779825734326,0.791070948080226,0.793242010528454),
 .UNSPECIFIED.);
#65=B_SPLINE_CURVE_WITH_KNOTS('',3,(#2854,#2855,#2856,#2857,#2858,#2859,
#2860,#2861,#2862,#2863,#2864,#2865,#2866,#2867,#2868,#2869,#2870,#2871,
#2872,#2873,#2874,#2875,#2876,#2877,#2878,#2879,#2880,#2881,#2882,#2883,
#2884,#2885,#2886,#2887,#2888,#2889,#2890,#2891,#2892,#2893,#2894),
 .UNSPECIFIED.,.F.,.F.,(4,2,2,2,2,2,2,2,2,2,3,2,2,2,2,2,2,2,2,4),(0.7940140355787,
0.88359746139534,0.954484957756637,1.0167012200098,1.08389925023374,1.17040384446358,
1.27242922815677,1.36997480576861,1.4709531003878,1.52739013836839,1.58775709414823,
1.683470420217,1.76023412755837,1.82509103907994,1.89165802805178,1.97600998757469,
2.07751813099347,2.1735076486264,2.27451684525967,2.29951733821085),
 .UNSPECIFIED.);
#66=B_SPLINE_CURVE_WITH_KNOTS('',3,(#2895,#2896,#2897,#2898,#2899,#2900),
 .UNSPECIFIED.,.F.,.F.,(4,2,4),(2.29951733821085,2.37490297060902,2.38177112972693),
 .UNSPECIFIED.);
#67=B_SPLINE_CURVE_WITH_KNOTS('',3,(#2904,#2905,#2906,#2907,#2908,#2909,
#2910,#2911),.UNSPECIFIED.,.F.,.F.,(4,2,2,4),(-0.78940042507557,-0.740578610175624,
-0.641763359286131,-0.561882793508273),.UNSPECIFIED.);
#68=B_SPLINE_CURVE_WITH_KNOTS('',3,(#2912,#2913,#2914,#2915,#2916,#2917,
#2918,#2919,#2920,#2921,#2922,#2923,#2924,#2925,#2926,#2927,#2928,#2929,
#2930,#2931,#2932,#2933,#2934,#2935,#2936,#2937,#2938,#2939,#2940,#2941,
#2942,#2943,#2944,#2945,#2946,#2947,#2948,#2949,#2950,#2951,#2952),
 .UNSPECIFIED.,.F.,.F.,(4,2,2,2,2,2,2,2,3,2,2,2,2,2,2,2,2,2,2,4),(-0.561882793508273,
-0.541771521422581,-0.445746308394464,-0.354461599223338,-0.253953593488433,
-0.185893176113221,-0.130882887952114,-0.0746462344308366,0.,0.0559595895200173,
0.105280415085138,0.204836013251691,0.302884322848184,0.396495572782271,
0.486562299804676,0.570633315641323,0.632758465180058,0.689061042042352,
0.752378813473183,0.788655329211292),.UNSPECIFIED.);
#69=B_SPLINE_CURVE_WITH_KNOTS('',3,(#2956,#2957,#2958,#2959,#2960,#2961,
#2962,#2963,#2964,#2965,#2966,#2967,#2968,#2969,#2970,#2971,#2972,#2973,
#2974,#2975,#2976,#2977,#2978,#2979,#2980,#2981,#2982,#2983,#2984,#2985,
#2986,#2987,#2988,#2989,#2990,#2991,#2992,#2993,#2994,#2995,#2996),
 .UNSPECIFIED.,.F.,.F.,(4,2,2,2,2,2,2,2,2,2,2,3,2,2,2,2,2,2,2,4),(0.789458562310546,
0.824935676276307,0.889077825144963,0.943903167780051,1.00252800322815,
1.08029808485717,1.1803796975649,1.27343086586419,1.37096153633655,1.47061046073747,
1.52098100220285,1.57818257501157,1.65528936333329,1.71167501419626,1.76453767615585,
1.82830817999257,1.92772118764609,2.01810709401423,2.11325543889921,2.14980400538069),
 .UNSPECIFIED.);
#70=B_SPLINE_CURVE_WITH_KNOTS('',3,(#2997,#2998,#2999,#3000,#3001,#3002,
#3003,#3004),.UNSPECIFIED.,.F.,.F.,(4,2,2,4),(2.14980400538069,2.21380677241286,
2.31277191219948,2.36764113732211),.UNSPECIFIED.);
#71=B_SPLINE_CURVE_WITH_KNOTS('',3,(#3008,#3009,#3010,#3011,#3012,#3013,
#3014,#3015),.UNSPECIFIED.,.F.,.F.,(4,2,2,4),(-0.794488669788779,-0.697254061411199,
-0.599431290664309,-0.587853535144484),.UNSPECIFIED.);
#72=B_SPLINE_CURVE_WITH_KNOTS('',3,(#3016,#3017,#3018,#3019,#3020,#3021,
#3022,#3023,#3024,#3025,#3026,#3027,#3028,#3029,#3030,#3031,#3032,#3033,
#3034,#3035,#3036,#3037,#3038,#3039,#3040,#3041,#3042,#3043,#3044,#3045,
#3046,#3047,#3048,#3049,#3050,#3051,#3052),.UNSPECIFIED.,.F.,.F.,(4,2,2,
2,2,2,2,3,2,2,2,2,2,2,2,2,2,4),(-0.587853535144484,-0.505744720339909,-0.406368200710587,
-0.326970549009178,-0.258363008928902,-0.187322103565851,-0.100999164457446,
0.,0.0966305569325085,0.195129019912241,0.288302261843038,0.384379710976621,
0.458065657124028,0.525403341523927,0.598118326706102,0.687103015001606,
0.788955778006957,0.794116918935857),.UNSPECIFIED.);
#73=B_SPLINE_CURVE_WITH_KNOTS('',3,(#3056,#3057,#3058,#3059,#3060,#3061),
 .UNSPECIFIED.,.F.,.F.,(4,2,4),(0.794295418223399,0.88951964464585,0.940551966915847),
 .UNSPECIFIED.);
#74=B_SPLINE_CURVE_WITH_KNOTS('',3,(#3062,#3063,#3064,#3065,#3066,#3067,
#3068,#3069,#3070,#3071,#3072,#3073,#3074,#3075,#3076,#3077,#3078,#3079,
#3080,#3081,#3082,#3083,#3084,#3085,#3086,#3087,#3088,#3089,#3090,#3091,
#3092,#3093,#3094,#3095,#3096,#3097,#3098,#3099,#3100,#3101,#3102),
 .UNSPECIFIED.,.F.,.F.,(4,2,2,2,2,2,2,2,2,3,2,2,2,2,2,2,2,2,2,4),(0.940551966915847,
0.983803257412793,1.08271118618325,1.18539080399358,1.28683156987724,1.37134011738583,
1.43838269462251,1.50176711752563,1.57536313795104,1.58888745320756,1.68822367545789,
1.78270872899886,1.88332597675856,1.98557286688488,2.08405284773652,2.16240103452917,
2.22807183312768,2.29566971961066,2.3790828828011,2.38318287143096),
 .UNSPECIFIED.);
#75=B_SPLINE_CURVE_WITH_KNOTS('',3,(#3106,#3107,#3108,#3109,#3110,#3111,
#3112,#3113),.UNSPECIFIED.,.F.,.F.,(4,2,2,4),(-0.789592404560872,-0.732294627102251,
-0.632352423719531,-0.544467942487249),.UNSPECIFIED.);
#76=B_SPLINE_CURVE_WITH_KNOTS('',3,(#3114,#3115,#3116,#3117,#3118,#3119,
#3120,#3121,#3122,#3123,#3124,#3125,#3126,#3127,#3128,#3129,#3130,#3131,
#3132,#3133,#3134,#3135,#3136,#3137,#3138,#3139,#3140,#3141,#3142,#3143,
#3144,#3145,#3146,#3147,#3148,#3149,#3150,#3151,#3152),.UNSPECIFIED.,.F.,
 .F.,(4,2,2,2,2,2,2,2,3,2,2,2,2,2,2,2,2,2,4),(-0.544467942487249,-0.534067001407822,
-0.440646232856257,-0.351272882723759,-0.26483719883723,-0.203828589360359,
-0.149299354803876,-0.0871129725263145,0.,0.0999545584698334,0.20022589405633,
0.29621513629042,0.387588298433203,0.487027525994123,0.555589575302469,
0.613002336782278,0.672609994679697,0.748731615256249,0.78922608267689),
 .UNSPECIFIED.);
#77=B_SPLINE_CURVE_WITH_KNOTS('',3,(#3156,#3157,#3158,#3159,#3160,#3161,
#3162,#3163,#3164,#3165,#3166,#3167,#3168,#3169,#3170,#3171,#3172,#3173,
#3174,#3175,#3176,#3177,#3178,#3179,#3180,#3181,#3182,#3183,#3184,#3185,
#3186,#3187,#3188,#3189,#3190,#3191,#3192,#3193,#3194,#3195,#3196),
 .UNSPECIFIED.,.F.,.F.,(4,2,2,2,2,2,2,2,2,2,2,3,2,2,2,2,2,2,2,4),(0.78970012325204,
0.835549807182112,0.91551968982905,0.975223443800387,1.03033993654904,1.09384494193025,
1.18540102431414,1.27541256409411,1.36988798717292,1.46979427722303,1.52170076064802,
1.57872238378926,1.67341676259364,1.73719765124584,1.79034003570227,1.84725530220552,
1.92530340631025,2.02512833673335,2.11773539304702,2.14019125192632),
 .UNSPECIFIED.);
#78=B_SPLINE_CURVE_WITH_KNOTS('',3,(#3197,#3198,#3199,#3200,#3201,#3202,
#3203,#3204),.UNSPECIFIED.,.F.,.F.,(4,2,2,4),(2.14019125192632,2.21523511079944,
2.3152897253256,2.3684225070413),.UNSPECIFIED.);
#79=B_SPLINE_CURVE_WITH_KNOTS('',3,(#3248,#3249,#3250,#3251,#3252,#3253),
 .UNSPECIFIED.,.F.,.F.,(4,2,4),(-7.05095233287777,-3.20569066895862,0.),
 .UNSPECIFIED.);
#80=B_SPLINE_CURVE_WITH_KNOTS('',3,(#3255,#3256,#3257,#3258,#3259,#3260),
 .UNSPECIFIED.,.F.,.F.,(4,2,4),(1.98277090928696E-6,4.87000391261491,9.71045564301183),
 .UNSPECIFIED.);
#81=B_SPLINE_CURVE_WITH_KNOTS('',3,(#3261,#3262,#3263,#3264,#3265,#3266),
 .UNSPECIFIED.,.F.,.F.,(4,2,4),(-11.8700161049964,-6.41661774299297,-3.11805749548529E-6),
 .UNSPECIFIED.);
#82=B_SPLINE_CURVE_WITH_KNOTS('',3,(#3348,#3349,#3350,#3351,#3352,#3353),
 .UNSPECIFIED.,.F.,.F.,(4,2,4),(4.30248079980585E-6,8.42746126743264,16.8735017610335),
 .UNSPECIFIED.);
#83=B_SPLINE_CURVE_WITH_KNOTS('',3,(#3354,#3355,#3356,#3357,#3358,#3359),
 .UNSPECIFIED.,.F.,.F.,(4,2,4),(0.,3.2217443883639,7.0806894959694),
 .UNSPECIFIED.);
#84=B_SPLINE_CURVE_WITH_KNOTS('',3,(#3403,#3404,#3405,#3406,#3407,#3408),
 .UNSPECIFIED.,.F.,.F.,(4,2,4),(1.35333398238566E-6,4.95405773456468,9.94165239657833),
 .UNSPECIFIED.);
#85=B_SPLINE_CURVE_WITH_KNOTS('',3,(#3409,#3410,#3411,#3412,#3413,#3414),
 .UNSPECIFIED.,.F.,.F.,(4,2,4),(-11.8627982818237,-6.42141065974308,-2.02560088252474E-6),
 .UNSPECIFIED.);
#86=B_SPLINE_CURVE_WITH_KNOTS('',3,(#3495,#3496,#3497,#3498,#3499,#3500),
 .UNSPECIFIED.,.F.,.F.,(4,2,4),(2.66587368997406E-6,8.4274604219322,16.873501553022),
 .UNSPECIFIED.);
#87=FACE_BOUND('',#222,.T.);
#88=FACE_BOUND('',#223,.T.);
#89=FACE_BOUND('',#224,.T.);
#90=FACE_BOUND('',#227,.T.);
#91=FACE_BOUND('',#269,.T.);
#92=FACE_BOUND('',#270,.T.);
#93=FACE_BOUND('',#271,.T.);
#94=FACE_BOUND('',#295,.T.);
#95=FACE_BOUND('',#304,.T.);
#96=FACE_BOUND('',#305,.T.);
#97=FACE_BOUND('',#306,.T.);
#98=FACE_BOUND('',#307,.T.);
#99=FACE_BOUND('',#309,.T.);
#100=FACE_BOUND('',#314,.T.);
#101=FACE_BOUND('',#315,.T.);
#102=FACE_BOUND('',#316,.T.);
#103=FACE_BOUND('',#317,.T.);
#104=CIRCLE('',#1627,4.00000005960464);
#105=CIRCLE('',#1628,4.00000005960464);
#106=CIRCLE('',#1629,4.00000005960464);
#107=CIRCLE('',#1659,27.5);
#108=CIRCLE('',#1661,27.5);
#109=CIRCLE('',#1663,27.5);
#110=CIRCLE('',#1666,27.5);
#111=CIRCLE('',#1670,27.5);
#112=CIRCLE('',#1679,22.7824321795117);
#113=CIRCLE('',#1683,22.7824321795117);
#114=CIRCLE('',#1686,4.00000005960464);
#115=CIRCLE('',#1687,4.00000005960464);
#116=CIRCLE('',#1688,4.00000005960464);
#117=CIRCLE('',#1691,22.7824321795117);
#118=CIRCLE('',#1692,22.7824321795117);
#119=CIRCLE('',#1711,27.5);
#120=ELLIPSE('',#1626,21.0480154739057,16.1830521946244);
#121=ELLIPSE('',#1631,35.8161931452586,27.4891705597555);
#122=ELLIPSE('',#1633,21.0480154739189,16.1830521946452);
#123=ELLIPSE('',#1648,21.0480154740846,16.1830521949015);
#124=ELLIPSE('',#1652,21.0480154740149,16.1830521947929);
#125=ELLIPSE('',#1664,34.2774990381129,26.885723947313);
#126=ELLIPSE('',#1672,32.2192245721107,22.7824321795117);
#127=ELLIPSE('',#1676,32.2192245721107,22.7824321795117);
#128=ELLIPSE('',#1678,32.5954086855149,26.2148182645545);
#129=ELLIPSE('',#1684,36.9778207374137,27.9338739085981);
#130=ELLIPSE('',#1700,28.711314872971,27.5);
#131=ELLIPSE('',#1705,28.711314872971,27.5);
#132=ELLIPSE('',#1706,28.711314872971,27.5);
#133=FACE_OUTER_BOUND('',#217,.T.);
#134=FACE_OUTER_BOUND('',#218,.T.);
#135=FACE_OUTER_BOUND('',#219,.T.);
#136=FACE_OUTER_BOUND('',#220,.T.);
#137=FACE_OUTER_BOUND('',#221,.T.);
#138=FACE_OUTER_BOUND('',#225,.T.);
#139=FACE_OUTER_BOUND('',#226,.T.);
#140=FACE_OUTER_BOUND('',#228,.T.);
#141=FACE_OUTER_BOUND('',#229,.T.);
#142=FACE_OUTER_BOUND('',#230,.T.);
#143=FACE_OUTER_BOUND('',#231,.T.);
#144=FACE_OUTER_BOUND('',#232,.T.);
#145=FACE_OUTER_BOUND('',#233,.T.);
#146=FACE_OUTER_BOUND('',#234,.T.);
#147=FACE_OUTER_BOUND('',#235,.T.);
#148=FACE_OUTER_BOUND('',#236,.T.);
#149=FACE_OUTER_BOUND('',#237,.T.);
#150=FACE_OUTER_BOUND('',#238,.T.);
#151=FACE_OUTER_BOUND('',#239,.T.);
#152=FACE_OUTER_BOUND('',#240,.T.);
#153=FACE_OUTER_BOUND('',#241,.T.);
#154=FACE_OUTER_BOUND('',#242,.T.);
#155=FACE_OUTER_BOUND('',#243,.T.);
#156=FACE_OUTER_BOUND('',#244,.T.);
#157=FACE_OUTER_BOUND('',#245,.T.);
#158=FACE_OUTER_BOUND('',#246,.T.);
#159=FACE_OUTER_BOUND('',#247,.T.);
#160=FACE_OUTER_BOUND('',#248,.T.);
#161=FACE_OUTER_BOUND('',#249,.T.);
#162=FACE_OUTER_BOUND('',#250,.T.);
#163=FACE_OUTER_BOUND('',#251,.T.);
#164=FACE_OUTER_BOUND('',#252,.T.);
#165=FACE_OUTER_BOUND('',#253,.T.);
#166=FACE_OUTER_BOUND('',#254,.T.);
#167=FACE_OUTER_BOUND('',#255,.T.);
#168=FACE_OUTER_BOUND('',#256,.T.);
#169=FACE_OUTER_BOUND('',#257,.T.);
#170=FACE_OUTER_BOUND('',#258,.T.);
#171=FACE_OUTER_BOUND('',#259,.T.);
#172=FACE_OUTER_BOUND('',#260,.T.);
#173=FACE_OUTER_BOUND('',#261,.T.);
#174=FACE_OUTER_BOUND('',#262,.T.);
#175=FACE_OUTER_BOUND('',#263,.T.);
#176=FACE_OUTER_BOUND('',#264,.T.);
#177=FACE_OUTER_BOUND('',#265,.T.);
#178=FACE_OUTER_BOUND('',#266,.T.);
#179=FACE_OUTER_BOUND('',#267,.T.);
#180=FACE_OUTER_BOUND('',#268,.T.);
#181=FACE_OUTER_BOUND('',#272,.T.);
#182=FACE_OUTER_BOUND('',#273,.T.);
#183=FACE_OUTER_BOUND('',#274,.T.);
#184=FACE_OUTER_BOUND('',#275,.T.);
#185=FACE_OUTER_BOUND('',#276,.T.);
#186=FACE_OUTER_BOUND('',#277,.T.);
#187=FACE_OUTER_BOUND('',#278,.T.);
#188=FACE_OUTER_BOUND('',#279,.T.);
#189=FACE_OUTER_BOUND('',#280,.T.);
#190=FACE_OUTER_BOUND('',#281,.T.);
#191=FACE_OUTER_BOUND('',#282,.T.);
#192=FACE_OUTER_BOUND('',#283,.T.);
#193=FACE_OUTER_BOUND('',#284,.T.);
#194=FACE_OUTER_BOUND('',#285,.T.);
#195=FACE_OUTER_BOUND('',#286,.T.);
#196=FACE_OUTER_BOUND('',#287,.T.);
#197=FACE_OUTER_BOUND('',#288,.T.);
#198=FACE_OUTER_BOUND('',#289,.T.);
#199=FACE_OUTER_BOUND('',#290,.T.);
#200=FACE_OUTER_BOUND('',#291,.T.);
#201=FACE_OUTER_BOUND('',#292,.T.);
#202=FACE_OUTER_BOUND('',#293,.T.);
#203=FACE_OUTER_BOUND('',#294,.T.);
#204=FACE_OUTER_BOUND('',#296,.T.);
#205=FACE_OUTER_BOUND('',#297,.T.);
#206=FACE_OUTER_BOUND('',#298,.T.);
#207=FACE_OUTER_BOUND('',#299,.T.);
#208=FACE_OUTER_BOUND('',#300,.T.);
#209=FACE_OUTER_BOUND('',#301,.T.);
#210=FACE_OUTER_BOUND('',#302,.T.);
#211=FACE_OUTER_BOUND('',#303,.T.);
#212=FACE_OUTER_BOUND('',#308,.T.);
#213=FACE_OUTER_BOUND('',#310,.T.);
#214=FACE_OUTER_BOUND('',#311,.T.);
#215=FACE_OUTER_BOUND('',#312,.T.);
#216=FACE_OUTER_BOUND('',#313,.T.);
#217=EDGE_LOOP('',(#1003,#1004,#1005,#1006));
#218=EDGE_LOOP('',(#1007,#1008,#1009,#1010));
#219=EDGE_LOOP('',(#1011,#1012,#1013,#1014));
#220=EDGE_LOOP('',(#1015,#1016,#1017,#1018));
#221=EDGE_LOOP('',(#1019,#1020,#1021,#1022));
#222=EDGE_LOOP('',(#1023));
#223=EDGE_LOOP('',(#1024));
#224=EDGE_LOOP('',(#1025));
#225=EDGE_LOOP('',(#1026,#1027,#1028,#1029,#1030,#1031,#1032));
#226=EDGE_LOOP('',(#1033,#1034,#1035,#1036,#1037,#1038,#1039,#1040,#1041,
#1042));
#227=EDGE_LOOP('',(#1043,#1044,#1045,#1046));
#228=EDGE_LOOP('',(#1047,#1048,#1049,#1050));
#229=EDGE_LOOP('',(#1051,#1052,#1053,#1054));
#230=EDGE_LOOP('',(#1055,#1056,#1057,#1058));
#231=EDGE_LOOP('',(#1059,#1060,#1061,#1062,#1063,#1064));
#232=EDGE_LOOP('',(#1065,#1066,#1067,#1068));
#233=EDGE_LOOP('',(#1069,#1070,#1071,#1072));
#234=EDGE_LOOP('',(#1073,#1074,#1075,#1076));
#235=EDGE_LOOP('',(#1077,#1078,#1079,#1080));
#236=EDGE_LOOP('',(#1081,#1082,#1083,#1084));
#237=EDGE_LOOP('',(#1085,#1086,#1087,#1088));
#238=EDGE_LOOP('',(#1089,#1090,#1091,#1092,#1093,#1094));
#239=EDGE_LOOP('',(#1095,#1096,#1097,#1098,#1099,#1100,#1101,#1102));
#240=EDGE_LOOP('',(#1103,#1104,#1105,#1106));
#241=EDGE_LOOP('',(#1107,#1108,#1109,#1110,#1111,#1112,#1113,#1114));
#242=EDGE_LOOP('',(#1115,#1116,#1117,#1118,#1119,#1120,#1121,#1122));
#243=EDGE_LOOP('',(#1123,#1124,#1125,#1126,#1127,#1128,#1129,#1130));
#244=EDGE_LOOP('',(#1131,#1132,#1133,#1134,#1135,#1136,#1137,#1138));
#245=EDGE_LOOP('',(#1139,#1140,#1141,#1142,#1143,#1144,#1145,#1146));
#246=EDGE_LOOP('',(#1147,#1148,#1149,#1150));
#247=EDGE_LOOP('',(#1151,#1152,#1153,#1154));
#248=EDGE_LOOP('',(#1155,#1156,#1157,#1158,#1159,#1160));
#249=EDGE_LOOP('',(#1161,#1162,#1163,#1164));
#250=EDGE_LOOP('',(#1165,#1166,#1167,#1168));
#251=EDGE_LOOP('',(#1169,#1170,#1171,#1172,#1173));
#252=EDGE_LOOP('',(#1174,#1175));
#253=EDGE_LOOP('',(#1176,#1177));
#254=EDGE_LOOP('',(#1178,#1179,#1180,#1181,#1182,#1183,#1184,#1185,#1186,
#1187,#1188));
#255=EDGE_LOOP('',(#1189,#1190));
#256=EDGE_LOOP('',(#1191,#1192,#1193,#1194));
#257=EDGE_LOOP('',(#1195,#1196,#1197,#1198));
#258=EDGE_LOOP('',(#1199,#1200,#1201,#1202,#1203,#1204,#1205,#1206,#1207,
#1208));
#259=EDGE_LOOP('',(#1209,#1210,#1211,#1212,#1213,#1214));
#260=EDGE_LOOP('',(#1215,#1216,#1217));
#261=EDGE_LOOP('',(#1218,#1219,#1220,#1221));
#262=EDGE_LOOP('',(#1222,#1223,#1224,#1225,#1226,#1227));
#263=EDGE_LOOP('',(#1228,#1229,#1230,#1231));
#264=EDGE_LOOP('',(#1232,#1233,#1234,#1235));
#265=EDGE_LOOP('',(#1236,#1237,#1238));
#266=EDGE_LOOP('',(#1239,#1240,#1241,#1242,#1243,#1244));
#267=EDGE_LOOP('',(#1245,#1246,#1247,#1248,#1249,#1250,#1251,#1252,#1253,
#1254));
#268=EDGE_LOOP('',(#1255,#1256,#1257,#1258));
#269=EDGE_LOOP('',(#1259));
#270=EDGE_LOOP('',(#1260));
#271=EDGE_LOOP('',(#1261));
#272=EDGE_LOOP('',(#1262,#1263,#1264,#1265,#1266,#1267));
#273=EDGE_LOOP('',(#1268,#1269,#1270,#1271,#1272,#1273));
#274=EDGE_LOOP('',(#1274,#1275,#1276,#1277));
#275=EDGE_LOOP('',(#1278,#1279,#1280,#1281,#1282,#1283));
#276=EDGE_LOOP('',(#1284,#1285,#1286,#1287));
#277=EDGE_LOOP('',(#1288,#1289,#1290,#1291));
#278=EDGE_LOOP('',(#1292,#1293,#1294,#1295));
#279=EDGE_LOOP('',(#1296,#1297,#1298,#1299));
#280=EDGE_LOOP('',(#1300,#1301,#1302,#1303));
#281=EDGE_LOOP('',(#1304,#1305,#1306));
#282=EDGE_LOOP('',(#1307,#1308,#1309,#1310,#1311,#1312));
#283=EDGE_LOOP('',(#1313,#1314,#1315,#1316,#1317));
#284=EDGE_LOOP('',(#1318,#1319,#1320,#1321));
#285=EDGE_LOOP('',(#1322,#1323,#1324));
#286=EDGE_LOOP('',(#1325,#1326,#1327));
#287=EDGE_LOOP('',(#1328,#1329,#1330,#1331,#1332,#1333,#1334));
#288=EDGE_LOOP('',(#1335,#1336,#1337,#1338));
#289=EDGE_LOOP('',(#1339,#1340,#1341,#1342,#1343,#1344,#1345,#1346,#1347,
#1348,#1349,#1350,#1351));
#290=EDGE_LOOP('',(#1352,#1353,#1354,#1355,#1356,#1357));
#291=EDGE_LOOP('',(#1358,#1359,#1360,#1361,#1362,#1363,#1364,#1365,#1366));
#292=EDGE_LOOP('',(#1367,#1368,#1369,#1370,#1371));
#293=EDGE_LOOP('',(#1372,#1373,#1374,#1375,#1376,#1377));
#294=EDGE_LOOP('',(#1378));
#295=EDGE_LOOP('',(#1379,#1380,#1381,#1382));
#296=EDGE_LOOP('',(#1383,#1384,#1385,#1386,#1387,#1388));
#297=EDGE_LOOP('',(#1389,#1390,#1391,#1392,#1393,#1394));
#298=EDGE_LOOP('',(#1395,#1396,#1397,#1398,#1399,#1400));
#299=EDGE_LOOP('',(#1401,#1402,#1403,#1404,#1405,#1406));
#300=EDGE_LOOP('',(#1407,#1408,#1409,#1410));
#301=EDGE_LOOP('',(#1411,#1412,#1413,#1414));
#302=EDGE_LOOP('',(#1415,#1416,#1417,#1418));
#303=EDGE_LOOP('',(#1419,#1420,#1421,#1422));
#304=EDGE_LOOP('',(#1423,#1424));
#305=EDGE_LOOP('',(#1425,#1426));
#306=EDGE_LOOP('',(#1427,#1428));
#307=EDGE_LOOP('',(#1429,#1430));
#308=EDGE_LOOP('',(#1431,#1432,#1433,#1434));
#309=EDGE_LOOP('',(#1435,#1436,#1437,#1438));
#310=EDGE_LOOP('',(#1439,#1440,#1441,#1442));
#311=EDGE_LOOP('',(#1443,#1444,#1445,#1446));
#312=EDGE_LOOP('',(#1447,#1448,#1449,#1450));
#313=EDGE_LOOP('',(#1451,#1452,#1453,#1454));
#314=EDGE_LOOP('',(#1455,#1456));
#315=EDGE_LOOP('',(#1457,#1458));
#316=EDGE_LOOP('',(#1459,#1460));
#317=EDGE_LOOP('',(#1461,#1462));
#318=LINE('',#2077,#471);
#319=LINE('',#2079,#472);
#320=LINE('',#2081,#473);
#321=LINE('',#2082,#474);
#322=LINE('',#2085,#475);
#323=LINE('',#2087,#476);
#324=LINE('',#2088,#477);
#325=LINE('',#2092,#478);
#326=LINE('',#2094,#479);
#327=LINE('',#2096,#480);
#328=LINE('',#2097,#481);
#329=LINE('',#2100,#482);
#330=LINE('',#2102,#483);
#331=LINE('',#2103,#484);
#332=LINE('',#2108,#485);
#333=LINE('',#2109,#486);
#334=LINE('',#2119,#487);
#335=LINE('',#2121,#488);
#336=LINE('',#2123,#489);
#337=LINE('',#2125,#490);
#338=LINE('',#2146,#491);
#339=LINE('',#2148,#492);
#340=LINE('',#2150,#493);
#341=LINE('',#2152,#494);
#342=LINE('',#2154,#495);
#343=LINE('',#2156,#496);
#344=LINE('',#2158,#497);
#345=LINE('',#2160,#498);
#346=LINE('',#2162,#499);
#347=LINE('',#2163,#500);
#348=LINE('',#2165,#501);
#349=LINE('',#2167,#502);
#350=LINE('',#2171,#503);
#351=LINE('',#2172,#504);
#352=LINE('',#2175,#505);
#353=LINE('',#2176,#506);
#354=LINE('',#2178,#507);
#355=LINE('',#2179,#508);
#356=LINE('',#2182,#509);
#357=LINE('',#2184,#510);
#358=LINE('',#2186,#511);
#359=LINE('',#2187,#512);
#360=LINE('',#2190,#513);
#361=LINE('',#2191,#514);
#362=LINE('',#2194,#515);
#363=LINE('',#2196,#516);
#364=LINE('',#2197,#517);
#365=LINE('',#2200,#518);
#366=LINE('',#2201,#519);
#367=LINE('',#2204,#520);
#368=LINE('',#2205,#521);
#369=LINE('',#2208,#522);
#370=LINE('',#2210,#523);
#371=LINE('',#2211,#524);
#372=LINE('',#2214,#525);
#373=LINE('',#2215,#526);
#374=LINE('',#2218,#527);
#375=LINE('',#2220,#528);
#376=LINE('',#2222,#529);
#377=LINE('',#2223,#530);
#378=LINE('',#2226,#531);
#379=LINE('',#2228,#532);
#380=LINE('',#2230,#533);
#381=LINE('',#2232,#534);
#382=LINE('',#2234,#535);
#383=LINE('',#2235,#536);
#384=LINE('',#2238,#537);
#385=LINE('',#2239,#538);
#386=LINE('',#2242,#539);
#387=LINE('',#2243,#540);
#388=LINE('',#2245,#541);
#389=LINE('',#2248,#542);
#390=LINE('',#2249,#543);
#391=LINE('',#2251,#544);
#392=LINE('',#2252,#545);
#393=LINE('',#2255,#546);
#394=LINE('',#2256,#547);
#395=LINE('',#2257,#548);
#396=LINE('',#2260,#549);
#397=LINE('',#2261,#550);
#398=LINE('',#2265,#551);
#399=LINE('',#2267,#552);
#400=LINE('',#2268,#553);
#401=LINE('',#2294,#554);
#402=LINE('',#2297,#555);
#403=LINE('',#2299,#556);
#404=LINE('',#2307,#557);
#405=LINE('',#2309,#558);
#406=LINE('',#2311,#559);
#407=LINE('',#2333,#560);
#408=LINE('',#2334,#561);
#409=LINE('',#2336,#562);
#410=LINE('',#2339,#563);
#411=LINE('',#2341,#564);
#412=LINE('',#2348,#565);
#413=LINE('',#2357,#566);
#414=LINE('',#2359,#567);
#415=LINE('',#2360,#568);
#416=LINE('',#2363,#569);
#417=LINE('',#2364,#570);
#418=LINE('',#2367,#571);
#419=LINE('',#2369,#572);
#420=LINE('',#2370,#573);
#421=LINE('',#2374,#574);
#422=LINE('',#2376,#575);
#423=LINE('',#2378,#576);
#424=LINE('',#2387,#577);
#425=LINE('',#2403,#578);
#426=LINE('',#2405,#579);
#427=LINE('',#2406,#580);
#428=LINE('',#2409,#581);
#429=LINE('',#2410,#582);
#430=LINE('',#2413,#583);
#431=LINE('',#2416,#584);
#432=LINE('',#2455,#585);
#433=LINE('',#2471,#586);
#434=LINE('',#2473,#587);
#435=LINE('',#2481,#588);
#436=LINE('',#2484,#589);
#437=LINE('',#2488,#590);
#438=LINE('',#2532,#591);
#439=LINE('',#2543,#592);
#440=LINE('',#2556,#593);
#441=LINE('',#2564,#594);
#442=LINE('',#2566,#595);
#443=LINE('',#2568,#596);
#444=LINE('',#2574,#597);
#445=LINE('',#2575,#598);
#446=LINE('',#2621,#599);
#447=LINE('',#2624,#600);
#448=LINE('',#2626,#601);
#449=LINE('',#2627,#602);
#450=LINE('',#2630,#603);
#451=LINE('',#2632,#604);
#452=LINE('',#2633,#605);
#453=LINE('',#2636,#606);
#454=LINE('',#2648,#607);
#455=LINE('',#2649,#608);
#456=LINE('',#2651,#609);
#457=LINE('',#2654,#610);
#458=LINE('',#2694,#611);
#459=LINE('',#2852,#612);
#460=LINE('',#2954,#613);
#461=LINE('',#3054,#614);
#462=LINE('',#3154,#615);
#463=LINE('',#3504,#616);
#464=LINE('',#3506,#617);
#465=LINE('',#3508,#618);
#466=LINE('',#3509,#619);
#467=LINE('',#3534,#620);
#468=LINE('',#3535,#621);
#469=LINE('',#3564,#622);
#470=LINE('',#3589,#623);
#471=VECTOR('',#1724,10.);
#472=VECTOR('',#1725,10.);
#473=VECTOR('',#1726,10.);
#474=VECTOR('',#1727,10.);
#475=VECTOR('',#1730,10.);
#476=VECTOR('',#1731,10.);
#477=VECTOR('',#1732,10.);
#478=VECTOR('',#1735,10.);
#479=VECTOR('',#1736,10.);
#480=VECTOR('',#1737,10.);
#481=VECTOR('',#1738,10.);
#482=VECTOR('',#1741,10.);
#483=VECTOR('',#1742,10.);
#484=VECTOR('',#1743,10.);
#485=VECTOR('',#1748,10.);
#486=VECTOR('',#1749,10.);
#487=VECTOR('',#1758,10.);
#488=VECTOR('',#1759,10.);
#489=VECTOR('',#1760,10.);
#490=VECTOR('',#1761,10.);
#491=VECTOR('',#1766,10.);
#492=VECTOR('',#1767,10.);
#493=VECTOR('',#1768,10.);
#494=VECTOR('',#1769,10.);
#495=VECTOR('',#1770,10.);
#496=VECTOR('',#1771,10.);
#497=VECTOR('',#1772,10.);
#498=VECTOR('',#1773,10.);
#499=VECTOR('',#1774,10.);
#500=VECTOR('',#1775,10.);
#501=VECTOR('',#1776,10.);
#502=VECTOR('',#1777,10.);
#503=VECTOR('',#1782,10.);
#504=VECTOR('',#1783,10.);
#505=VECTOR('',#1786,10.);
#506=VECTOR('',#1787,10.);
#507=VECTOR('',#1790,10.);
#508=VECTOR('',#1791,10.);
#509=VECTOR('',#1794,10.);
#510=VECTOR('',#1795,10.);
#511=VECTOR('',#1796,10.);
#512=VECTOR('',#1797,10.);
#513=VECTOR('',#1800,10.);
#514=VECTOR('',#1801,10.);
#515=VECTOR('',#1804,10.);
#516=VECTOR('',#1805,10.);
#517=VECTOR('',#1806,10.);
#518=VECTOR('',#1809,10.);
#519=VECTOR('',#1810,10.);
#520=VECTOR('',#1813,10.);
#521=VECTOR('',#1814,10.);
#522=VECTOR('',#1817,10.);
#523=VECTOR('',#1818,10.);
#524=VECTOR('',#1819,10.);
#525=VECTOR('',#1822,10.);
#526=VECTOR('',#1823,10.);
#527=VECTOR('',#1826,10.);
#528=VECTOR('',#1827,10.);
#529=VECTOR('',#1828,10.);
#530=VECTOR('',#1829,10.);
#531=VECTOR('',#1832,10.);
#532=VECTOR('',#1833,10.);
#533=VECTOR('',#1834,10.);
#534=VECTOR('',#1835,10.);
#535=VECTOR('',#1836,10.);
#536=VECTOR('',#1837,10.);
#537=VECTOR('',#1840,10.);
#538=VECTOR('',#1841,10.);
#539=VECTOR('',#1844,10.);
#540=VECTOR('',#1845,10.);
#541=VECTOR('',#1848,10.);
#542=VECTOR('',#1851,10.);
#543=VECTOR('',#1852,10.);
#544=VECTOR('',#1853,10.);
#545=VECTOR('',#1854,10.);
#546=VECTOR('',#1857,10.);
#547=VECTOR('',#1858,10.);
#548=VECTOR('',#1859,10.);
#549=VECTOR('',#1862,10.);
#550=VECTOR('',#1863,10.);
#551=VECTOR('',#1868,10.);
#552=VECTOR('',#1869,10.);
#553=VECTOR('',#1870,10.);
#554=VECTOR('',#1873,10.);
#555=VECTOR('',#1878,10.);
#556=VECTOR('',#1881,10.);
#557=VECTOR('',#1894,10.);
#558=VECTOR('',#1895,10.);
#559=VECTOR('',#1896,10.);
#560=VECTOR('',#1905,10.);
#561=VECTOR('',#1906,10.);
#562=VECTOR('',#1909,10.);
#563=VECTOR('',#1912,10.);
#564=VECTOR('',#1913,10.);
#565=VECTOR('',#1920,10.);
#566=VECTOR('',#1921,10.);
#567=VECTOR('',#1922,10.);
#568=VECTOR('',#1923,10.);
#569=VECTOR('',#1926,10.);
#570=VECTOR('',#1927,10.);
#571=VECTOR('',#1930,10.);
#572=VECTOR('',#1931,10.);
#573=VECTOR('',#1932,10.);
#574=VECTOR('',#1935,10.);
#575=VECTOR('',#1936,10.);
#576=VECTOR('',#1937,10.);
#577=VECTOR('',#1938,10.);
#578=VECTOR('',#1949,10.);
#579=VECTOR('',#1950,10.);
#580=VECTOR('',#1951,10.);
#581=VECTOR('',#1954,10.);
#582=VECTOR('',#1955,10.);
#583=VECTOR('',#1958,22.7824321795117);
#584=VECTOR('',#1961,10.);
#585=VECTOR('',#1964,10.);
#586=VECTOR('',#1965,10.);
#587=VECTOR('',#1968,10.);
#588=VECTOR('',#1977,10.);
#589=VECTOR('',#1980,10.);
#590=VECTOR('',#1983,22.7824321795117);
#591=VECTOR('',#1988,10.);
#592=VECTOR('',#1991,10.);
#593=VECTOR('',#1994,10.);
#594=VECTOR('',#1997,4.00000005960464);
#595=VECTOR('',#2000,4.00000005960464);
#596=VECTOR('',#2003,4.00000005960464);
#597=VECTOR('',#2008,10.);
#598=VECTOR('',#2009,10.);
#599=VECTOR('',#2012,10.);
#600=VECTOR('',#2015,10.);
#601=VECTOR('',#2016,10.);
#602=VECTOR('',#2017,10.);
#603=VECTOR('',#2020,10.);
#604=VECTOR('',#2021,10.);
#605=VECTOR('',#2022,10.);
#606=VECTOR('',#2025,10.);
#607=VECTOR('',#2034,10.);
#608=VECTOR('',#2035,10.);
#609=VECTOR('',#2038,10.);
#610=VECTOR('',#2041,27.5);
#611=VECTOR('',#2046,10.);
#612=VECTOR('',#2053,2.5);
#613=VECTOR('',#2056,2.5);
#614=VECTOR('',#2059,2.5);
#615=VECTOR('',#2062,2.5);
#616=VECTOR('',#2065,10.);
#617=VECTOR('',#2066,10.);
#618=VECTOR('',#2067,10.);
#619=VECTOR('',#2068,10.);
#620=VECTOR('',#2069,113.54345392454);
#621=VECTOR('',#2070,113.476872749687);
#622=VECTOR('',#2071,113.476872749687);
#623=VECTOR('',#2072,113.54345392454);
#624=VERTEX_POINT('',#2075);
#625=VERTEX_POINT('',#2076);
#626=VERTEX_POINT('',#2078);
#627=VERTEX_POINT('',#2080);
#628=VERTEX_POINT('',#2084);
#629=VERTEX_POINT('',#2086);
#630=VERTEX_POINT('',#2090);
#631=VERTEX_POINT('',#2091);
#632=VERTEX_POINT('',#2093);
#633=VERTEX_POINT('',#2095);
#634=VERTEX_POINT('',#2099);
#635=VERTEX_POINT('',#2101);
#636=VERTEX_POINT('',#2105);
#637=VERTEX_POINT('',#2107);
#638=VERTEX_POINT('',#2110);
#639=VERTEX_POINT('',#2112);
#640=VERTEX_POINT('',#2114);
#641=VERTEX_POINT('',#2117);
#642=VERTEX_POINT('',#2118);
#643=VERTEX_POINT('',#2120);
#644=VERTEX_POINT('',#2122);
#645=VERTEX_POINT('',#2124);
#646=VERTEX_POINT('',#2126);
#647=VERTEX_POINT('',#2128);
#648=VERTEX_POINT('',#2144);
#649=VERTEX_POINT('',#2145);
#650=VERTEX_POINT('',#2147);
#651=VERTEX_POINT('',#2149);
#652=VERTEX_POINT('',#2151);
#653=VERTEX_POINT('',#2153);
#654=VERTEX_POINT('',#2155);
#655=VERTEX_POINT('',#2157);
#656=VERTEX_POINT('',#2159);
#657=VERTEX_POINT('',#2161);
#658=VERTEX_POINT('',#2164);
#659=VERTEX_POINT('',#2166);
#660=VERTEX_POINT('',#2170);
#661=VERTEX_POINT('',#2174);
#662=VERTEX_POINT('',#2181);
#663=VERTEX_POINT('',#2183);
#664=VERTEX_POINT('',#2185);
#665=VERTEX_POINT('',#2189);
#666=VERTEX_POINT('',#2193);
#667=VERTEX_POINT('',#2195);
#668=VERTEX_POINT('',#2199);
#669=VERTEX_POINT('',#2203);
#670=VERTEX_POINT('',#2207);
#671=VERTEX_POINT('',#2209);
#672=VERTEX_POINT('',#2213);
#673=VERTEX_POINT('',#2217);
#674=VERTEX_POINT('',#2219);
#675=VERTEX_POINT('',#2221);
#676=VERTEX_POINT('',#2225);
#677=VERTEX_POINT('',#2227);
#678=VERTEX_POINT('',#2229);
#679=VERTEX_POINT('',#2231);
#680=VERTEX_POINT('',#2233);
#681=VERTEX_POINT('',#2237);
#682=VERTEX_POINT('',#2241);
#683=VERTEX_POINT('',#2247);
#684=VERTEX_POINT('',#2250);
#685=VERTEX_POINT('',#2254);
#686=VERTEX_POINT('',#2259);
#687=VERTEX_POINT('',#2264);
#688=VERTEX_POINT('',#2266);
#689=VERTEX_POINT('',#2305);
#690=VERTEX_POINT('',#2308);
#691=VERTEX_POINT('',#2310);
#692=VERTEX_POINT('',#2312);
#693=VERTEX_POINT('',#2314);
#694=VERTEX_POINT('',#2332);
#695=VERTEX_POINT('',#2338);
#696=VERTEX_POINT('',#2340);
#697=VERTEX_POINT('',#2344);
#698=VERTEX_POINT('',#2345);
#699=VERTEX_POINT('',#2347);
#700=VERTEX_POINT('',#2349);
#701=VERTEX_POINT('',#2356);
#702=VERTEX_POINT('',#2358);
#703=VERTEX_POINT('',#2362);
#704=VERTEX_POINT('',#2366);
#705=VERTEX_POINT('',#2368);
#706=VERTEX_POINT('',#2372);
#707=VERTEX_POINT('',#2373);
#708=VERTEX_POINT('',#2375);
#709=VERTEX_POINT('',#2377);
#710=VERTEX_POINT('',#2379);
#711=VERTEX_POINT('',#2386);
#712=VERTEX_POINT('',#2390);
#713=VERTEX_POINT('',#2392);
#714=VERTEX_POINT('',#2402);
#715=VERTEX_POINT('',#2404);
#716=VERTEX_POINT('',#2408);
#717=VERTEX_POINT('',#2412);
#718=VERTEX_POINT('',#2414);
#719=VERTEX_POINT('',#2452);
#720=VERTEX_POINT('',#2454);
#721=VERTEX_POINT('',#2456);
#722=VERTEX_POINT('',#2474);
#723=VERTEX_POINT('',#2476);
#724=VERTEX_POINT('',#2478);
#725=VERTEX_POINT('',#2483);
#726=VERTEX_POINT('',#2485);
#727=VERTEX_POINT('',#2487);
#728=VERTEX_POINT('',#2514);
#729=VERTEX_POINT('',#2531);
#730=VERTEX_POINT('',#2542);
#731=VERTEX_POINT('',#2555);
#732=VERTEX_POINT('',#2570);
#733=VERTEX_POINT('',#2571);
#734=VERTEX_POINT('',#2573);
#735=VERTEX_POINT('',#2577);
#736=VERTEX_POINT('',#2623);
#737=VERTEX_POINT('',#2625);
#738=VERTEX_POINT('',#2629);
#739=VERTEX_POINT('',#2631);
#740=VERTEX_POINT('',#2635);
#741=VERTEX_POINT('',#2637);
#742=VERTEX_POINT('',#2653);
#743=VERTEX_POINT('',#2685);
#744=VERTEX_POINT('',#2693);
#745=VERTEX_POINT('',#2751);
#746=VERTEX_POINT('',#2752);
#747=VERTEX_POINT('',#2767);
#748=VERTEX_POINT('',#2778);
#749=VERTEX_POINT('',#2804);
#750=VERTEX_POINT('',#2805);
#751=VERTEX_POINT('',#2851);
#752=VERTEX_POINT('',#2853);
#753=VERTEX_POINT('',#2902);
#754=VERTEX_POINT('',#2903);
#755=VERTEX_POINT('',#2953);
#756=VERTEX_POINT('',#2955);
#757=VERTEX_POINT('',#3006);
#758=VERTEX_POINT('',#3007);
#759=VERTEX_POINT('',#3053);
#760=VERTEX_POINT('',#3055);
#761=VERTEX_POINT('',#3104);
#762=VERTEX_POINT('',#3105);
#763=VERTEX_POINT('',#3153);
#764=VERTEX_POINT('',#3155);
#765=VERTEX_POINT('',#3247);
#766=VERTEX_POINT('',#3254);
#767=VERTEX_POINT('',#3347);
#768=VERTEX_POINT('',#3402);
#769=VERTEX_POINT('',#3502);
#770=VERTEX_POINT('',#3503);
#771=VERTEX_POINT('',#3505);
#772=VERTEX_POINT('',#3507);
#773=EDGE_CURVE('',#624,#625,#318,.T.);
#774=EDGE_CURVE('',#626,#624,#319,.T.);
#775=EDGE_CURVE('',#627,#626,#320,.T.);
#776=EDGE_CURVE('',#625,#627,#321,.T.);
#777=EDGE_CURVE('',#624,#628,#322,.T.);
#778=EDGE_CURVE('',#629,#628,#323,.T.);
#779=EDGE_CURVE('',#629,#626,#324,.T.);
#780=EDGE_CURVE('',#630,#631,#325,.T.);
#781=EDGE_CURVE('',#632,#631,#326,.T.);
#782=EDGE_CURVE('',#632,#633,#327,.T.);
#783=EDGE_CURVE('',#633,#630,#328,.T.);
#784=EDGE_CURVE('',#634,#631,#329,.T.);
#785=EDGE_CURVE('',#635,#634,#330,.T.);
#786=EDGE_CURVE('',#632,#635,#331,.T.);
#787=EDGE_CURVE('',#636,#627,#120,.T.);
#788=EDGE_CURVE('',#636,#637,#332,.T.);
#789=EDGE_CURVE('',#637,#625,#333,.T.);
#790=EDGE_CURVE('',#638,#638,#104,.T.);
#791=EDGE_CURVE('',#639,#639,#105,.T.);
#792=EDGE_CURVE('',#640,#640,#106,.T.);
#793=EDGE_CURVE('',#641,#642,#334,.T.);
#794=EDGE_CURVE('',#642,#643,#335,.T.);
#795=EDGE_CURVE('',#643,#644,#336,.T.);
#796=EDGE_CURVE('',#644,#645,#337,.T.);
#797=EDGE_CURVE('',#646,#645,#121,.T.);
#798=EDGE_CURVE('',#647,#646,#39,.T.);
#799=EDGE_CURVE('',#641,#647,#40,.T.);
#800=EDGE_CURVE('',#648,#649,#338,.T.);
#801=EDGE_CURVE('',#650,#648,#339,.T.);
#802=EDGE_CURVE('',#651,#650,#340,.T.);
#803=EDGE_CURVE('',#652,#651,#341,.T.);
#804=EDGE_CURVE('',#653,#652,#342,.T.);
#805=EDGE_CURVE('',#654,#653,#343,.T.);
#806=EDGE_CURVE('',#655,#654,#344,.T.);
#807=EDGE_CURVE('',#656,#655,#345,.T.);
#808=EDGE_CURVE('',#657,#656,#346,.T.);
#809=EDGE_CURVE('',#649,#657,#347,.T.);
#810=EDGE_CURVE('',#658,#634,#348,.T.);
#811=EDGE_CURVE('',#659,#658,#349,.T.);
#812=EDGE_CURVE('',#635,#659,#122,.T.);
#813=EDGE_CURVE('',#631,#660,#350,.T.);
#814=EDGE_CURVE('',#660,#658,#351,.T.);
#815=EDGE_CURVE('',#637,#661,#352,.T.);
#816=EDGE_CURVE('',#661,#624,#353,.T.);
#817=EDGE_CURVE('',#642,#649,#354,.T.);
#818=EDGE_CURVE('',#643,#657,#355,.T.);
#819=EDGE_CURVE('',#630,#662,#356,.T.);
#820=EDGE_CURVE('',#662,#663,#357,.T.);
#821=EDGE_CURVE('',#664,#663,#358,.T.);
#822=EDGE_CURVE('',#660,#664,#359,.T.);
#823=EDGE_CURVE('',#636,#665,#360,.T.);
#824=EDGE_CURVE('',#665,#661,#361,.T.);
#825=EDGE_CURVE('',#654,#666,#362,.T.);
#826=EDGE_CURVE('',#653,#667,#363,.T.);
#827=EDGE_CURVE('',#666,#667,#364,.T.);
#828=EDGE_CURVE('',#668,#660,#365,.T.);
#829=EDGE_CURVE('',#668,#659,#366,.T.);
#830=EDGE_CURVE('',#669,#664,#367,.T.);
#831=EDGE_CURVE('',#669,#668,#368,.T.);
#832=EDGE_CURVE('',#670,#661,#369,.T.);
#833=EDGE_CURVE('',#665,#671,#370,.T.);
#834=EDGE_CURVE('',#671,#670,#371,.T.);
#835=EDGE_CURVE('',#672,#666,#372,.T.);
#836=EDGE_CURVE('',#672,#655,#373,.T.);
#837=EDGE_CURVE('',#673,#652,#374,.T.);
#838=EDGE_CURVE('',#674,#673,#375,.T.);
#839=EDGE_CURVE('',#675,#674,#376,.T.);
#840=EDGE_CURVE('',#667,#675,#377,.T.);
#841=EDGE_CURVE('',#676,#651,#378,.T.);
#842=EDGE_CURVE('',#676,#677,#379,.T.);
#843=EDGE_CURVE('',#677,#678,#380,.T.);
#844=EDGE_CURVE('',#678,#679,#381,.T.);
#845=EDGE_CURVE('',#680,#679,#382,.T.);
#846=EDGE_CURVE('',#673,#680,#383,.T.);
#847=EDGE_CURVE('',#681,#650,#384,.T.);
#848=EDGE_CURVE('',#681,#676,#385,.T.);
#849=EDGE_CURVE('',#682,#681,#386,.T.);
#850=EDGE_CURVE('',#633,#682,#387,.T.);
#851=EDGE_CURVE('',#668,#632,#123,.T.);
#852=EDGE_CURVE('',#669,#677,#388,.T.);
#853=EDGE_CURVE('',#683,#682,#389,.T.);
#854=EDGE_CURVE('',#629,#683,#390,.T.);
#855=EDGE_CURVE('',#628,#684,#391,.T.);
#856=EDGE_CURVE('',#684,#662,#392,.T.);
#857=EDGE_CURVE('',#663,#685,#393,.T.);
#858=EDGE_CURVE('',#670,#685,#394,.T.);
#859=EDGE_CURVE('',#671,#678,#395,.T.);
#860=EDGE_CURVE('',#686,#683,#396,.T.);
#861=EDGE_CURVE('',#679,#686,#397,.T.);
#862=EDGE_CURVE('',#626,#665,#124,.T.);
#863=EDGE_CURVE('',#687,#648,#398,.T.);
#864=EDGE_CURVE('',#688,#687,#399,.T.);
#865=EDGE_CURVE('',#688,#686,#400,.T.);
#866=EDGE_CURVE('',#685,#684,#401,.T.);
#867=EDGE_CURVE('',#680,#688,#402,.T.);
#868=EDGE_CURVE('',#687,#641,#403,.T.);
#869=EDGE_CURVE('',#680,#673,#107,.T.);
#870=EDGE_CURVE('',#688,#680,#108,.T.);
#871=EDGE_CURVE('',#673,#689,#109,.T.);
#872=EDGE_CURVE('',#689,#672,#404,.T.);
#873=EDGE_CURVE('',#690,#675,#405,.T.);
#874=EDGE_CURVE('',#691,#690,#406,.T.);
#875=EDGE_CURVE('',#691,#692,#125,.T.);
#876=EDGE_CURVE('',#692,#693,#41,.T.);
#877=EDGE_CURVE('',#693,#674,#42,.T.);
#878=EDGE_CURVE('',#687,#688,#110,.T.);
#879=EDGE_CURVE('',#694,#656,#407,.T.);
#880=EDGE_CURVE('',#643,#694,#408,.T.);
#881=EDGE_CURVE('',#672,#694,#409,.T.);
#882=EDGE_CURVE('',#694,#695,#410,.T.);
#883=EDGE_CURVE('',#696,#695,#411,.T.);
#884=EDGE_CURVE('',#696,#687,#111,.T.);
#885=EDGE_CURVE('',#697,#698,#126,.T.);
#886=EDGE_CURVE('',#698,#699,#412,.T.);
#887=EDGE_CURVE('',#699,#700,#43,.F.);
#888=EDGE_CURVE('',#700,#701,#413,.T.);
#889=EDGE_CURVE('',#701,#702,#414,.F.);
#890=EDGE_CURVE('',#702,#697,#415,.T.);
#891=EDGE_CURVE('',#703,#702,#416,.T.);
#892=EDGE_CURVE('',#703,#697,#417,.T.);
#893=EDGE_CURVE('',#704,#700,#418,.T.);
#894=EDGE_CURVE('',#705,#704,#419,.T.);
#895=EDGE_CURVE('',#701,#705,#420,.T.);
#896=EDGE_CURVE('',#706,#707,#421,.T.);
#897=EDGE_CURVE('',#708,#707,#422,.T.);
#898=EDGE_CURVE('',#708,#709,#423,.T.);
#899=EDGE_CURVE('',#709,#710,#44,.F.);
#900=EDGE_CURVE('',#710,#711,#424,.T.);
#901=EDGE_CURVE('',#711,#706,#127,.T.);
#902=EDGE_CURVE('',#712,#710,#128,.T.);
#903=EDGE_CURVE('',#713,#712,#45,.T.);
#904=EDGE_CURVE('',#713,#711,#112,.T.);
#905=EDGE_CURVE('',#714,#708,#425,.T.);
#906=EDGE_CURVE('',#715,#714,#426,.T.);
#907=EDGE_CURVE('',#709,#715,#427,.T.);
#908=EDGE_CURVE('',#716,#706,#428,.T.);
#909=EDGE_CURVE('',#707,#716,#429,.T.);
#910=EDGE_CURVE('',#717,#713,#430,.T.);
#911=EDGE_CURVE('',#718,#717,#113,.T.);
#912=EDGE_CURVE('',#716,#718,#431,.T.);
#913=EDGE_CURVE('',#715,#704,#46,.T.);
#914=EDGE_CURVE('',#699,#719,#129,.T.);
#915=EDGE_CURVE('',#720,#719,#432,.T.);
#916=EDGE_CURVE('',#720,#721,#47,.F.);
#917=EDGE_CURVE('',#721,#712,#433,.T.);
#918=EDGE_CURVE('',#705,#714,#434,.T.);
#919=EDGE_CURVE('',#722,#722,#114,.T.);
#920=EDGE_CURVE('',#723,#723,#115,.T.);
#921=EDGE_CURVE('',#724,#724,#116,.T.);
#922=EDGE_CURVE('',#702,#707,#435,.T.);
#923=EDGE_CURVE('',#725,#703,#436,.T.);
#924=EDGE_CURVE('',#726,#725,#117,.T.);
#925=EDGE_CURVE('',#727,#726,#437,.T.);
#926=EDGE_CURVE('',#698,#727,#118,.T.);
#927=EDGE_CURVE('',#719,#727,#48,.T.);
#928=EDGE_CURVE('',#726,#728,#49,.T.);
#929=EDGE_CURVE('',#729,#728,#438,.T.);
#930=EDGE_CURVE('',#729,#720,#50,.F.);
#931=EDGE_CURVE('',#730,#725,#439,.T.);
#932=EDGE_CURVE('',#728,#730,#51,.T.);
#933=EDGE_CURVE('',#731,#703,#440,.T.);
#934=EDGE_CURVE('',#730,#731,#52,.T.);
#935=EDGE_CURVE('',#638,#722,#441,.T.);
#936=EDGE_CURVE('',#639,#723,#442,.T.);
#937=EDGE_CURVE('',#640,#724,#443,.T.);
#938=EDGE_CURVE('',#732,#733,#130,.T.);
#939=EDGE_CURVE('',#734,#732,#444,.T.);
#940=EDGE_CURVE('',#733,#734,#445,.T.);
#941=EDGE_CURVE('',#731,#735,#53,.T.);
#942=EDGE_CURVE('',#716,#735,#446,.T.);
#943=EDGE_CURVE('',#718,#736,#447,.T.);
#944=EDGE_CURVE('',#737,#736,#448,.T.);
#945=EDGE_CURVE('',#735,#737,#449,.T.);
#946=EDGE_CURVE('',#736,#738,#450,.T.);
#947=EDGE_CURVE('',#739,#738,#451,.T.);
#948=EDGE_CURVE('',#737,#739,#452,.T.);
#949=EDGE_CURVE('',#733,#740,#453,.T.);
#950=EDGE_CURVE('',#741,#740,#131,.T.);
#951=EDGE_CURVE('',#733,#741,#132,.T.);
#952=EDGE_CURVE('',#735,#739,#54,.T.);
#953=EDGE_CURVE('',#740,#689,#454,.T.);
#954=EDGE_CURVE('',#695,#734,#455,.T.);
#955=EDGE_CURVE('',#696,#732,#456,.T.);
#956=EDGE_CURVE('',#741,#742,#457,.T.);
#957=EDGE_CURVE('',#742,#742,#119,.T.);
#958=EDGE_CURVE('',#738,#743,#55,.T.);
#959=EDGE_CURVE('',#744,#743,#458,.T.);
#960=EDGE_CURVE('',#744,#729,#56,.F.);
#961=EDGE_CURVE('',#743,#717,#57,.T.);
#962=EDGE_CURVE('',#721,#744,#58,.F.);
#963=EDGE_CURVE('',#745,#746,#59,.T.);
#964=EDGE_CURVE('',#747,#745,#60,.T.);
#965=EDGE_CURVE('',#748,#747,#61,.T.);
#966=EDGE_CURVE('',#746,#748,#62,.T.);
#967=EDGE_CURVE('',#749,#750,#63,.T.);
#968=EDGE_CURVE('',#750,#749,#64,.T.);
#969=EDGE_CURVE('',#750,#751,#459,.T.);
#970=EDGE_CURVE('',#752,#751,#65,.T.);
#971=EDGE_CURVE('',#751,#752,#66,.T.);
#972=EDGE_CURVE('',#753,#754,#67,.T.);
#973=EDGE_CURVE('',#754,#753,#68,.T.);
#974=EDGE_CURVE('',#754,#755,#460,.T.);
#975=EDGE_CURVE('',#756,#755,#69,.T.);
#976=EDGE_CURVE('',#755,#756,#70,.T.);
#977=EDGE_CURVE('',#757,#758,#71,.T.);
#978=EDGE_CURVE('',#758,#757,#72,.T.);
#979=EDGE_CURVE('',#758,#759,#461,.T.);
#980=EDGE_CURVE('',#760,#759,#73,.T.);
#981=EDGE_CURVE('',#759,#760,#74,.T.);
#982=EDGE_CURVE('',#761,#762,#75,.T.);
#983=EDGE_CURVE('',#762,#761,#76,.T.);
#984=EDGE_CURVE('',#762,#763,#462,.T.);
#985=EDGE_CURVE('',#764,#763,#77,.T.);
#986=EDGE_CURVE('',#763,#764,#78,.T.);
#987=EDGE_CURVE('',#721,#765,#79,.F.);
#988=EDGE_CURVE('',#766,#765,#80,.T.);
#989=EDGE_CURVE('',#744,#766,#81,.T.);
#990=EDGE_CURVE('',#767,#766,#82,.T.);
#991=EDGE_CURVE('',#729,#767,#83,.T.);
#992=EDGE_CURVE('',#768,#767,#84,.T.);
#993=EDGE_CURVE('',#720,#768,#85,.T.);
#994=EDGE_CURVE('',#765,#768,#86,.T.);
#995=EDGE_CURVE('',#769,#770,#463,.T.);
#996=EDGE_CURVE('',#770,#771,#464,.T.);
#997=EDGE_CURVE('',#771,#772,#465,.T.);
#998=EDGE_CURVE('',#772,#769,#466,.T.);
#999=EDGE_CURVE('',#748,#770,#467,.T.);
#1000=EDGE_CURVE('',#746,#769,#468,.T.);
#1001=EDGE_CURVE('',#747,#771,#469,.T.);
#1002=EDGE_CURVE('',#745,#772,#470,.T.);
#1003=ORIENTED_EDGE('',*,*,#773,.F.);
#1004=ORIENTED_EDGE('',*,*,#774,.F.);
#1005=ORIENTED_EDGE('',*,*,#775,.F.);
#1006=ORIENTED_EDGE('',*,*,#776,.F.);
#1007=ORIENTED_EDGE('',*,*,#777,.T.);
#1008=ORIENTED_EDGE('',*,*,#778,.F.);
#1009=ORIENTED_EDGE('',*,*,#779,.T.);
#1010=ORIENTED_EDGE('',*,*,#774,.T.);
#1011=ORIENTED_EDGE('',*,*,#780,.T.);
#1012=ORIENTED_EDGE('',*,*,#781,.F.);
#1013=ORIENTED_EDGE('',*,*,#782,.T.);
#1014=ORIENTED_EDGE('',*,*,#783,.T.);
#1015=ORIENTED_EDGE('',*,*,#784,.F.);
#1016=ORIENTED_EDGE('',*,*,#785,.F.);
#1017=ORIENTED_EDGE('',*,*,#786,.F.);
#1018=ORIENTED_EDGE('',*,*,#781,.T.);
#1019=ORIENTED_EDGE('',*,*,#776,.T.);
#1020=ORIENTED_EDGE('',*,*,#787,.F.);
#1021=ORIENTED_EDGE('',*,*,#788,.T.);
#1022=ORIENTED_EDGE('',*,*,#789,.T.);
#1023=ORIENTED_EDGE('',*,*,#790,.T.);
#1024=ORIENTED_EDGE('',*,*,#791,.T.);
#1025=ORIENTED_EDGE('',*,*,#792,.T.);
#1026=ORIENTED_EDGE('',*,*,#793,.T.);
#1027=ORIENTED_EDGE('',*,*,#794,.T.);
#1028=ORIENTED_EDGE('',*,*,#795,.T.);
#1029=ORIENTED_EDGE('',*,*,#796,.T.);
#1030=ORIENTED_EDGE('',*,*,#797,.F.);
#1031=ORIENTED_EDGE('',*,*,#798,.F.);
#1032=ORIENTED_EDGE('',*,*,#799,.F.);
#1033=ORIENTED_EDGE('',*,*,#800,.F.);
#1034=ORIENTED_EDGE('',*,*,#801,.F.);
#1035=ORIENTED_EDGE('',*,*,#802,.F.);
#1036=ORIENTED_EDGE('',*,*,#803,.F.);
#1037=ORIENTED_EDGE('',*,*,#804,.F.);
#1038=ORIENTED_EDGE('',*,*,#805,.F.);
#1039=ORIENTED_EDGE('',*,*,#806,.F.);
#1040=ORIENTED_EDGE('',*,*,#807,.F.);
#1041=ORIENTED_EDGE('',*,*,#808,.F.);
#1042=ORIENTED_EDGE('',*,*,#809,.F.);
#1043=ORIENTED_EDGE('',*,*,#785,.T.);
#1044=ORIENTED_EDGE('',*,*,#810,.F.);
#1045=ORIENTED_EDGE('',*,*,#811,.F.);
#1046=ORIENTED_EDGE('',*,*,#812,.F.);
#1047=ORIENTED_EDGE('',*,*,#784,.T.);
#1048=ORIENTED_EDGE('',*,*,#813,.T.);
#1049=ORIENTED_EDGE('',*,*,#814,.T.);
#1050=ORIENTED_EDGE('',*,*,#810,.T.);
#1051=ORIENTED_EDGE('',*,*,#773,.T.);
#1052=ORIENTED_EDGE('',*,*,#789,.F.);
#1053=ORIENTED_EDGE('',*,*,#815,.T.);
#1054=ORIENTED_EDGE('',*,*,#816,.T.);
#1055=ORIENTED_EDGE('',*,*,#817,.T.);
#1056=ORIENTED_EDGE('',*,*,#809,.T.);
#1057=ORIENTED_EDGE('',*,*,#818,.F.);
#1058=ORIENTED_EDGE('',*,*,#794,.F.);
#1059=ORIENTED_EDGE('',*,*,#780,.F.);
#1060=ORIENTED_EDGE('',*,*,#819,.T.);
#1061=ORIENTED_EDGE('',*,*,#820,.T.);
#1062=ORIENTED_EDGE('',*,*,#821,.F.);
#1063=ORIENTED_EDGE('',*,*,#822,.F.);
#1064=ORIENTED_EDGE('',*,*,#813,.F.);
#1065=ORIENTED_EDGE('',*,*,#815,.F.);
#1066=ORIENTED_EDGE('',*,*,#788,.F.);
#1067=ORIENTED_EDGE('',*,*,#823,.T.);
#1068=ORIENTED_EDGE('',*,*,#824,.T.);
#1069=ORIENTED_EDGE('',*,*,#825,.F.);
#1070=ORIENTED_EDGE('',*,*,#805,.T.);
#1071=ORIENTED_EDGE('',*,*,#826,.T.);
#1072=ORIENTED_EDGE('',*,*,#827,.F.);
#1073=ORIENTED_EDGE('',*,*,#814,.F.);
#1074=ORIENTED_EDGE('',*,*,#828,.F.);
#1075=ORIENTED_EDGE('',*,*,#829,.T.);
#1076=ORIENTED_EDGE('',*,*,#811,.T.);
#1077=ORIENTED_EDGE('',*,*,#822,.T.);
#1078=ORIENTED_EDGE('',*,*,#830,.F.);
#1079=ORIENTED_EDGE('',*,*,#831,.T.);
#1080=ORIENTED_EDGE('',*,*,#828,.T.);
#1081=ORIENTED_EDGE('',*,*,#832,.T.);
#1082=ORIENTED_EDGE('',*,*,#824,.F.);
#1083=ORIENTED_EDGE('',*,*,#833,.T.);
#1084=ORIENTED_EDGE('',*,*,#834,.T.);
#1085=ORIENTED_EDGE('',*,*,#825,.T.);
#1086=ORIENTED_EDGE('',*,*,#835,.F.);
#1087=ORIENTED_EDGE('',*,*,#836,.T.);
#1088=ORIENTED_EDGE('',*,*,#806,.T.);
#1089=ORIENTED_EDGE('',*,*,#804,.T.);
#1090=ORIENTED_EDGE('',*,*,#837,.F.);
#1091=ORIENTED_EDGE('',*,*,#838,.F.);
#1092=ORIENTED_EDGE('',*,*,#839,.F.);
#1093=ORIENTED_EDGE('',*,*,#840,.F.);
#1094=ORIENTED_EDGE('',*,*,#826,.F.);
#1095=ORIENTED_EDGE('',*,*,#803,.T.);
#1096=ORIENTED_EDGE('',*,*,#841,.F.);
#1097=ORIENTED_EDGE('',*,*,#842,.T.);
#1098=ORIENTED_EDGE('',*,*,#843,.T.);
#1099=ORIENTED_EDGE('',*,*,#844,.T.);
#1100=ORIENTED_EDGE('',*,*,#845,.F.);
#1101=ORIENTED_EDGE('',*,*,#846,.F.);
#1102=ORIENTED_EDGE('',*,*,#837,.T.);
#1103=ORIENTED_EDGE('',*,*,#802,.T.);
#1104=ORIENTED_EDGE('',*,*,#847,.F.);
#1105=ORIENTED_EDGE('',*,*,#848,.T.);
#1106=ORIENTED_EDGE('',*,*,#841,.T.);
#1107=ORIENTED_EDGE('',*,*,#849,.F.);
#1108=ORIENTED_EDGE('',*,*,#850,.F.);
#1109=ORIENTED_EDGE('',*,*,#782,.F.);
#1110=ORIENTED_EDGE('',*,*,#851,.F.);
#1111=ORIENTED_EDGE('',*,*,#831,.F.);
#1112=ORIENTED_EDGE('',*,*,#852,.T.);
#1113=ORIENTED_EDGE('',*,*,#842,.F.);
#1114=ORIENTED_EDGE('',*,*,#848,.F.);
#1115=ORIENTED_EDGE('',*,*,#853,.F.);
#1116=ORIENTED_EDGE('',*,*,#854,.F.);
#1117=ORIENTED_EDGE('',*,*,#778,.T.);
#1118=ORIENTED_EDGE('',*,*,#855,.T.);
#1119=ORIENTED_EDGE('',*,*,#856,.T.);
#1120=ORIENTED_EDGE('',*,*,#819,.F.);
#1121=ORIENTED_EDGE('',*,*,#783,.F.);
#1122=ORIENTED_EDGE('',*,*,#850,.T.);
#1123=ORIENTED_EDGE('',*,*,#843,.F.);
#1124=ORIENTED_EDGE('',*,*,#852,.F.);
#1125=ORIENTED_EDGE('',*,*,#830,.T.);
#1126=ORIENTED_EDGE('',*,*,#821,.T.);
#1127=ORIENTED_EDGE('',*,*,#857,.T.);
#1128=ORIENTED_EDGE('',*,*,#858,.F.);
#1129=ORIENTED_EDGE('',*,*,#834,.F.);
#1130=ORIENTED_EDGE('',*,*,#859,.T.);
#1131=ORIENTED_EDGE('',*,*,#860,.F.);
#1132=ORIENTED_EDGE('',*,*,#861,.F.);
#1133=ORIENTED_EDGE('',*,*,#844,.F.);
#1134=ORIENTED_EDGE('',*,*,#859,.F.);
#1135=ORIENTED_EDGE('',*,*,#833,.F.);
#1136=ORIENTED_EDGE('',*,*,#862,.F.);
#1137=ORIENTED_EDGE('',*,*,#779,.F.);
#1138=ORIENTED_EDGE('',*,*,#854,.T.);
#1139=ORIENTED_EDGE('',*,*,#801,.T.);
#1140=ORIENTED_EDGE('',*,*,#863,.F.);
#1141=ORIENTED_EDGE('',*,*,#864,.F.);
#1142=ORIENTED_EDGE('',*,*,#865,.T.);
#1143=ORIENTED_EDGE('',*,*,#860,.T.);
#1144=ORIENTED_EDGE('',*,*,#853,.T.);
#1145=ORIENTED_EDGE('',*,*,#849,.T.);
#1146=ORIENTED_EDGE('',*,*,#847,.T.);
#1147=ORIENTED_EDGE('',*,*,#862,.T.);
#1148=ORIENTED_EDGE('',*,*,#823,.F.);
#1149=ORIENTED_EDGE('',*,*,#787,.T.);
#1150=ORIENTED_EDGE('',*,*,#775,.T.);
#1151=ORIENTED_EDGE('',*,*,#812,.T.);
#1152=ORIENTED_EDGE('',*,*,#829,.F.);
#1153=ORIENTED_EDGE('',*,*,#851,.T.);
#1154=ORIENTED_EDGE('',*,*,#786,.T.);
#1155=ORIENTED_EDGE('',*,*,#816,.F.);
#1156=ORIENTED_EDGE('',*,*,#832,.F.);
#1157=ORIENTED_EDGE('',*,*,#858,.T.);
#1158=ORIENTED_EDGE('',*,*,#866,.T.);
#1159=ORIENTED_EDGE('',*,*,#855,.F.);
#1160=ORIENTED_EDGE('',*,*,#777,.F.);
#1161=ORIENTED_EDGE('',*,*,#820,.F.);
#1162=ORIENTED_EDGE('',*,*,#856,.F.);
#1163=ORIENTED_EDGE('',*,*,#866,.F.);
#1164=ORIENTED_EDGE('',*,*,#857,.F.);
#1165=ORIENTED_EDGE('',*,*,#861,.T.);
#1166=ORIENTED_EDGE('',*,*,#865,.F.);
#1167=ORIENTED_EDGE('',*,*,#867,.F.);
#1168=ORIENTED_EDGE('',*,*,#845,.T.);
#1169=ORIENTED_EDGE('',*,*,#800,.T.);
#1170=ORIENTED_EDGE('',*,*,#817,.F.);
#1171=ORIENTED_EDGE('',*,*,#793,.F.);
#1172=ORIENTED_EDGE('',*,*,#868,.F.);
#1173=ORIENTED_EDGE('',*,*,#863,.T.);
#1174=ORIENTED_EDGE('',*,*,#846,.T.);
#1175=ORIENTED_EDGE('',*,*,#869,.T.);
#1176=ORIENTED_EDGE('',*,*,#867,.T.);
#1177=ORIENTED_EDGE('',*,*,#870,.T.);
#1178=ORIENTED_EDGE('',*,*,#838,.T.);
#1179=ORIENTED_EDGE('',*,*,#871,.T.);
#1180=ORIENTED_EDGE('',*,*,#872,.T.);
#1181=ORIENTED_EDGE('',*,*,#835,.T.);
#1182=ORIENTED_EDGE('',*,*,#827,.T.);
#1183=ORIENTED_EDGE('',*,*,#840,.T.);
#1184=ORIENTED_EDGE('',*,*,#873,.F.);
#1185=ORIENTED_EDGE('',*,*,#874,.F.);
#1186=ORIENTED_EDGE('',*,*,#875,.T.);
#1187=ORIENTED_EDGE('',*,*,#876,.T.);
#1188=ORIENTED_EDGE('',*,*,#877,.T.);
#1189=ORIENTED_EDGE('',*,*,#864,.T.);
#1190=ORIENTED_EDGE('',*,*,#878,.T.);
#1191=ORIENTED_EDGE('',*,*,#808,.T.);
#1192=ORIENTED_EDGE('',*,*,#879,.F.);
#1193=ORIENTED_EDGE('',*,*,#880,.F.);
#1194=ORIENTED_EDGE('',*,*,#818,.T.);
#1195=ORIENTED_EDGE('',*,*,#807,.T.);
#1196=ORIENTED_EDGE('',*,*,#836,.F.);
#1197=ORIENTED_EDGE('',*,*,#881,.T.);
#1198=ORIENTED_EDGE('',*,*,#879,.T.);
#1199=ORIENTED_EDGE('',*,*,#868,.T.);
#1200=ORIENTED_EDGE('',*,*,#799,.T.);
#1201=ORIENTED_EDGE('',*,*,#798,.T.);
#1202=ORIENTED_EDGE('',*,*,#797,.T.);
#1203=ORIENTED_EDGE('',*,*,#796,.F.);
#1204=ORIENTED_EDGE('',*,*,#795,.F.);
#1205=ORIENTED_EDGE('',*,*,#880,.T.);
#1206=ORIENTED_EDGE('',*,*,#882,.T.);
#1207=ORIENTED_EDGE('',*,*,#883,.F.);
#1208=ORIENTED_EDGE('',*,*,#884,.T.);
#1209=ORIENTED_EDGE('',*,*,#885,.T.);
#1210=ORIENTED_EDGE('',*,*,#886,.T.);
#1211=ORIENTED_EDGE('',*,*,#887,.T.);
#1212=ORIENTED_EDGE('',*,*,#888,.T.);
#1213=ORIENTED_EDGE('',*,*,#889,.T.);
#1214=ORIENTED_EDGE('',*,*,#890,.T.);
#1215=ORIENTED_EDGE('',*,*,#890,.F.);
#1216=ORIENTED_EDGE('',*,*,#891,.F.);
#1217=ORIENTED_EDGE('',*,*,#892,.T.);
#1218=ORIENTED_EDGE('',*,*,#888,.F.);
#1219=ORIENTED_EDGE('',*,*,#893,.F.);
#1220=ORIENTED_EDGE('',*,*,#894,.F.);
#1221=ORIENTED_EDGE('',*,*,#895,.F.);
#1222=ORIENTED_EDGE('',*,*,#896,.T.);
#1223=ORIENTED_EDGE('',*,*,#897,.F.);
#1224=ORIENTED_EDGE('',*,*,#898,.T.);
#1225=ORIENTED_EDGE('',*,*,#899,.T.);
#1226=ORIENTED_EDGE('',*,*,#900,.T.);
#1227=ORIENTED_EDGE('',*,*,#901,.T.);
#1228=ORIENTED_EDGE('',*,*,#900,.F.);
#1229=ORIENTED_EDGE('',*,*,#902,.F.);
#1230=ORIENTED_EDGE('',*,*,#903,.F.);
#1231=ORIENTED_EDGE('',*,*,#904,.T.);
#1232=ORIENTED_EDGE('',*,*,#898,.F.);
#1233=ORIENTED_EDGE('',*,*,#905,.F.);
#1234=ORIENTED_EDGE('',*,*,#906,.F.);
#1235=ORIENTED_EDGE('',*,*,#907,.F.);
#1236=ORIENTED_EDGE('',*,*,#896,.F.);
#1237=ORIENTED_EDGE('',*,*,#908,.F.);
#1238=ORIENTED_EDGE('',*,*,#909,.F.);
#1239=ORIENTED_EDGE('',*,*,#901,.F.);
#1240=ORIENTED_EDGE('',*,*,#904,.F.);
#1241=ORIENTED_EDGE('',*,*,#910,.F.);
#1242=ORIENTED_EDGE('',*,*,#911,.F.);
#1243=ORIENTED_EDGE('',*,*,#912,.F.);
#1244=ORIENTED_EDGE('',*,*,#908,.T.);
#1245=ORIENTED_EDGE('',*,*,#902,.T.);
#1246=ORIENTED_EDGE('',*,*,#899,.F.);
#1247=ORIENTED_EDGE('',*,*,#907,.T.);
#1248=ORIENTED_EDGE('',*,*,#913,.T.);
#1249=ORIENTED_EDGE('',*,*,#893,.T.);
#1250=ORIENTED_EDGE('',*,*,#887,.F.);
#1251=ORIENTED_EDGE('',*,*,#914,.T.);
#1252=ORIENTED_EDGE('',*,*,#915,.F.);
#1253=ORIENTED_EDGE('',*,*,#916,.T.);
#1254=ORIENTED_EDGE('',*,*,#917,.T.);
#1255=ORIENTED_EDGE('',*,*,#906,.T.);
#1256=ORIENTED_EDGE('',*,*,#918,.F.);
#1257=ORIENTED_EDGE('',*,*,#894,.T.);
#1258=ORIENTED_EDGE('',*,*,#913,.F.);
#1259=ORIENTED_EDGE('',*,*,#919,.T.);
#1260=ORIENTED_EDGE('',*,*,#920,.T.);
#1261=ORIENTED_EDGE('',*,*,#921,.T.);
#1262=ORIENTED_EDGE('',*,*,#905,.T.);
#1263=ORIENTED_EDGE('',*,*,#897,.T.);
#1264=ORIENTED_EDGE('',*,*,#922,.F.);
#1265=ORIENTED_EDGE('',*,*,#889,.F.);
#1266=ORIENTED_EDGE('',*,*,#895,.T.);
#1267=ORIENTED_EDGE('',*,*,#918,.T.);
#1268=ORIENTED_EDGE('',*,*,#885,.F.);
#1269=ORIENTED_EDGE('',*,*,#892,.F.);
#1270=ORIENTED_EDGE('',*,*,#923,.F.);
#1271=ORIENTED_EDGE('',*,*,#924,.F.);
#1272=ORIENTED_EDGE('',*,*,#925,.F.);
#1273=ORIENTED_EDGE('',*,*,#926,.F.);
#1274=ORIENTED_EDGE('',*,*,#886,.F.);
#1275=ORIENTED_EDGE('',*,*,#926,.T.);
#1276=ORIENTED_EDGE('',*,*,#927,.F.);
#1277=ORIENTED_EDGE('',*,*,#914,.F.);
#1278=ORIENTED_EDGE('',*,*,#927,.T.);
#1279=ORIENTED_EDGE('',*,*,#925,.T.);
#1280=ORIENTED_EDGE('',*,*,#928,.T.);
#1281=ORIENTED_EDGE('',*,*,#929,.F.);
#1282=ORIENTED_EDGE('',*,*,#930,.T.);
#1283=ORIENTED_EDGE('',*,*,#915,.T.);
#1284=ORIENTED_EDGE('',*,*,#924,.T.);
#1285=ORIENTED_EDGE('',*,*,#931,.F.);
#1286=ORIENTED_EDGE('',*,*,#932,.F.);
#1287=ORIENTED_EDGE('',*,*,#928,.F.);
#1288=ORIENTED_EDGE('',*,*,#923,.T.);
#1289=ORIENTED_EDGE('',*,*,#933,.F.);
#1290=ORIENTED_EDGE('',*,*,#934,.F.);
#1291=ORIENTED_EDGE('',*,*,#931,.T.);
#1292=ORIENTED_EDGE('',*,*,#790,.F.);
#1293=ORIENTED_EDGE('',*,*,#935,.T.);
#1294=ORIENTED_EDGE('',*,*,#919,.F.);
#1295=ORIENTED_EDGE('',*,*,#935,.F.);
#1296=ORIENTED_EDGE('',*,*,#791,.F.);
#1297=ORIENTED_EDGE('',*,*,#936,.T.);
#1298=ORIENTED_EDGE('',*,*,#920,.F.);
#1299=ORIENTED_EDGE('',*,*,#936,.F.);
#1300=ORIENTED_EDGE('',*,*,#792,.F.);
#1301=ORIENTED_EDGE('',*,*,#937,.T.);
#1302=ORIENTED_EDGE('',*,*,#921,.F.);
#1303=ORIENTED_EDGE('',*,*,#937,.F.);
#1304=ORIENTED_EDGE('',*,*,#938,.F.);
#1305=ORIENTED_EDGE('',*,*,#939,.F.);
#1306=ORIENTED_EDGE('',*,*,#940,.F.);
#1307=ORIENTED_EDGE('',*,*,#941,.F.);
#1308=ORIENTED_EDGE('',*,*,#933,.T.);
#1309=ORIENTED_EDGE('',*,*,#891,.T.);
#1310=ORIENTED_EDGE('',*,*,#922,.T.);
#1311=ORIENTED_EDGE('',*,*,#909,.T.);
#1312=ORIENTED_EDGE('',*,*,#942,.T.);
#1313=ORIENTED_EDGE('',*,*,#912,.T.);
#1314=ORIENTED_EDGE('',*,*,#943,.T.);
#1315=ORIENTED_EDGE('',*,*,#944,.F.);
#1316=ORIENTED_EDGE('',*,*,#945,.F.);
#1317=ORIENTED_EDGE('',*,*,#942,.F.);
#1318=ORIENTED_EDGE('',*,*,#944,.T.);
#1319=ORIENTED_EDGE('',*,*,#946,.T.);
#1320=ORIENTED_EDGE('',*,*,#947,.F.);
#1321=ORIENTED_EDGE('',*,*,#948,.F.);
#1322=ORIENTED_EDGE('',*,*,#949,.T.);
#1323=ORIENTED_EDGE('',*,*,#950,.F.);
#1324=ORIENTED_EDGE('',*,*,#951,.F.);
#1325=ORIENTED_EDGE('',*,*,#945,.T.);
#1326=ORIENTED_EDGE('',*,*,#948,.T.);
#1327=ORIENTED_EDGE('',*,*,#952,.F.);
#1328=ORIENTED_EDGE('',*,*,#872,.F.);
#1329=ORIENTED_EDGE('',*,*,#953,.F.);
#1330=ORIENTED_EDGE('',*,*,#949,.F.);
#1331=ORIENTED_EDGE('',*,*,#940,.T.);
#1332=ORIENTED_EDGE('',*,*,#954,.F.);
#1333=ORIENTED_EDGE('',*,*,#882,.F.);
#1334=ORIENTED_EDGE('',*,*,#881,.F.);
#1335=ORIENTED_EDGE('',*,*,#954,.T.);
#1336=ORIENTED_EDGE('',*,*,#939,.T.);
#1337=ORIENTED_EDGE('',*,*,#955,.F.);
#1338=ORIENTED_EDGE('',*,*,#883,.T.);
#1339=ORIENTED_EDGE('',*,*,#951,.T.);
#1340=ORIENTED_EDGE('',*,*,#956,.T.);
#1341=ORIENTED_EDGE('',*,*,#957,.T.);
#1342=ORIENTED_EDGE('',*,*,#956,.F.);
#1343=ORIENTED_EDGE('',*,*,#950,.T.);
#1344=ORIENTED_EDGE('',*,*,#953,.T.);
#1345=ORIENTED_EDGE('',*,*,#871,.F.);
#1346=ORIENTED_EDGE('',*,*,#869,.F.);
#1347=ORIENTED_EDGE('',*,*,#870,.F.);
#1348=ORIENTED_EDGE('',*,*,#878,.F.);
#1349=ORIENTED_EDGE('',*,*,#884,.F.);
#1350=ORIENTED_EDGE('',*,*,#955,.T.);
#1351=ORIENTED_EDGE('',*,*,#938,.T.);
#1352=ORIENTED_EDGE('',*,*,#839,.T.);
#1353=ORIENTED_EDGE('',*,*,#877,.F.);
#1354=ORIENTED_EDGE('',*,*,#876,.F.);
#1355=ORIENTED_EDGE('',*,*,#875,.F.);
#1356=ORIENTED_EDGE('',*,*,#874,.T.);
#1357=ORIENTED_EDGE('',*,*,#873,.T.);
#1358=ORIENTED_EDGE('',*,*,#934,.T.);
#1359=ORIENTED_EDGE('',*,*,#941,.T.);
#1360=ORIENTED_EDGE('',*,*,#952,.T.);
#1361=ORIENTED_EDGE('',*,*,#947,.T.);
#1362=ORIENTED_EDGE('',*,*,#958,.T.);
#1363=ORIENTED_EDGE('',*,*,#959,.F.);
#1364=ORIENTED_EDGE('',*,*,#960,.T.);
#1365=ORIENTED_EDGE('',*,*,#929,.T.);
#1366=ORIENTED_EDGE('',*,*,#932,.T.);
#1367=ORIENTED_EDGE('',*,*,#911,.T.);
#1368=ORIENTED_EDGE('',*,*,#961,.F.);
#1369=ORIENTED_EDGE('',*,*,#958,.F.);
#1370=ORIENTED_EDGE('',*,*,#946,.F.);
#1371=ORIENTED_EDGE('',*,*,#943,.F.);
#1372=ORIENTED_EDGE('',*,*,#903,.T.);
#1373=ORIENTED_EDGE('',*,*,#917,.F.);
#1374=ORIENTED_EDGE('',*,*,#962,.T.);
#1375=ORIENTED_EDGE('',*,*,#959,.T.);
#1376=ORIENTED_EDGE('',*,*,#961,.T.);
#1377=ORIENTED_EDGE('',*,*,#910,.T.);
#1378=ORIENTED_EDGE('',*,*,#957,.F.);
#1379=ORIENTED_EDGE('',*,*,#963,.F.);
#1380=ORIENTED_EDGE('',*,*,#964,.F.);
#1381=ORIENTED_EDGE('',*,*,#965,.F.);
#1382=ORIENTED_EDGE('',*,*,#966,.F.);
#1383=ORIENTED_EDGE('',*,*,#967,.F.);
#1384=ORIENTED_EDGE('',*,*,#968,.F.);
#1385=ORIENTED_EDGE('',*,*,#969,.T.);
#1386=ORIENTED_EDGE('',*,*,#970,.F.);
#1387=ORIENTED_EDGE('',*,*,#971,.F.);
#1388=ORIENTED_EDGE('',*,*,#969,.F.);
#1389=ORIENTED_EDGE('',*,*,#972,.F.);
#1390=ORIENTED_EDGE('',*,*,#973,.F.);
#1391=ORIENTED_EDGE('',*,*,#974,.T.);
#1392=ORIENTED_EDGE('',*,*,#975,.F.);
#1393=ORIENTED_EDGE('',*,*,#976,.F.);
#1394=ORIENTED_EDGE('',*,*,#974,.F.);
#1395=ORIENTED_EDGE('',*,*,#977,.F.);
#1396=ORIENTED_EDGE('',*,*,#978,.F.);
#1397=ORIENTED_EDGE('',*,*,#979,.T.);
#1398=ORIENTED_EDGE('',*,*,#980,.F.);
#1399=ORIENTED_EDGE('',*,*,#981,.F.);
#1400=ORIENTED_EDGE('',*,*,#979,.F.);
#1401=ORIENTED_EDGE('',*,*,#982,.F.);
#1402=ORIENTED_EDGE('',*,*,#983,.F.);
#1403=ORIENTED_EDGE('',*,*,#984,.T.);
#1404=ORIENTED_EDGE('',*,*,#985,.F.);
#1405=ORIENTED_EDGE('',*,*,#986,.F.);
#1406=ORIENTED_EDGE('',*,*,#984,.F.);
#1407=ORIENTED_EDGE('',*,*,#962,.F.);
#1408=ORIENTED_EDGE('',*,*,#987,.T.);
#1409=ORIENTED_EDGE('',*,*,#988,.F.);
#1410=ORIENTED_EDGE('',*,*,#989,.F.);
#1411=ORIENTED_EDGE('',*,*,#960,.F.);
#1412=ORIENTED_EDGE('',*,*,#989,.T.);
#1413=ORIENTED_EDGE('',*,*,#990,.F.);
#1414=ORIENTED_EDGE('',*,*,#991,.F.);
#1415=ORIENTED_EDGE('',*,*,#930,.F.);
#1416=ORIENTED_EDGE('',*,*,#991,.T.);
#1417=ORIENTED_EDGE('',*,*,#992,.F.);
#1418=ORIENTED_EDGE('',*,*,#993,.F.);
#1419=ORIENTED_EDGE('',*,*,#916,.F.);
#1420=ORIENTED_EDGE('',*,*,#993,.T.);
#1421=ORIENTED_EDGE('',*,*,#994,.F.);
#1422=ORIENTED_EDGE('',*,*,#987,.F.);
#1423=ORIENTED_EDGE('',*,*,#970,.T.);
#1424=ORIENTED_EDGE('',*,*,#971,.T.);
#1425=ORIENTED_EDGE('',*,*,#975,.T.);
#1426=ORIENTED_EDGE('',*,*,#976,.T.);
#1427=ORIENTED_EDGE('',*,*,#980,.T.);
#1428=ORIENTED_EDGE('',*,*,#981,.T.);
#1429=ORIENTED_EDGE('',*,*,#985,.T.);
#1430=ORIENTED_EDGE('',*,*,#986,.T.);
#1431=ORIENTED_EDGE('',*,*,#995,.T.);
#1432=ORIENTED_EDGE('',*,*,#996,.T.);
#1433=ORIENTED_EDGE('',*,*,#997,.T.);
#1434=ORIENTED_EDGE('',*,*,#998,.T.);
#1435=ORIENTED_EDGE('',*,*,#988,.T.);
#1436=ORIENTED_EDGE('',*,*,#994,.T.);
#1437=ORIENTED_EDGE('',*,*,#992,.T.);
#1438=ORIENTED_EDGE('',*,*,#990,.T.);
#1439=ORIENTED_EDGE('',*,*,#966,.T.);
#1440=ORIENTED_EDGE('',*,*,#999,.T.);
#1441=ORIENTED_EDGE('',*,*,#995,.F.);
#1442=ORIENTED_EDGE('',*,*,#1000,.F.);
#1443=ORIENTED_EDGE('',*,*,#965,.T.);
#1444=ORIENTED_EDGE('',*,*,#1001,.T.);
#1445=ORIENTED_EDGE('',*,*,#996,.F.);
#1446=ORIENTED_EDGE('',*,*,#999,.F.);
#1447=ORIENTED_EDGE('',*,*,#964,.T.);
#1448=ORIENTED_EDGE('',*,*,#1002,.T.);
#1449=ORIENTED_EDGE('',*,*,#997,.F.);
#1450=ORIENTED_EDGE('',*,*,#1001,.F.);
#1451=ORIENTED_EDGE('',*,*,#963,.T.);
#1452=ORIENTED_EDGE('',*,*,#1000,.T.);
#1453=ORIENTED_EDGE('',*,*,#998,.F.);
#1454=ORIENTED_EDGE('',*,*,#1002,.F.);
#1455=ORIENTED_EDGE('',*,*,#967,.T.);
#1456=ORIENTED_EDGE('',*,*,#968,.T.);
#1457=ORIENTED_EDGE('',*,*,#972,.T.);
#1458=ORIENTED_EDGE('',*,*,#973,.T.);
#1459=ORIENTED_EDGE('',*,*,#977,.T.);
#1460=ORIENTED_EDGE('',*,*,#978,.T.);
#1461=ORIENTED_EDGE('',*,*,#982,.T.);
#1462=ORIENTED_EDGE('',*,*,#983,.T.);
#1463=PLANE('',#1621);
#1464=PLANE('',#1622);
#1465=PLANE('',#1623);
#1466=PLANE('',#1624);
#1467=PLANE('',#1625);
#1468=PLANE('',#1630);
#1469=PLANE('',#1632);
#1470=PLANE('',#1634);
#1471=PLANE('',#1635);
#1472=PLANE('',#1636);
#1473=PLANE('',#1637);
#1474=PLANE('',#1638);
#1475=PLANE('',#1639);
#1476=PLANE('',#1640);
#1477=PLANE('',#1641);
#1478=PLANE('',#1642);
#1479=PLANE('',#1643);
#1480=PLANE('',#1644);
#1481=PLANE('',#1645);
#1482=PLANE('',#1646);
#1483=PLANE('',#1647);
#1484=PLANE('',#1649);
#1485=PLANE('',#1650);
#1486=PLANE('',#1651);
#1487=PLANE('',#1653);
#1488=PLANE('',#1654);
#1489=PLANE('',#1655);
#1490=PLANE('',#1656);
#1491=PLANE('',#1657);
#1492=PLANE('',#1658);
#1493=PLANE('',#1660);
#1494=PLANE('',#1662);
#1495=PLANE('',#1665);
#1496=PLANE('',#1667);
#1497=PLANE('',#1668);
#1498=PLANE('',#1669);
#1499=PLANE('',#1671);
#1500=PLANE('',#1673);
#1501=PLANE('',#1674);
#1502=PLANE('',#1675);
#1503=PLANE('',#1677);
#1504=PLANE('',#1680);
#1505=PLANE('',#1681);
#1506=PLANE('',#1685);
#1507=PLANE('',#1689);
#1508=PLANE('',#1693);
#1509=PLANE('',#1694);
#1510=PLANE('',#1695);
#1511=PLANE('',#1699);
#1512=PLANE('',#1701);
#1513=PLANE('',#1702);
#1514=PLANE('',#1703);
#1515=PLANE('',#1704);
#1516=PLANE('',#1707);
#1517=PLANE('',#1708);
#1518=PLANE('',#1709);
#1519=PLANE('',#1712);
#1520=PLANE('',#1713);
#1521=PLANE('',#1714);
#1522=PLANE('',#1719);
#1523=ADVANCED_FACE('',(#133),#1463,.T.);
#1524=ADVANCED_FACE('',(#134),#1464,.T.);
#1525=ADVANCED_FACE('',(#135),#1465,.T.);
#1526=ADVANCED_FACE('',(#136),#1466,.T.);
#1527=ADVANCED_FACE('',(#137,#87,#88,#89),#1467,.T.);
#1528=ADVANCED_FACE('',(#138),#1468,.T.);
#1529=ADVANCED_FACE('',(#139,#90),#1469,.T.);
#1530=ADVANCED_FACE('',(#140),#1470,.T.);
#1531=ADVANCED_FACE('',(#141),#1471,.T.);
#1532=ADVANCED_FACE('',(#142),#1472,.T.);
#1533=ADVANCED_FACE('',(#143),#1473,.F.);
#1534=ADVANCED_FACE('',(#144),#1474,.T.);
#1535=ADVANCED_FACE('',(#145),#1475,.T.);
#1536=ADVANCED_FACE('',(#146),#1476,.T.);
#1537=ADVANCED_FACE('',(#147),#1477,.T.);
#1538=ADVANCED_FACE('',(#148),#1478,.T.);
#1539=ADVANCED_FACE('',(#149),#1479,.T.);
#1540=ADVANCED_FACE('',(#150),#1480,.T.);
#1541=ADVANCED_FACE('',(#151),#1481,.T.);
#1542=ADVANCED_FACE('',(#152),#1482,.T.);
#1543=ADVANCED_FACE('',(#153),#1483,.F.);
#1544=ADVANCED_FACE('',(#154),#1484,.F.);
#1545=ADVANCED_FACE('',(#155),#1485,.F.);
#1546=ADVANCED_FACE('',(#156),#1486,.F.);
#1547=ADVANCED_FACE('',(#157),#1487,.T.);
#1548=ADVANCED_FACE('',(#158),#25,.T.);
#1549=ADVANCED_FACE('',(#159),#26,.T.);
#1550=ADVANCED_FACE('',(#160),#1488,.F.);
#1551=ADVANCED_FACE('',(#161),#1489,.F.);
#1552=ADVANCED_FACE('',(#162),#1490,.T.);
#1553=ADVANCED_FACE('',(#163),#1491,.T.);
#1554=ADVANCED_FACE('',(#164),#1492,.T.);
#1555=ADVANCED_FACE('',(#165),#1493,.T.);
#1556=ADVANCED_FACE('',(#166),#1494,.T.);
#1557=ADVANCED_FACE('',(#167),#1495,.T.);
#1558=ADVANCED_FACE('',(#168),#1496,.T.);
#1559=ADVANCED_FACE('',(#169),#1497,.T.);
#1560=ADVANCED_FACE('',(#170),#1498,.T.);
#1561=ADVANCED_FACE('',(#171),#1499,.T.);
#1562=ADVANCED_FACE('',(#172),#1500,.T.);
#1563=ADVANCED_FACE('',(#173),#1501,.T.);
#1564=ADVANCED_FACE('',(#174),#1502,.T.);
#1565=ADVANCED_FACE('',(#175),#1503,.T.);
#1566=ADVANCED_FACE('',(#176),#1504,.T.);
#1567=ADVANCED_FACE('',(#177),#1505,.T.);
#1568=ADVANCED_FACE('',(#178),#15,.T.);
#1569=ADVANCED_FACE('',(#179),#27,.F.);
#1570=ADVANCED_FACE('',(#180,#91,#92,#93),#1506,.F.);
#1571=ADVANCED_FACE('',(#181),#1507,.T.);
#1572=ADVANCED_FACE('',(#182),#16,.T.);
#1573=ADVANCED_FACE('',(#183),#1508,.T.);
#1574=ADVANCED_FACE('',(#184),#28,.F.);
#1575=ADVANCED_FACE('',(#185),#1509,.F.);
#1576=ADVANCED_FACE('',(#186),#1510,.T.);
#1577=ADVANCED_FACE('',(#187),#17,.F.);
#1578=ADVANCED_FACE('',(#188),#18,.F.);
#1579=ADVANCED_FACE('',(#189),#19,.F.);
#1580=ADVANCED_FACE('',(#190),#1511,.T.);
#1581=ADVANCED_FACE('',(#191),#1512,.T.);
#1582=ADVANCED_FACE('',(#192),#1513,.T.);
#1583=ADVANCED_FACE('',(#193),#1514,.F.);
#1584=ADVANCED_FACE('',(#194),#1515,.F.);
#1585=ADVANCED_FACE('',(#195),#1516,.F.);
#1586=ADVANCED_FACE('',(#196),#1517,.F.);
#1587=ADVANCED_FACE('',(#197),#1518,.T.);
#1588=ADVANCED_FACE('',(#198),#20,.T.);
#1589=ADVANCED_FACE('',(#199),#1519,.T.);
#1590=ADVANCED_FACE('',(#200),#29,.F.);
#1591=ADVANCED_FACE('',(#201),#1520,.F.);
#1592=ADVANCED_FACE('',(#202),#30,.F.);
#1593=ADVANCED_FACE('',(#203,#94),#1521,.F.);
#1594=ADVANCED_FACE('',(#204),#21,.F.);
#1595=ADVANCED_FACE('',(#205),#22,.F.);
#1596=ADVANCED_FACE('',(#206),#23,.F.);
#1597=ADVANCED_FACE('',(#207),#24,.F.);
#1598=ADVANCED_FACE('',(#208),#31,.F.);
#1599=ADVANCED_FACE('',(#209),#32,.F.);
#1600=ADVANCED_FACE('',(#210),#33,.F.);
#1601=ADVANCED_FACE('',(#211,#95,#96,#97,#98),#34,.F.);
#1602=ADVANCED_FACE('',(#212,#99),#1522,.T.);
#1603=ADVANCED_FACE('',(#213),#35,.T.);
#1604=ADVANCED_FACE('',(#214),#36,.T.);
#1605=ADVANCED_FACE('',(#215),#37,.T.);
#1606=ADVANCED_FACE('',(#216,#100,#101,#102,#103),#38,.T.);
#1607=CLOSED_SHELL('',(#1523,#1524,#1525,#1526,#1527,#1528,#1529,#1530,
#1531,#1532,#1533,#1534,#1535,#1536,#1537,#1538,#1539,#1540,#1541,#1542,
#1543,#1544,#1545,#1546,#1547,#1548,#1549,#1550,#1551,#1552,#1553,#1554,
#1555,#1556,#1557,#1558,#1559,#1560,#1561,#1562,#1563,#1564,#1565,#1566,
#1567,#1568,#1569,#1570,#1571,#1572,#1573,#1574,#1575,#1576,#1577,#1578,
#1579,#1580,#1581,#1582,#1583,#1584,#1585,#1586,#1587,#1588,#1589,#1590,
#1591,#1592,#1593,#1594,#1595,#1596,#1597,#1598,#1599,#1600,#1601,#1602,
#1603,#1604,#1605,#1606));
#1608=DERIVED_UNIT_ELEMENT(#1610,1.);
#1609=DERIVED_UNIT_ELEMENT(#3623,-3.);
#1610=(
MASS_UNIT()
NAMED_UNIT(*)
SI_UNIT(.KILO.,.GRAM.)
);
#1611=DERIVED_UNIT((#1608,#1609));
#1612=MEASURE_REPRESENTATION_ITEM('density measure',
POSITIVE_RATIO_MEASURE(7850.),#1611);
#1613=PROPERTY_DEFINITION_REPRESENTATION(#1618,#1615);
#1614=PROPERTY_DEFINITION_REPRESENTATION(#1619,#1616);
#1615=REPRESENTATION('material name',(#1617),#3620);
#1616=REPRESENTATION('density',(#1612),#3620);
#1617=DESCRIPTIVE_REPRESENTATION_ITEM('A\X\E7o','A\X\E7o');
#1618=PROPERTY_DEFINITION('material property','material name',#3630);
#1619=PROPERTY_DEFINITION('material property','density of part',#3630);
#1620=AXIS2_PLACEMENT_3D('',#2073,#1720,#1721);
#1621=AXIS2_PLACEMENT_3D('',#2074,#1722,#1723);
#1622=AXIS2_PLACEMENT_3D('',#2083,#1728,#1729);
#1623=AXIS2_PLACEMENT_3D('',#2089,#1733,#1734);
#1624=AXIS2_PLACEMENT_3D('',#2098,#1739,#1740);
#1625=AXIS2_PLACEMENT_3D('',#2104,#1744,#1745);
#1626=AXIS2_PLACEMENT_3D('',#2106,#1746,#1747);
#1627=AXIS2_PLACEMENT_3D('',#2111,#1750,#1751);
#1628=AXIS2_PLACEMENT_3D('',#2113,#1752,#1753);
#1629=AXIS2_PLACEMENT_3D('',#2115,#1754,#1755);
#1630=AXIS2_PLACEMENT_3D('',#2116,#1756,#1757);
#1631=AXIS2_PLACEMENT_3D('',#2127,#1762,#1763);
#1632=AXIS2_PLACEMENT_3D('',#2143,#1764,#1765);
#1633=AXIS2_PLACEMENT_3D('',#2168,#1778,#1779);
#1634=AXIS2_PLACEMENT_3D('',#2169,#1780,#1781);
#1635=AXIS2_PLACEMENT_3D('',#2173,#1784,#1785);
#1636=AXIS2_PLACEMENT_3D('',#2177,#1788,#1789);
#1637=AXIS2_PLACEMENT_3D('',#2180,#1792,#1793);
#1638=AXIS2_PLACEMENT_3D('',#2188,#1798,#1799);
#1639=AXIS2_PLACEMENT_3D('',#2192,#1802,#1803);
#1640=AXIS2_PLACEMENT_3D('',#2198,#1807,#1808);
#1641=AXIS2_PLACEMENT_3D('',#2202,#1811,#1812);
#1642=AXIS2_PLACEMENT_3D('',#2206,#1815,#1816);
#1643=AXIS2_PLACEMENT_3D('',#2212,#1820,#1821);
#1644=AXIS2_PLACEMENT_3D('',#2216,#1824,#1825);
#1645=AXIS2_PLACEMENT_3D('',#2224,#1830,#1831);
#1646=AXIS2_PLACEMENT_3D('',#2236,#1838,#1839);
#1647=AXIS2_PLACEMENT_3D('',#2240,#1842,#1843);
#1648=AXIS2_PLACEMENT_3D('',#2244,#1846,#1847);
#1649=AXIS2_PLACEMENT_3D('',#2246,#1849,#1850);
#1650=AXIS2_PLACEMENT_3D('',#2253,#1855,#1856);
#1651=AXIS2_PLACEMENT_3D('',#2258,#1860,#1861);
#1652=AXIS2_PLACEMENT_3D('',#2262,#1864,#1865);
#1653=AXIS2_PLACEMENT_3D('',#2263,#1866,#1867);
#1654=AXIS2_PLACEMENT_3D('',#2293,#1871,#1872);
#1655=AXIS2_PLACEMENT_3D('',#2295,#1874,#1875);
#1656=AXIS2_PLACEMENT_3D('',#2296,#1876,#1877);
#1657=AXIS2_PLACEMENT_3D('',#2298,#1879,#1880);
#1658=AXIS2_PLACEMENT_3D('',#2300,#1882,#1883);
#1659=AXIS2_PLACEMENT_3D('',#2301,#1884,#1885);
#1660=AXIS2_PLACEMENT_3D('',#2302,#1886,#1887);
#1661=AXIS2_PLACEMENT_3D('',#2303,#1888,#1889);
#1662=AXIS2_PLACEMENT_3D('',#2304,#1890,#1891);
#1663=AXIS2_PLACEMENT_3D('',#2306,#1892,#1893);
#1664=AXIS2_PLACEMENT_3D('',#2313,#1897,#1898);
#1665=AXIS2_PLACEMENT_3D('',#2329,#1899,#1900);
#1666=AXIS2_PLACEMENT_3D('',#2330,#1901,#1902);
#1667=AXIS2_PLACEMENT_3D('',#2331,#1903,#1904);
#1668=AXIS2_PLACEMENT_3D('',#2335,#1907,#1908);
#1669=AXIS2_PLACEMENT_3D('',#2337,#1910,#1911);
#1670=AXIS2_PLACEMENT_3D('',#2342,#1914,#1915);
#1671=AXIS2_PLACEMENT_3D('',#2343,#1916,#1917);
#1672=AXIS2_PLACEMENT_3D('',#2346,#1918,#1919);
#1673=AXIS2_PLACEMENT_3D('',#2361,#1924,#1925);
#1674=AXIS2_PLACEMENT_3D('',#2365,#1928,#1929);
#1675=AXIS2_PLACEMENT_3D('',#2371,#1933,#1934);
#1676=AXIS2_PLACEMENT_3D('',#2388,#1939,#1940);
#1677=AXIS2_PLACEMENT_3D('',#2389,#1941,#1942);
#1678=AXIS2_PLACEMENT_3D('',#2391,#1943,#1944);
#1679=AXIS2_PLACEMENT_3D('',#2400,#1945,#1946);
#1680=AXIS2_PLACEMENT_3D('',#2401,#1947,#1948);
#1681=AXIS2_PLACEMENT_3D('',#2407,#1952,#1953);
#1682=AXIS2_PLACEMENT_3D('',#2411,#1956,#1957);
#1683=AXIS2_PLACEMENT_3D('',#2415,#1959,#1960);
#1684=AXIS2_PLACEMENT_3D('',#2453,#1962,#1963);
#1685=AXIS2_PLACEMENT_3D('',#2472,#1966,#1967);
#1686=AXIS2_PLACEMENT_3D('',#2475,#1969,#1970);
#1687=AXIS2_PLACEMENT_3D('',#2477,#1971,#1972);
#1688=AXIS2_PLACEMENT_3D('',#2479,#1973,#1974);
#1689=AXIS2_PLACEMENT_3D('',#2480,#1975,#1976);
#1690=AXIS2_PLACEMENT_3D('',#2482,#1978,#1979);
#1691=AXIS2_PLACEMENT_3D('',#2486,#1981,#1982);
#1692=AXIS2_PLACEMENT_3D('',#2489,#1984,#1985);
#1693=AXIS2_PLACEMENT_3D('',#2490,#1986,#1987);
#1694=AXIS2_PLACEMENT_3D('',#2541,#1989,#1990);
#1695=AXIS2_PLACEMENT_3D('',#2554,#1992,#1993);
#1696=AXIS2_PLACEMENT_3D('',#2563,#1995,#1996);
#1697=AXIS2_PLACEMENT_3D('',#2565,#1998,#1999);
#1698=AXIS2_PLACEMENT_3D('',#2567,#2001,#2002);
#1699=AXIS2_PLACEMENT_3D('',#2569,#2004,#2005);
#1700=AXIS2_PLACEMENT_3D('',#2572,#2006,#2007);
#1701=AXIS2_PLACEMENT_3D('',#2576,#2010,#2011);
#1702=AXIS2_PLACEMENT_3D('',#2622,#2013,#2014);
#1703=AXIS2_PLACEMENT_3D('',#2628,#2018,#2019);
#1704=AXIS2_PLACEMENT_3D('',#2634,#2023,#2024);
#1705=AXIS2_PLACEMENT_3D('',#2638,#2026,#2027);
#1706=AXIS2_PLACEMENT_3D('',#2639,#2028,#2029);
#1707=AXIS2_PLACEMENT_3D('',#2640,#2030,#2031);
#1708=AXIS2_PLACEMENT_3D('',#2647,#2032,#2033);
#1709=AXIS2_PLACEMENT_3D('',#2650,#2036,#2037);
#1710=AXIS2_PLACEMENT_3D('',#2652,#2039,#2040);
#1711=AXIS2_PLACEMENT_3D('',#2655,#2042,#2043);
#1712=AXIS2_PLACEMENT_3D('',#2656,#2044,#2045);
#1713=AXIS2_PLACEMENT_3D('',#2709,#2047,#2048);
#1714=AXIS2_PLACEMENT_3D('',#2750,#2049,#2050);
#1715=AXIS2_PLACEMENT_3D('',#2803,#2051,#2052);
#1716=AXIS2_PLACEMENT_3D('',#2901,#2054,#2055);
#1717=AXIS2_PLACEMENT_3D('',#3005,#2057,#2058);
#1718=AXIS2_PLACEMENT_3D('',#3103,#2060,#2061);
#1719=AXIS2_PLACEMENT_3D('',#3501,#2063,#2064);
#1720=DIRECTION('axis',(0.,0.,1.));
#1721=DIRECTION('refdir',(1.,0.,0.));
#1722=DIRECTION('center_axis',(2.37004052668077E-10,-4.15449532414902E-11,
1.));
#1723=DIRECTION('ref_axis',(-0.351184710638368,0.936306199388771,1.221309961334E-10));
#1724=DIRECTION('',(-0.351184710638368,0.936306199388771,1.221309961334E-10));
#1725=DIRECTION('',(-0.936306199388771,-0.351184710638368,2.07318411570012E-10));
#1726=DIRECTION('',(0.351184710638368,-0.936306199388771,-1.221309961334E-10));
#1727=DIRECTION('',(0.936306197730164,0.351184715060442,-2.07318411570012E-10));
#1728=DIRECTION('center_axis',(0.351184710638368,-0.936306199388771,-7.77598786534245E-11));
#1729=DIRECTION('ref_axis',(2.21421587662252E-10,-3.52365706057789E-18,
1.));
#1730=DIRECTION('',(-2.21421585060166E-10,4.33680868994201E-18,-1.));
#1731=DIRECTION('',(-0.936306199388771,-0.351184710638368,2.07318411570012E-10));
#1732=DIRECTION('',(2.21421585060166E-10,-4.33680868994201E-18,1.));
#1733=DIRECTION('center_axis',(-0.351184710638368,0.936306199388771,7.77598786534245E-11));
#1734=DIRECTION('ref_axis',(-2.21421587662252E-10,3.52365706057789E-18,
-1.));
#1735=DIRECTION('',(2.21421585060166E-10,-4.33680868994201E-18,1.));
#1736=DIRECTION('',(-0.936306199388771,-0.351184710638368,2.07318411570012E-10));
#1737=DIRECTION('',(-2.21421585060166E-10,4.33680868994201E-18,-1.));
#1738=DIRECTION('',(-0.936306199388771,-0.351184710638368,2.07318411570012E-10));
#1739=DIRECTION('center_axis',(2.37004052668077E-10,-4.15449532414902E-11,
1.));
#1740=DIRECTION('ref_axis',(-0.351184710638368,0.936306199388771,1.221309961334E-10));
#1741=DIRECTION('',(-0.351184710638368,0.936306199388771,1.221309961334E-10));
#1742=DIRECTION('',(-0.936306199388771,-0.351184710638368,2.07318411570012E-10));
#1743=DIRECTION('',(0.351184710638368,-0.936306199388771,-1.221309961334E-10));
#1744=DIRECTION('center_axis',(0.351184715060442,-0.936306197730164,-2.7894677425763E-11));
#1745=DIRECTION('ref_axis',(3.60146635821137E-10,1.64874132413135E-10,-1.));
#1746=DIRECTION('center_axis',(-0.351184715060439,0.936306197730165,2.78943974745746E-11));
#1747=DIRECTION('ref_axis',(0.00779223265579171,0.00292266887012967,0.999965368958802));
#1748=DIRECTION('',(-0.936306197730164,-0.351184715060442,2.07318391620692E-10));
#1749=DIRECTION('',(-1.9961688552117E-12,2.90435479485818E-11,-1.));
#1750=DIRECTION('center_axis',(-0.351184715060442,0.936306197730164,2.7894677425763E-11));
#1751=DIRECTION('ref_axis',(-2.03909688827451E-10,-4.66890936809644E-11,
-1.));
#1752=DIRECTION('center_axis',(-0.351184715060442,0.936306197730164,2.7894677425763E-11));
#1753=DIRECTION('ref_axis',(-2.03909688827451E-10,-4.66890936809644E-11,
-1.));
#1754=DIRECTION('center_axis',(-0.351184715060442,0.936306197730164,2.7894677425763E-11));
#1755=DIRECTION('ref_axis',(-2.03909688827451E-10,-4.66890936809644E-11,
-1.));
#1756=DIRECTION('center_axis',(0.351184715060442,-0.936306197730164,-2.7894677425763E-11));
#1757=DIRECTION('ref_axis',(3.60146635821137E-10,1.64874132413135E-10,-1.));
#1758=DIRECTION('',(-0.936306197730164,-0.351184715060442,2.07318411570012E-10));
#1759=DIRECTION('',(-1.9961688552117E-12,2.90435479485818E-11,-1.));
#1760=DIRECTION('',(-1.9961688552117E-12,2.90435479485818E-11,-1.));
#1761=DIRECTION('',(-0.936306197730164,-0.351184715060442,3.53606033343112E-14));
#1762=DIRECTION('center_axis',(-0.351184721329621,0.936306195378754,1.35317071866995E-14));
#1763=DIRECTION('ref_axis',(0.609501803428039,0.228608677421151,0.759108440359953));
#1764=DIRECTION('center_axis',(0.351184710638368,-0.936306199388771,-1.2213095867486E-10));
#1765=DIRECTION('ref_axis',(-2.37004032935598E-10,4.1544920715425E-11,-1.));
#1766=DIRECTION('',(-0.936306199388771,-0.351184710638368,2.07318862598116E-10));
#1767=DIRECTION('',(-0.175538527383014,-0.0658400498310992,-0.982268452737051));
#1768=DIRECTION('',(-2.37004030984034E-10,4.15449215827867E-11,-1.));
#1769=DIRECTION('',(0.171268955418014,0.0642386419198608,-0.983127835937074));
#1770=DIRECTION('',(0.936306199388771,0.351184710638368,-2.07317951868291E-10));
#1771=DIRECTION('',(2.37004030984034E-10,-4.15449215827867E-11,1.));
#1772=DIRECTION('',(0.936306199388771,0.351184710638368,-2.07318402029033E-10));
#1773=DIRECTION('',(-2.82599195780553E-11,-1.41038818644856E-10,1.));
#1774=DIRECTION('',(-0.936306199388771,-0.351184710638368,2.07318402029033E-10));
#1775=DIRECTION('',(-2.3700406914795E-10,4.15450239314718E-11,-1.));
#1776=DIRECTION('',(-2.3700406914795E-10,4.15450239314718E-11,-1.));
#1777=DIRECTION('',(-0.936306199388771,-0.351184710638368,2.07318402029033E-10));
#1778=DIRECTION('center_axis',(0.351184721329621,-0.936306195378754,-1.35317071866995E-14));
#1779=DIRECTION('ref_axis',(-0.00779223262609899,-0.00292266894828315,-0.999965368958805));
#1780=DIRECTION('center_axis',(0.936306199388771,0.351184710638368,-2.07318402029033E-10));
#1781=DIRECTION('ref_axis',(2.37004028598789E-10,-4.15449185470207E-11,
1.));
#1782=DIRECTION('',(2.21421585060166E-10,-4.33680868994201E-18,1.));
#1783=DIRECTION('',(0.351184710638368,-0.936306199388771,-1.221309961334E-10));
#1784=DIRECTION('center_axis',(0.936306199388771,0.351184710638368,-2.07318402029033E-10));
#1785=DIRECTION('ref_axis',(2.37004028598789E-10,-4.15449185470207E-11,
1.));
#1786=DIRECTION('',(0.351184710638368,-0.936306199388771,-1.221309961334E-10));
#1787=DIRECTION('',(-2.21421585060166E-10,4.33680868994201E-18,-1.));
#1788=DIRECTION('center_axis',(0.936306199388771,0.351184710638368,-2.07318402029033E-10));
#1789=DIRECTION('ref_axis',(2.37004028598789E-10,-4.15449185470207E-11,
1.));
#1790=DIRECTION('',(0.351184710638368,-0.936306199388771,-1.221309961334E-10));
#1791=DIRECTION('',(0.351184710638368,-0.936306199388771,-1.221309961334E-10));
#1792=DIRECTION('center_axis',(0.351184721329621,-0.936306195378753,-7.77598810206987E-11));
#1793=DIRECTION('ref_axis',(2.21421586578049E-10,-3.79470760369926E-18,
1.));
#1794=DIRECTION('',(-0.936306195378753,-0.351184721329621,2.07318351722052E-10));
#1795=DIRECTION('',(2.21421585060166E-10,-4.33680868994201E-18,1.));
#1796=DIRECTION('',(-0.936306195378753,-0.351184721329621,2.07318351722052E-10));
#1797=DIRECTION('',(2.21421585060166E-10,-4.33680868994201E-18,1.));
#1798=DIRECTION('center_axis',(-2.3700404399446E-10,4.15449567109371E-11,
-1.));
#1799=DIRECTION('ref_axis',(0.351184710638368,-0.936306199388771,-1.221309961334E-10));
#1800=DIRECTION('',(0.351184710638368,-0.936306199388771,-1.221309961334E-10));
#1801=DIRECTION('',(-0.936306199388771,-0.351184710638368,2.07318402029033E-10));
#1802=DIRECTION('center_axis',(-0.936306199388771,-0.351184710638368,2.07318402029033E-10));
#1803=DIRECTION('ref_axis',(1.94118256625214E-10,7.27943847236324E-11,1.));
#1804=DIRECTION('',(-0.351184710638368,0.936306199388771,1.221309961334E-10));
#1805=DIRECTION('',(-0.351184710638368,0.936306199388771,1.221309961334E-10));
#1806=DIRECTION('',(1.94118255324171E-10,7.27943846694223E-11,1.));
#1807=DIRECTION('center_axis',(-2.3700404399446E-10,4.15449567109371E-11,
-1.));
#1808=DIRECTION('ref_axis',(0.351184710638368,-0.936306199388771,-1.221309961334E-10));
#1809=DIRECTION('',(-0.936306199388771,-0.351184710638368,2.07318402029033E-10));
#1810=DIRECTION('',(0.351184710638368,-0.936306199388771,-1.221309961334E-10));
#1811=DIRECTION('center_axis',(-0.351184710638368,0.936306199388771,7.77598786534245E-11));
#1812=DIRECTION('ref_axis',(-2.21421587662252E-10,3.52365706057789E-18,
-1.));
#1813=DIRECTION('',(-0.936306199388771,-0.351184710638368,2.07318402029033E-10));
#1814=DIRECTION('',(-2.21421585060166E-10,4.33680868994201E-18,-1.));
#1815=DIRECTION('center_axis',(0.351184710638368,-0.936306199388771,-7.77598786534245E-11));
#1816=DIRECTION('ref_axis',(2.21421587662252E-10,-3.52365706057789E-18,
1.));
#1817=DIRECTION('',(-2.21421585060166E-10,4.33680868994201E-18,-1.));
#1818=DIRECTION('',(2.21421585060166E-10,-4.33680868994201E-18,1.));
#1819=DIRECTION('',(-0.936306199388771,-0.351184710638368,2.07318402029033E-10));
#1820=DIRECTION('center_axis',(2.3700404399446E-10,-4.15449567109371E-11,
1.));
#1821=DIRECTION('ref_axis',(-0.936306199388771,-0.351184710638368,2.07318405064799E-10));
#1822=DIRECTION('',(0.936306195378753,0.351184721329621,-2.07318402029033E-10));
#1823=DIRECTION('',(0.351184710638368,-0.936306199388771,-1.221309961334E-10));
#1824=DIRECTION('center_axis',(2.37003622456655E-10,-4.15451150044543E-11,
1.));
#1825=DIRECTION('ref_axis',(-0.936306199388773,-0.351184710638364,2.07317955120898E-10));
#1826=DIRECTION('',(0.351184710638368,-0.936306199388771,-1.221309961334E-10));
#1827=DIRECTION('',(0.936306195378753,0.351184721329621,-2.07318391620692E-10));
#1828=DIRECTION('',(0.936306197730164,0.351184715060442,-2.07318391620692E-10));
#1829=DIRECTION('',(0.936306195378753,0.351184721329621,-2.07318391620692E-10));
#1830=DIRECTION('center_axis',(0.920508687587395,0.345259464563169,0.182919813595154));
#1831=DIRECTION('ref_axis',(-0.171268955418014,-0.0642386419198608,0.983127835937074));
#1832=DIRECTION('',(0.351184710638368,-0.936306199388771,-1.221309961334E-10));
#1833=DIRECTION('',(-0.171268954699822,-0.0642386438346588,0.983127835937074));
#1834=DIRECTION('',(-0.351184710630638,0.936306199391671,7.77598790996182E-11));
#1835=DIRECTION('',(0.171268954699822,0.0642386438346588,-0.983127835937074));
#1836=DIRECTION('',(0.351184710638368,-0.936306199388771,-1.221309961334E-10));
#1837=DIRECTION('',(0.171268954726664,0.0642386437630926,-0.983127835937074));
#1838=DIRECTION('center_axis',(0.936306199388771,0.351184710638368,-2.07318402029033E-10));
#1839=DIRECTION('ref_axis',(2.37004028598789E-10,-4.15449166496669E-11,
1.));
#1840=DIRECTION('',(0.351184710638368,-0.936306199388771,-1.221309961334E-10));
#1841=DIRECTION('',(2.21421585060166E-10,-4.33680868994201E-18,1.));
#1842=DIRECTION('center_axis',(0.351184721329621,-0.936306195378753,-7.77598810206987E-11));
#1843=DIRECTION('ref_axis',(-2.21421586578049E-10,3.79470760369926E-18,
-1.));
#1844=DIRECTION('',(0.175538526615911,0.0658400518763017,0.982268452737051));
#1845=DIRECTION('',(0.936306195378753,0.351184721329621,-2.07318351722052E-10));
#1846=DIRECTION('center_axis',(-0.351184721329683,0.93630619537873,1.35317072004901E-14));
#1847=DIRECTION('ref_axis',(0.00779223262497986,0.00292266894786399,0.999965368958815));
#1848=DIRECTION('',(0.936306195378753,0.351184721329621,-2.07318351722052E-10));
#1849=DIRECTION('center_axis',(-2.21421539089994E-10,2.25514051876985E-17,
-1.));
#1850=DIRECTION('ref_axis',(-0.351184721329621,0.936306195378753,7.77598814686037E-11));
#1851=DIRECTION('',(0.351184710646297,-0.936306199385797,-7.77598791030855E-11));
#1852=DIRECTION('',(0.936306195378753,0.351184721329621,-2.07318351722052E-10));
#1853=DIRECTION('',(-0.936306195378753,-0.351184721329621,2.07318351722052E-10));
#1854=DIRECTION('',(0.351184721329621,-0.936306195378753,-7.77598814686036E-11));
#1855=DIRECTION('center_axis',(2.21421539089994E-10,-2.25514051876985E-17,
1.));
#1856=DIRECTION('ref_axis',(0.351184721329621,-0.936306195378753,-7.77598814686037E-11));
#1857=DIRECTION('',(-0.351184721329621,0.936306195378753,7.77598814686036E-11));
#1858=DIRECTION('',(-0.936306195378753,-0.351184721329621,2.07318351722052E-10));
#1859=DIRECTION('',(0.936306195378753,0.351184721329621,-2.07318351722052E-10));
#1860=DIRECTION('center_axis',(-0.351184721329621,0.936306195378753,7.77598810206987E-11));
#1861=DIRECTION('ref_axis',(2.21421586578049E-10,-3.79470760369926E-18,
1.));
#1862=DIRECTION('',(-0.175538526615911,-0.0658400518763017,-0.982268452737051));
#1863=DIRECTION('',(-2.21421585060166E-10,4.33680868994201E-18,-1.));
#1864=DIRECTION('center_axis',(0.351184721329621,-0.936306195378754,-1.35317071866995E-14));
#1865=DIRECTION('ref_axis',(-0.00779223262500931,-0.00292266894787444,-0.999965368958815));
#1866=DIRECTION('center_axis',(0.919704041753676,0.344957662365098,-0.187479830268642));
#1867=DIRECTION('ref_axis',(0.175538527383015,0.0658400498310991,0.982268452737052));
#1868=DIRECTION('',(0.351184710638368,-0.936306199388771,-1.221309961334E-10));
#1869=DIRECTION('',(-0.175538526589092,-0.0658400519478053,-0.982268452737051));
#1870=DIRECTION('',(0.351184710638368,-0.936306199388771,-1.221309961334E-10));
#1871=DIRECTION('center_axis',(-0.351184721329621,0.936306195378753,7.77598810206987E-11));
#1872=DIRECTION('ref_axis',(-2.21421586578049E-10,3.79470760369926E-18,
-1.));
#1873=DIRECTION('',(-2.21421585060166E-10,4.33680868994201E-18,-1.));
#1874=DIRECTION('center_axis',(-0.936306195378753,-0.351184721329621,2.07318342181073E-10));
#1875=DIRECTION('ref_axis',(1.94118199162499E-10,7.279436358169E-11,1.));
#1876=DIRECTION('center_axis',(0.936306199388771,0.351184710638368,-2.07318402029033E-10));
#1877=DIRECTION('ref_axis',(2.37004028598789E-10,-4.15449166496669E-11,
1.));
#1878=DIRECTION('',(-1.94118255324171E-10,-7.27943846694223E-11,-1.));
#1879=DIRECTION('center_axis',(-2.37004474205882E-10,4.15447953816539E-11,
-1.));
#1880=DIRECTION('ref_axis',(0.936306199388773,0.351184710638364,-2.0731886476652E-10));
#1881=DIRECTION('',(-0.936306195378753,-0.351184721329621,2.07318862598116E-10));
#1882=DIRECTION('center_axis',(0.351184721329621,-0.936306195378754,-1.35312590425721E-14));
#1883=DIRECTION('ref_axis',(0.936286635912815,0.351177385069721,0.00646371616464503));
#1884=DIRECTION('center_axis',(0.351184721329621,-0.936306195378754,-1.35312590425721E-14));
#1885=DIRECTION('ref_axis',(0.936286635912815,0.351177385069721,0.00646371616464503));
#1886=DIRECTION('center_axis',(0.351184721329621,-0.936306195378754,-1.35312590425721E-14));
#1887=DIRECTION('ref_axis',(0.936286635912815,0.351177385069721,0.00646371616464503));
#1888=DIRECTION('center_axis',(0.351184721329621,-0.936306195378754,-1.35312590425721E-14));
#1889=DIRECTION('ref_axis',(0.936286635912815,0.351177385069721,0.00646371616464503));
#1890=DIRECTION('center_axis',(0.351184721329621,-0.936306195378754,-1.35312590425721E-14));
#1891=DIRECTION('ref_axis',(0.936286635912815,0.351177385069721,0.00646371616464503));
#1892=DIRECTION('center_axis',(0.351184721329621,-0.936306195378754,-1.35312590425721E-14));
#1893=DIRECTION('ref_axis',(0.936286635912815,0.351177385069721,0.00646371616464503));
#1894=DIRECTION('',(7.1145114105553E-11,2.66991814941442E-11,-1.));
#1895=DIRECTION('',(-1.9961688552117E-12,2.90435479485818E-11,-1.));
#1896=DIRECTION('',(0.936306197730164,0.351184715060442,-3.54204512942324E-14));
#1897=DIRECTION('center_axis',(-0.351184721329621,0.936306195378754,1.35317071866995E-14));
#1898=DIRECTION('ref_axis',(-0.585408885147058,-0.219572034457276,0.780438696423474));
#1899=DIRECTION('center_axis',(0.351184721329621,-0.936306195378754,-1.35312590425721E-14));
#1900=DIRECTION('ref_axis',(0.936286635912815,0.351177385069721,0.00646371616464503));
#1901=DIRECTION('center_axis',(0.351184721329621,-0.936306195378754,-1.35312590425721E-14));
#1902=DIRECTION('ref_axis',(0.936286635912815,0.351177385069721,0.00646371616464503));
#1903=DIRECTION('center_axis',(-2.3700404399446E-10,4.15449567109371E-11,
-1.));
#1904=DIRECTION('ref_axis',(0.936306199388771,0.351184710638368,-2.07318405064799E-10));
#1905=DIRECTION('',(0.351184710638368,-0.936306199388771,-1.221309961334E-10));
#1906=DIRECTION('',(-0.936306195378753,-0.351184721329621,2.07318402029033E-10));
#1907=DIRECTION('center_axis',(-0.936306199388771,-0.351184710638368,-7.59906148423139E-11));
#1908=DIRECTION('ref_axis',(2.82599594766952E-11,1.41038713097775E-10,-1.));
#1909=DIRECTION('',(7.1145114105553E-11,2.66991814941442E-11,-1.));
#1910=DIRECTION('center_axis',(0.351184721329621,-0.936306195378754,-1.35312590425721E-14));
#1911=DIRECTION('ref_axis',(0.936286635912815,0.351177385069721,0.00646371616464503));
#1912=DIRECTION('',(7.1145114105553E-11,2.66991814941442E-11,-1.));
#1913=DIRECTION('',(-0.936306195378753,-0.351184721329622,-7.59899235550088E-11));
#1914=DIRECTION('center_axis',(0.351184721329621,-0.936306195378754,-1.35312590425721E-14));
#1915=DIRECTION('ref_axis',(0.936286635912815,0.351177385069721,0.00646371616464503));
#1916=DIRECTION('center_axis',(-0.248325090321417,0.662068462954543,-0.707106781100188));
#1917=DIRECTION('ref_axis',(-0.936306195378753,-0.351184721329621,-1.14945731773987E-8));
#1918=DIRECTION('center_axis',(-0.248325090321417,0.662068462954543,-0.707106781100188));
#1919=DIRECTION('ref_axis',(-0.248325090173838,0.662068462825427,0.707106781272907));
#1920=DIRECTION('',(0.936306199388771,0.351184710638368,7.6029693825419E-11));
#1921=DIRECTION('',(-0.936306199388771,-0.351184710638368,-7.6029693825419E-11));
#1922=DIRECTION('',(0.248325097870931,-0.662068459938442,-0.707106781272908));
#1923=DIRECTION('',(-0.248325090361434,0.662068462755064,0.707106781272908));
#1924=DIRECTION('center_axis',(-0.936306199388772,-0.351184710638368,-7.6029693825419E-11));
#1925=DIRECTION('ref_axis',(-2.82967995823141E-11,-1.41051772041892E-10,
1.));
#1926=DIRECTION('',(-3.79340656109228E-14,2.24646690138996E-16,-1.));
#1927=DIRECTION('',(-0.351184710638368,0.936306199388771,1.221309230769E-10));
#1928=DIRECTION('center_axis',(2.82965604073149E-11,1.41052407167525E-10,
-1.));
#1929=DIRECTION('ref_axis',(-0.936306199388771,-0.351184710638368,-7.60296914401742E-11));
#1930=DIRECTION('',(-0.351184721003535,0.93630619550106,-1.66330077050476E-9));
#1931=DIRECTION('',(0.936306197730164,0.351184715060442,7.6029693825419E-11));
#1932=DIRECTION('',(0.351184721329621,-0.936306195378753,-1.22130922208751E-10));
#1933=DIRECTION('center_axis',(-0.248325090361434,0.662068462755064,0.707106781272908));
#1934=DIRECTION('ref_axis',(0.936306195378753,0.351184721329621,-1.13425138920965E-8));
#1935=DIRECTION('',(0.248325090321417,-0.662068462954544,0.707106781100187));
#1936=DIRECTION('',(-0.248325097931635,0.662068460100144,-0.707106781100188));
#1937=DIRECTION('',(0.936306199388772,0.351184710638368,7.6029693825419E-11));
#1938=DIRECTION('',(-0.936306199388772,-0.351184710638368,-7.6029693825419E-11));
#1939=DIRECTION('center_axis',(-0.248325090361434,0.662068462755064,0.707106781272908));
#1940=DIRECTION('ref_axis',(0.248325090509013,-0.662068462884181,0.707106781100188));
#1941=DIRECTION('center_axis',(-0.351184710638368,0.936306199388772,1.22130952531862E-10));
#1942=DIRECTION('ref_axis',(2.37004030767193E-10,-4.15449150233636E-11,
1.));
#1943=DIRECTION('center_axis',(0.351184710638411,-0.936306199388755,-1.22180364490768E-10));
#1944=DIRECTION('ref_axis',(0.577556639347364,0.216626848668817,-0.787083945193647));
#1945=DIRECTION('center_axis',(-0.351184710638368,0.936306199388772,1.22130954750892E-10));
#1946=DIRECTION('ref_axis',(2.37004030672531E-10,-4.15449166431701E-11,
1.));
#1947=DIRECTION('center_axis',(-2.82965604073149E-11,-1.41052407167525E-10,
1.));
#1948=DIRECTION('ref_axis',(0.936306199388771,0.351184710638368,7.60296914401742E-11));
#1949=DIRECTION('',(-0.351184721329621,0.936306195378753,1.22130922208751E-10));
#1950=DIRECTION('',(-0.936306197730164,-0.351184715060442,-7.6029693825419E-11));
#1951=DIRECTION('',(0.351184720905508,-0.936306195537827,-2.01661131448837E-9));
#1952=DIRECTION('center_axis',(-0.936306199388772,-0.351184710638368,-7.6029693825419E-11));
#1953=DIRECTION('ref_axis',(-2.82967995823141E-11,-1.41051772041892E-10,
1.));
#1954=DIRECTION('',(-0.351184710638368,0.936306199388771,1.221309230769E-10));
#1955=DIRECTION('',(-3.79340656109228E-14,2.24646690138996E-16,-1.));
#1956=DIRECTION('center_axis',(-0.351184710638368,0.936306199388772,1.221309230769E-10));
#1957=DIRECTION('ref_axis',(2.37004020012506E-10,-4.15448869473874E-11,
1.));
#1958=DIRECTION('',(-0.351184710638368,0.936306199388771,1.221309230769E-10));
#1959=DIRECTION('center_axis',(0.351184715060442,-0.936306197730164,-2.7894677425763E-11));
#1960=DIRECTION('ref_axis',(2.03909689743396E-10,4.66890946200026E-11,1.));
#1961=DIRECTION('',(0.351184721329621,-0.936306195378753,-2.11540259773324E-8));
#1962=DIRECTION('center_axis',(0.35118471063842,-0.936306199388752,-1.22074114261701E-10));
#1963=DIRECTION('ref_axis',(-0.612275013262004,-0.229648830063891,-0.756558472945283));
#1964=DIRECTION('',(0.351184721329621,-0.936306195378753,-1.35317071866995E-14));
#1965=DIRECTION('',(0.351184721329621,-0.936306195378753,-1.35317071866995E-14));
#1966=DIRECTION('center_axis',(0.351184715060442,-0.936306197730164,-2.7894677425763E-11));
#1967=DIRECTION('ref_axis',(3.60146635821137E-10,1.64874132413135E-10,-1.));
#1968=DIRECTION('',(7.1145114105553E-11,2.6699181927825E-11,-1.));
#1969=DIRECTION('center_axis',(0.351184715060442,-0.936306197730164,-2.7894677425763E-11));
#1970=DIRECTION('ref_axis',(-2.03909688827451E-10,-4.66890936809644E-11,
-1.));
#1971=DIRECTION('center_axis',(0.351184715060442,-0.936306197730164,-2.7894677425763E-11));
#1972=DIRECTION('ref_axis',(-2.03909688827451E-10,-4.66890936809644E-11,
-1.));
#1973=DIRECTION('center_axis',(0.351184715060442,-0.936306197730164,-2.7894677425763E-11));
#1974=DIRECTION('ref_axis',(-2.03909688827451E-10,-4.66890936809644E-11,
-1.));
#1975=DIRECTION('center_axis',(0.936306195378754,0.351184721329621,-3.54412679759442E-14));
#1976=DIRECTION('ref_axis',(0.351184721329621,-0.936306195378753,-1.35317071866995E-14));
#1977=DIRECTION('',(-3.79340656109228E-14,2.24646690138996E-16,-1.));
#1978=DIRECTION('center_axis',(-0.351184710638368,0.936306199388772,1.221309230769E-10));
#1979=DIRECTION('ref_axis',(2.37004020012506E-10,-4.15448869473874E-11,
1.));
#1980=DIRECTION('',(-0.351184721329622,0.936306195378753,-2.09097643968766E-8));
#1981=DIRECTION('center_axis',(0.351184715060442,-0.936306197730164,-2.7894677425763E-11));
#1982=DIRECTION('ref_axis',(2.03909689743396E-10,4.66890946200026E-11,1.));
#1983=DIRECTION('',(0.351184710638368,-0.936306199388771,-1.221309230769E-10));
#1984=DIRECTION('center_axis',(-0.351184710638368,0.936306199388772,1.22130954750892E-10));
#1985=DIRECTION('ref_axis',(2.37004030672531E-10,-4.15449166431701E-11,
1.));
#1986=DIRECTION('center_axis',(-0.351184710638368,0.936306199388772,1.22130954750892E-10));
#1987=DIRECTION('ref_axis',(2.37004031851395E-10,-4.15449169207174E-11,
1.));
#1988=DIRECTION('',(0.351184721329621,-0.936306195378753,-1.35317071866995E-14));
#1989=DIRECTION('center_axis',(0.351184715060442,-0.936306197730164,-2.7894677425763E-11));
#1990=DIRECTION('ref_axis',(3.60146635821137E-10,1.64874132413135E-10,-1.));
#1991=DIRECTION('',(7.1145114105553E-11,2.6699181927825E-11,-1.));
#1992=DIRECTION('center_axis',(0.936306195378754,0.351184721329621,-3.54412679759442E-14));
#1993=DIRECTION('ref_axis',(0.351184721329621,-0.936306195378753,-1.35317071866995E-14));
#1994=DIRECTION('',(-3.79340656109228E-14,2.24646690138996E-16,-1.));
#1995=DIRECTION('center_axis',(-0.351184710638368,0.936306199388772,1.22130978706495E-10));
#1996=DIRECTION('ref_axis',(-2.37004039161782E-10,4.15449396119963E-11,
-1.));
#1997=DIRECTION('',(-0.351184710638368,0.936306199388771,1.22130978706494E-10));
#1998=DIRECTION('center_axis',(-0.351184710638368,0.936306199388771,1.22130978108481E-10));
#1999=DIRECTION('ref_axis',(-2.37004039161782E-10,4.15449390698953E-11,
-1.));
#2000=DIRECTION('',(-0.351184710638368,0.936306199388771,1.22130978108481E-10));
#2001=DIRECTION('center_axis',(-0.351184710638368,0.936306199388771,1.22130978108481E-10));
#2002=DIRECTION('ref_axis',(-2.37004039161782E-10,4.15449390698953E-11,
-1.));
#2003=DIRECTION('',(-0.351184710638368,0.936306199388771,1.22130978108481E-10));
#2004=DIRECTION('center_axis',(-0.0672736855089574,0.997734559508711,2.77057023156946E-15));
#2005=DIRECTION('ref_axis',(0.997734559508711,0.0672736855089573,-3.77822773067749E-14));
#2006=DIRECTION('center_axis',(-0.0672736855089574,0.997734559508711,2.67060679126629E-15));
#2007=DIRECTION('ref_axis',(0.997734559508711,0.0672736855089573,-3.81718358250591E-14));
#2008=DIRECTION('',(0.997734559508711,0.0672736855089574,-3.77822773067749E-14));
#2009=DIRECTION('',(-3.79340656109228E-14,2.24646690138996E-16,-1.));
#2010=DIRECTION('center_axis',(-0.0672736855089574,0.997734559508711,2.77057023156946E-15));
#2011=DIRECTION('ref_axis',(0.997734559508711,0.0672736855089573,-3.77822773067749E-14));
#2012=DIRECTION('',(-3.79340656109228E-14,2.24646690138996E-16,-1.));
#2013=DIRECTION('center_axis',(0.936306195378754,0.351184721329621,-3.54412679759442E-14));
#2014=DIRECTION('ref_axis',(0.351184721329621,-0.936306195378753,-1.35317071866995E-14));
#2015=DIRECTION('',(7.1145114105553E-11,2.6699181927825E-11,-1.));
#2016=DIRECTION('',(0.351184721329621,-0.936306195378753,-1.35969761574831E-14));
#2017=DIRECTION('',(-3.78967690561893E-14,1.25767452008318E-16,-1.));
#2018=DIRECTION('center_axis',(-3.78828912683815E-14,3.13551268282808E-16,
-1.));
#2019=DIRECTION('ref_axis',(-0.0672736855089583,0.997734559508711,2.86012533101676E-15));
#2020=DIRECTION('',(0.936306197730153,0.351184715060471,-3.53606033343112E-14));
#2021=DIRECTION('',(0.351184721329621,-0.936306195378753,-1.3530115932839E-14));
#2022=DIRECTION('',(0.997734559508711,0.0672736855089574,-3.77822773067749E-14));
#2023=DIRECTION('center_axis',(-0.0672736855089574,0.997734559508711,2.67060679126629E-15));
#2024=DIRECTION('ref_axis',(3.78668450762287E-14,-1.2414114874959E-16,1.));
#2025=DIRECTION('',(3.78967690561893E-14,-1.25767452008318E-16,1.));
#2026=DIRECTION('center_axis',(-0.0672736855089574,0.997734559508711,2.67060679126629E-15));
#2027=DIRECTION('ref_axis',(0.997734559508711,0.0672736855089573,-3.81718358250591E-14));
#2028=DIRECTION('center_axis',(-0.0672736855089574,0.997734559508711,2.67060679126629E-15));
#2029=DIRECTION('ref_axis',(0.997734559508711,0.0672736855089573,-3.81718358250591E-14));
#2030=DIRECTION('center_axis',(-0.0672736855089574,0.997734559508711,2.67060679126629E-15));
#2031=DIRECTION('ref_axis',(3.78668450762287E-14,-1.2414114874959E-16,1.));
#2032=DIRECTION('center_axis',(0.936306195378754,0.35118472132962,7.59899547800313E-11));
#2033=DIRECTION('ref_axis',(-7.11451145392339E-11,-2.66991816025644E-11,
1.));
#2034=DIRECTION('',(0.351184721329621,-0.936306195378753,-1.35312590425721E-14));
#2035=DIRECTION('',(-0.35118472132962,0.936306195378754,1.3531707186767E-14));
#2036=DIRECTION('center_axis',(7.1145114105553E-11,2.6699181927825E-11,
-1.));
#2037=DIRECTION('ref_axis',(-0.936306195378754,-0.351184721329621,-7.59899543463505E-11));
#2038=DIRECTION('',(-0.351184721329621,0.936306195378753,1.35312590425721E-14));
#2039=DIRECTION('center_axis',(0.351184721329621,-0.936306195378754,-1.35312590425721E-14));
#2040=DIRECTION('ref_axis',(0.936286635912815,0.351177385069721,0.00646371616464503));
#2041=DIRECTION('',(-0.351184721329621,0.936306195378753,1.35312590425721E-14));
#2042=DIRECTION('center_axis',(0.351184721329621,-0.936306195378754,-1.35312590425721E-14));
#2043=DIRECTION('ref_axis',(0.936286635912815,0.351177385069721,0.00646371616464503));
#2044=DIRECTION('center_axis',(0.351184715060442,-0.936306197730164,-2.7894677425763E-11));
#2045=DIRECTION('ref_axis',(3.60146635821137E-10,1.64874132413135E-10,-1.));
#2046=DIRECTION('',(0.351184721329621,-0.936306195378753,-1.35317071866995E-14));
#2047=DIRECTION('center_axis',(0.351184715060442,-0.936306197730164,-2.7894677425763E-11));
#2048=DIRECTION('ref_axis',(3.60146635821137E-10,1.64874132413135E-10,-1.));
#2049=DIRECTION('center_axis',(0.351184721329621,-0.936306195378754,-1.35312590425721E-14));
#2050=DIRECTION('ref_axis',(0.936286635912815,0.351177385069721,0.00646371616464503));
#2051=DIRECTION('center_axis',(-0.997734559508711,-0.0672736855089576,3.77363071346615E-14));
#2052=DIRECTION('ref_axis',(-3.78299822023642E-14,1.32272665043231E-16,
-1.));
#2053=DIRECTION('',(-0.997734559508711,-0.0672736855089576,3.77363071346615E-14));
#2054=DIRECTION('center_axis',(-0.997734559508711,-0.0672736855089574,3.77423786668274E-14));
#2055=DIRECTION('ref_axis',(-3.78369210962681E-14,1.31405303305243E-16,
-1.));
#2056=DIRECTION('',(-0.997734559508711,-0.0672736855089574,3.77423786668274E-14));
#2057=DIRECTION('center_axis',(-0.997734559508711,-0.0672736855089576,3.77363071346615E-14));
#2058=DIRECTION('ref_axis',(-3.78299822023642E-14,1.32272665043231E-16,
-1.));
#2059=DIRECTION('',(-0.997734559508711,-0.0672736855089576,3.77363071346615E-14));
#2060=DIRECTION('center_axis',(-0.997734559508711,-0.0672736855089574,3.77423786668274E-14));
#2061=DIRECTION('ref_axis',(-3.78369210962681E-14,1.31405303305243E-16,
-1.));
#2062=DIRECTION('',(-0.997734559508711,-0.0672736855089574,3.77423786668274E-14));
#2063=DIRECTION('center_axis',(-0.351184721329621,0.936306195378754,1.35312590425721E-14));
#2064=DIRECTION('ref_axis',(-0.00605201749012218,-0.0022699583600473,0.999979109968475));
#2065=DIRECTION('',(-0.936286635912815,-0.351177385069721,-0.00646371616464503));
#2066=DIRECTION('',(-0.00605201749012218,-0.0022699583600473,0.999979109968475));
#2067=DIRECTION('',(0.936286635912815,0.351177385069721,0.00646371616464503));
#2068=DIRECTION('',(0.00605201749012218,0.0022699583600473,-0.999979109968475));
#2069=DIRECTION('',(-0.576441265155506,0.53629753028723,-0.616522851834169));
#2070=DIRECTION('',(0.0993659298395936,0.790217203207014,-0.604717441242435));
#2071=DIRECTION('',(-0.594528988630305,0.529954807446263,0.604717441242454));
#2072=DIRECTION('',(0.0815685669012976,0.783100339713825,0.616522851834188));
#2073=CARTESIAN_POINT('',(0.,0.,0.));
#2074=CARTESIAN_POINT('Origin',(106.317486859869,47.2285905843193,-179.618391207826));
#2075=CARTESIAN_POINT('',(69.6050255095275,33.4586771227361,-179.618391199697));
#2076=CARTESIAN_POINT('',(69.0231670599823,35.0099908850645,-179.618391199495));
#2077=CARTESIAN_POINT('',(69.3140965709648,34.2343332390363,-179.618391199596));
#2078=CARTESIAN_POINT('',(106.317486859869,47.2285905843193,-179.618391207826));
#2079=CARTESIAN_POINT('',(106.317486859869,47.2285905843193,-179.618391207826));
#2080=CARTESIAN_POINT('',(105.735628422614,48.7799043103013,-179.618391207624));
#2081=CARTESIAN_POINT('',(105.735629139362,48.7799023993545,-179.618391207624));
#2082=CARTESIAN_POINT('',(95.8418145675059,45.0689855881624,-179.618391205433));
#2083=CARTESIAN_POINT('Origin',(106.317486859306,47.2285905843193,-182.157937300083));
#2084=CARTESIAN_POINT('',(69.6050255093801,33.4586771216298,-182.157937291954));
#2085=CARTESIAN_POINT('',(69.6050255890677,33.4586769123158,-176.831653212923));
#2086=CARTESIAN_POINT('',(106.317486859306,47.2285905843193,-182.157937300083));
#2087=CARTESIAN_POINT('',(106.317486859306,47.2285905843193,-182.157937300083));
#2088=CARTESIAN_POINT('',(106.317486859588,47.2285905843193,-180.888164253918));
#2089=CARTESIAN_POINT('Origin',(107.371041007483,44.4196719442968,-179.618391208193));
#2090=CARTESIAN_POINT('',(70.6585796569944,30.6497584816073,-182.157937292187));
#2091=CARTESIAN_POINT('',(70.6585796571417,30.6497584827136,-179.618391200064));
#2092=CARTESIAN_POINT('',(70.6585797352428,30.6497582722934,-183.331653310013));
#2093=CARTESIAN_POINT('',(107.371041007483,44.4196719442968,-179.618391208193));
#2094=CARTESIAN_POINT('',(107.371041007483,44.4196719442968,-179.618391208193));
#2095=CARTESIAN_POINT('',(107.371041006921,44.4196719442968,-182.157937300316));
#2096=CARTESIAN_POINT('',(107.371041008641,44.4196719442968,-174.388164157294));
#2097=CARTESIAN_POINT('',(107.371041006921,44.4196719442968,-182.157937300316));
#2098=CARTESIAN_POINT('Origin',(108.19392211383,42.2257590036331,-179.618391208479));
#2099=CARTESIAN_POINT('',(71.4814606851799,28.4558457508326,-179.61839120035));
#2100=CARTESIAN_POINT('',(70.2523141979455,31.7329174486933,-179.618391199922));
#2101=CARTESIAN_POINT('',(108.19392211383,42.2257590036331,-179.618391208479));
#2102=CARTESIAN_POINT('',(108.19392211383,42.2257590036331,-179.618391208479));
#2103=CARTESIAN_POINT('',(105.735629139362,48.7799023993545,-179.618391207624));
#2104=CARTESIAN_POINT('Origin',(85.9480007209241,41.3580668682779,-175.037356955641));
#2105=CARTESIAN_POINT('',(105.735628424512,48.7799043107358,-170.309373078687));
#2106=CARTESIAN_POINT('Origin',(90.9581319648217,43.237240067782,-175.054717577198));
#2107=CARTESIAN_POINT('',(69.023167061107,35.0099908847614,-170.309373070557));
#2108=CARTESIAN_POINT('',(95.8418145730674,45.0689855899711,-170.309373076495));
#2109=CARTESIAN_POINT('',(69.0231670613888,35.0099908856801,-175.071576330977));
#2110=CARTESIAN_POINT('',(87.4776574706712,41.9318023310938,-171.157937134339));
#2111=CARTESIAN_POINT('Origin',(87.4776574698556,41.931802330907,-175.157937193944));
#2112=CARTESIAN_POINT('',(99.1814849422983,46.3216112693493,-171.157937136931));
#2113=CARTESIAN_POINT('Origin',(99.1814849414826,46.3216112691625,-175.157937196535));
#2114=CARTESIAN_POINT('',(75.7738299990441,37.5419933928383,-171.157937131748));
#2115=CARTESIAN_POINT('Origin',(75.7738299982285,37.5419933926515,-175.157937191352));
#2116=CARTESIAN_POINT('Origin',(85.9480007209241,41.3580668682779,-175.037356955641));
#2117=CARTESIAN_POINT('',(104.592064094408,48.3509823292399,-184.157937063623));
#2118=CARTESIAN_POINT('',(69.0231670595225,35.0099908852509,-184.157937055747));
#2119=CARTESIAN_POINT('',(95.8418145702436,45.0689855893246,-184.157937061685));
#2120=CARTESIAN_POINT('',(69.0231671018562,35.0099907669594,-184.505369327477));
#2121=CARTESIAN_POINT('',(69.0231670613888,35.0099908856801,-175.071576330977));
#2122=CARTESIAN_POINT('',(69.0231670613638,35.0099908860442,-187.605795706031));
#2123=CARTESIAN_POINT('',(69.0231670613888,35.0099908856801,-175.071576330977));
#2124=CARTESIAN_POINT('',(68.7411344083153,34.9042074543222,-187.605795706024));
#2125=CARTESIAN_POINT('',(71.4502362833662,35.9203230137469,-187.605795706032));
#2126=CARTESIAN_POINT('',(73.6162555305189,36.7327416831455,-193.805413438595));
#2127=CARTESIAN_POINT('Origin',(95.0284397748033,44.7639092584549,-166.244881950295));
#2128=CARTESIAN_POINT('',(97.5150316866259,45.6965668569246,-194.358960147712));
#2129=CARTESIAN_POINT('Ctrl Pts',(97.5150316866259,45.6965668569246,-194.358960147712));
#2130=CARTESIAN_POINT('Ctrl Pts',(95.071460319343,44.7800451742702,-195.889700136173));
#2131=CARTESIAN_POINT('Ctrl Pts',(92.3697652967854,43.7667078511837,-196.898826563615));
#2132=CARTESIAN_POINT('Ctrl Pts',(86.8224758861689,41.6860602004287,-197.818575352622));
#2133=CARTESIAN_POINT('Ctrl Pts',(84.0039569553585,40.6289051904925,-197.744619739386));
#2134=CARTESIAN_POINT('Ctrl Pts',(78.5559367688767,38.5854909095331,-196.542729451962));
#2135=CARTESIAN_POINT('Ctrl Pts',(75.9512666587343,37.6085451718025,-195.420363234246));
#2136=CARTESIAN_POINT('Ctrl Pts',(73.6162555305189,36.7327416831455,-193.805413438595));
#2137=CARTESIAN_POINT('Ctrl Pts',(104.59206409366,48.3509823312337,-184.157937063622));
#2138=CARTESIAN_POINT('Ctrl Pts',(104.06294178304,48.1525219641855,-185.679598404727));
#2139=CARTESIAN_POINT('Ctrl Pts',(103.393469274931,47.9014197955161,-187.144205852804));
#2140=CARTESIAN_POINT('Ctrl Pts',(101.23759707778,47.0928067792662,-190.792665211647));
#2141=CARTESIAN_POINT('Ctrl Pts',(99.5367401105549,46.4548584424887,-192.766962374341));
#2142=CARTESIAN_POINT('Ctrl Pts',(97.5150316866259,45.6965668569246,-194.358960147712));
#2143=CARTESIAN_POINT('Origin',(111.16440329375,43.3399111621506,-175.157937065389));
#2144=CARTESIAN_POINT('',(112.697351125098,43.9148810192614,-184.157937065728));
#2145=CARTESIAN_POINT('',(71.4814606841039,28.4558457510212,-184.157937056602));
#2146=CARTESIAN_POINT('',(109.679162702186,42.7828350831731,-184.15793706506));
#2147=CARTESIAN_POINT('',(114.135003155411,44.4541078358856,-176.113206051725));
#2148=CARTESIAN_POINT('',(113.446327383141,44.1958030190471,-179.966858553831));
#2149=CARTESIAN_POINT('',(114.135003155921,44.4541078357961,-173.961507872661));
#2150=CARTESIAN_POINT('',(114.135003155525,44.4541078358657,-175.635571558886));
#2151=CARTESIAN_POINT('',(112.775556935627,43.9442140331413,-166.157937065746));
#2152=CARTESIAN_POINT('',(114.186032469435,44.4732476372285,-174.254429251446));
#2153=CARTESIAN_POINT('',(71.4813560389866,28.4558064989435,-166.157937056602));
#2154=CARTESIAN_POINT('',(111.969980115755,43.642062597459,-166.157937065567));
#2155=CARTESIAN_POINT('',(71.4813560389042,28.455806498958,-166.505369328332));
#2156=CARTESIAN_POINT('',(71.4813560379201,28.4558064991304,-170.657937056602));
#2157=CARTESIAN_POINT('',(65.4389822369102,26.1894653206047,-166.505369326994));
#2158=CARTESIAN_POINT('',(69.9708410754434,27.889250642867,-166.505369327998));
#2159=CARTESIAN_POINT('',(65.4389822374189,26.1894653231435,-184.505369326994));
#2160=CARTESIAN_POINT('',(65.4389822370374,26.1894653212395,-171.005369327451));
#2161=CARTESIAN_POINT('',(71.4814606840216,28.4558457510356,-184.505369328332));
#2162=CARTESIAN_POINT('',(66.9496018478759,26.7560604296688,-184.505369327329));
#2163=CARTESIAN_POINT('',(71.4814606850881,28.4558457508485,-180.005369328332));
#2164=CARTESIAN_POINT('',(71.4814606873861,28.4558457504458,-170.309373071411));
#2165=CARTESIAN_POINT('',(71.4814606850881,28.4558457508485,-180.005369328332));
#2166=CARTESIAN_POINT('',(108.193922115903,42.2257590036012,-170.309373079541));
#2167=CARTESIAN_POINT('',(108.193922116036,42.2257590032464,-170.30937307954));
#2168=CARTESIAN_POINT('Origin',(93.4164256933509,36.6830946615733,-175.054717578049));
#2169=CARTESIAN_POINT('Origin',(69.023167709553,35.009989146757,-184.505369327477));
#2170=CARTESIAN_POINT('',(70.658579659203,30.6497584827136,-170.309373071125));
#2171=CARTESIAN_POINT('',(70.6585797352428,30.6497582722934,-183.331653310013));
#2172=CARTESIAN_POINT('',(69.8408736469057,32.8298739188317,-170.309373070841));
#2173=CARTESIAN_POINT('Origin',(69.023167709553,35.009989146757,-184.505369327477));
#2174=CARTESIAN_POINT('',(69.6050255115887,33.4586771227361,-170.309373070759));
#2175=CARTESIAN_POINT('',(69.0231677129175,35.0099891461672,-170.309373070557));
#2176=CARTESIAN_POINT('',(69.6050255890677,33.4586769123158,-176.831653212923));
#2177=CARTESIAN_POINT('Origin',(69.023167709553,35.009989146757,-184.505369327477));
#2178=CARTESIAN_POINT('',(69.0231677096354,35.0099891467426,-184.157937055747));
#2179=CARTESIAN_POINT('',(69.023167709553,35.009989146757,-184.505369327477));
#2180=CARTESIAN_POINT('Origin',(72.1979451207429,31.2271352099963,-182.157937292528));
#2181=CARTESIAN_POINT('',(69.3890265346066,30.1735810460075,-182.157937291906));
#2182=CARTESIAN_POINT('',(72.1979451207429,31.2271352099963,-182.157937292528));
#2183=CARTESIAN_POINT('',(69.3890265374851,30.1735810460074,-169.157937098191));
#2184=CARTESIAN_POINT('',(69.3890265346066,30.1735810460075,-182.157937291906));
#2185=CARTESIAN_POINT('',(70.6585796598729,30.6497584816073,-169.157937098472));
#2186=CARTESIAN_POINT('',(72.1979451236214,31.2271352099963,-169.157937098813));
#2187=CARTESIAN_POINT('',(70.6585797352428,30.6497582722934,-183.331653310013));
#2188=CARTESIAN_POINT('Origin',(105.735629141568,48.7799023989678,-170.309373078685));
#2189=CARTESIAN_POINT('',(106.31748686193,47.2285905843193,-170.309373078888));
#2190=CARTESIAN_POINT('',(105.735629141568,48.7799023989678,-170.309373078685));
#2191=CARTESIAN_POINT('',(106.31748686193,47.2285905843193,-170.309373078888));
#2192=CARTESIAN_POINT('Origin',(69.023063064518,35.0099498946649,-166.157937055747));
#2193=CARTESIAN_POINT('',(69.0230624993146,35.0099514013688,-166.505369327477));
#2194=CARTESIAN_POINT('',(69.0230630644356,35.0099498946793,-166.505369327477));
#2195=CARTESIAN_POINT('',(69.0230624997527,35.0099514004059,-166.157937055747));
#2196=CARTESIAN_POINT('',(69.023063064518,35.0099498946649,-166.157937055747));
#2197=CARTESIAN_POINT('',(69.0230624986998,35.0099514005923,-170.59764700382));
#2198=CARTESIAN_POINT('Origin',(107.371041009544,44.4196719442968,-170.309373079254));
#2199=CARTESIAN_POINT('',(107.371041009544,44.4196719442968,-170.309373079254));
#2200=CARTESIAN_POINT('',(107.371041009544,44.4196719442968,-170.309373079254));
#2201=CARTESIAN_POINT('',(105.735629141568,48.7799023989678,-170.309373078685));
#2202=CARTESIAN_POINT('Origin',(107.371041009799,44.4196719442968,-169.157937106601));
#2203=CARTESIAN_POINT('',(107.371041009799,44.4196719442968,-169.157937106601));
#2204=CARTESIAN_POINT('',(107.371041009799,44.4196719442968,-169.157937106601));
#2205=CARTESIAN_POINT('',(107.371041010131,44.4196719442969,-167.65793708542));
#2206=CARTESIAN_POINT('Origin',(106.31748686193,47.2285905843193,-170.309373078888));
#2207=CARTESIAN_POINT('',(69.6050255122586,33.4586771216298,-169.157937098239));
#2208=CARTESIAN_POINT('',(69.6050255890677,33.4586769123158,-176.831653212923));
#2209=CARTESIAN_POINT('',(106.317486862185,47.2285905843193,-169.157937106368));
#2210=CARTESIAN_POINT('',(106.317486861078,47.2285905843193,-174.157937182044));
#2211=CARTESIAN_POINT('',(106.317486862185,47.2285905843193,-169.157937106368));
#2212=CARTESIAN_POINT('Origin',(69.0231677138191,35.0099891460092,-166.505369327477));
#2213=CARTESIAN_POINT('',(62.9806887234854,32.7436101532571,-166.505369326139));
#2214=CARTESIAN_POINT('',(77.4855839582538,38.1840287005051,-166.505369329351));
#2215=CARTESIAN_POINT('',(62.9806892624417,32.7436087163262,-166.505369326139));
#2216=CARTESIAN_POINT('Origin',(110.317263961158,50.4983574288627,-166.157937064891));
#2217=CARTESIAN_POINT('',(110.317263219696,50.4983594057031,-166.157937064891));
#2218=CARTESIAN_POINT('',(110.317263961158,50.4983574288627,-166.157937064891));
#2219=CARTESIAN_POINT('',(104.719531122634,48.3987919799491,-166.157937063652));
#2220=CARTESIAN_POINT('',(95.8418145566109,45.068985522497,-166.157937061685));
#2221=CARTESIAN_POINT('',(69.0231671050806,35.0099907689807,-166.157937055747));
#2222=CARTESIAN_POINT('',(95.8418145584367,45.0689855843598,-166.157937061685));
#2223=CARTESIAN_POINT('',(95.8418145566109,45.068985522497,-166.157937061685));
#2224=CARTESIAN_POINT('Origin',(111.676710181453,51.0082512315175,-173.961507871806));
#2225=CARTESIAN_POINT('',(113.312122024041,46.6480208445334,-173.961507872375));
#2226=CARTESIAN_POINT('',(111.676710181453,51.0082512315175,-173.961507871806));
#2227=CARTESIAN_POINT('',(112.475300490143,46.334150297688,-169.157937107731));
#2228=CARTESIAN_POINT('',(112.172885257311,46.2207220090288,-167.421995915533));
#2229=CARTESIAN_POINT('',(111.421746342552,49.1430689377191,-169.157937107498));
#2230=CARTESIAN_POINT('',(111.13081758561,49.9187245698144,-169.157937107434));
#2231=CARTESIAN_POINT('',(112.258567876427,49.4569394845558,-173.961507872009));
#2232=CARTESIAN_POINT('',(112.213796424095,49.4401468475869,-173.704508224172));
#2233=CARTESIAN_POINT('',(111.676709434224,51.0082532237311,-173.961507871806));
#2234=CARTESIAN_POINT('',(111.676710181453,51.0082512315175,-173.961507871806));
#2235=CARTESIAN_POINT('',(111.336847880452,50.8807797695971,-172.010615170077));
#2236=CARTESIAN_POINT('Origin',(111.676710180943,51.008251231607,-176.11320605087));
#2237=CARTESIAN_POINT('',(113.312122023565,46.6480208445335,-176.113206051439));
#2238=CARTESIAN_POINT('',(111.676710180943,51.008251231607,-176.11320605087));
#2239=CARTESIAN_POINT('',(113.312122024335,46.6480208445334,-172.635571579574));
#2240=CARTESIAN_POINT('Origin',(69.3890265374851,30.1735810460074,-169.157937098191));
#2241=CARTESIAN_POINT('',(112.231884523878,46.2428511396871,-182.157937301393));
#2242=CARTESIAN_POINT('',(112.421010902491,46.3137876504297,-181.099634723189));
#2243=CARTESIAN_POINT('',(69.3890265346066,30.1735810460075,-182.157937291906));
#2244=CARTESIAN_POINT('Origin',(92.5935445870183,38.8770076014683,-175.054717577747));
#2245=CARTESIAN_POINT('',(69.3890265374851,30.1735810460074,-169.157937098191));
#2246=CARTESIAN_POINT('Origin',(69.3890265346066,30.1735810460075,-182.157937291906));
#2247=CARTESIAN_POINT('',(111.17833037624,49.0517697797006,-182.157937301159));
#2248=CARTESIAN_POINT('',(111.414178691848,48.4229660951328,-182.157937301212));
#2249=CARTESIAN_POINT('',(68.3354723549186,32.9824996739998,-182.157937291673));
#2250=CARTESIAN_POINT('',(68.3354723549186,32.9824996739998,-182.157937291673));
#2251=CARTESIAN_POINT('',(71.1443909410548,34.0360538379887,-182.157937292295));
#2252=CARTESIAN_POINT('',(68.3354723549186,32.9824996739998,-182.157937291673));
#2253=CARTESIAN_POINT('Origin',(68.335472357797,32.9824996739998,-169.157937097958));
#2254=CARTESIAN_POINT('',(68.335472357797,32.9824996739998,-169.157937097958));
#2255=CARTESIAN_POINT('',(69.3890265374851,30.1735810460074,-169.157937098191));
#2256=CARTESIAN_POINT('',(71.1443909439333,34.0360538379887,-169.15793709858));
#2257=CARTESIAN_POINT('',(68.335472357797,32.9824996739998,-169.157937097958));
#2258=CARTESIAN_POINT('Origin',(68.3354723549186,32.9824996739998,-182.157937291673));
#2259=CARTESIAN_POINT('',(112.258567875951,49.4569394845559,-176.113206051072));
#2260=CARTESIAN_POINT('',(110.246688016905,48.7023343454898,-187.371168359037));
#2261=CARTESIAN_POINT('',(112.258567875282,49.4569394845558,-179.135571676199));
#2262=CARTESIAN_POINT('Origin',(91.5399904392512,41.6859262422076,-175.054717577382));
#2263=CARTESIAN_POINT('Origin',(110.239058150629,50.4690244149828,-184.157937064873));
#2264=CARTESIAN_POINT('',(110.239057410273,50.4690263888734,-184.157937064873));
#2265=CARTESIAN_POINT('',(110.239058150629,50.4690244149828,-184.157937064873));
#2266=CARTESIAN_POINT('',(111.676709433806,51.0082532235745,-176.11320605087));
#2267=CARTESIAN_POINT('',(110.598470415877,50.6038330982919,-182.146754311372));
#2268=CARTESIAN_POINT('',(111.676710180943,51.008251231607,-176.11320605087));
#2269=CARTESIAN_POINT('Ctrl Pts',(105.735628419557,48.7799043239479,-170.309373078689));
#2270=CARTESIAN_POINT('Ctrl Pts',(109.247564558373,39.4166049574879,-170.30937307991));
#2271=CARTESIAN_POINT('Ctrl Pts',(105.763006166674,48.7901730229476,-170.476915021713));
#2272=CARTESIAN_POINT('Ctrl Pts',(109.27494230549,39.4268736564876,-170.476915022934));
#2273=CARTESIAN_POINT('Ctrl Pts',(105.788872138086,48.7998746931992,-170.644733079408));
#2274=CARTESIAN_POINT('Ctrl Pts',(109.300808276902,39.4365753267392,-170.64473308063));
#2275=CARTESIAN_POINT('Ctrl Pts',(106.234089469205,48.9668644291764,-173.716395523039));
#2276=CARTESIAN_POINT('Ctrl Pts',(109.74602560802,39.6035650627164,-173.71639552426));
#2277=CARTESIAN_POINT('Ctrl Pts',(106.208759652482,48.9573638569588,-176.717142258881));
#2278=CARTESIAN_POINT('Ctrl Pts',(109.720695791298,39.5940644904987,-176.717142260103));
#2279=CARTESIAN_POINT('Ctrl Pts',(105.73562841775,48.7799043232701,-179.618391207624));
#2280=CARTESIAN_POINT('Ctrl Pts',(109.247564556565,39.4166049568101,-179.618391208845));
#2281=CARTESIAN_POINT('Ctrl Pts',(105.735628419557,48.7799043239479,-170.309373078689));
#2282=CARTESIAN_POINT('Ctrl Pts',(109.247564558373,39.4166049574879,-170.30937307991));
#2283=CARTESIAN_POINT('Ctrl Pts',(105.763006166674,48.7901730229476,-170.476915021713));
#2284=CARTESIAN_POINT('Ctrl Pts',(109.27494230549,39.4268736564876,-170.476915022934));
#2285=CARTESIAN_POINT('Ctrl Pts',(105.788872138086,48.7998746931992,-170.644733079408));
#2286=CARTESIAN_POINT('Ctrl Pts',(109.300808276902,39.4365753267392,-170.64473308063));
#2287=CARTESIAN_POINT('Ctrl Pts',(106.234089469205,48.9668644291764,-173.716395523039));
#2288=CARTESIAN_POINT('Ctrl Pts',(109.74602560802,39.6035650627164,-173.71639552426));
#2289=CARTESIAN_POINT('Ctrl Pts',(106.208759652482,48.9573638569588,-176.717142258881));
#2290=CARTESIAN_POINT('Ctrl Pts',(109.720695791298,39.5940644904987,-176.717142260103));
#2291=CARTESIAN_POINT('Ctrl Pts',(105.73562841775,48.7799043232701,-179.618391207624));
#2292=CARTESIAN_POINT('Ctrl Pts',(109.247564556565,39.4166049568101,-179.618391208845));
#2293=CARTESIAN_POINT('Origin',(71.1443909439333,34.0360538379887,-169.15793709858));
#2294=CARTESIAN_POINT('',(68.335472357797,32.9824996739998,-169.157937097958));
#2295=CARTESIAN_POINT('Origin',(68.8622494462019,31.5780403600036,-175.657937194932));
#2296=CARTESIAN_POINT('Origin',(111.676710180943,51.008251231607,-176.11320605087));
#2297=CARTESIAN_POINT('',(111.67670943384,51.008253223801,-175.575281506104));
#2298=CARTESIAN_POINT('Origin',(105.735629138286,48.7799023995432,-184.157937063876));
#2299=CARTESIAN_POINT('',(95.8418145905361,45.0689855352218,-184.157937061685));
#2300=CARTESIAN_POINT('Origin',(85.9480007659743,41.3580667481678,-175.037356955641));
#2301=CARTESIAN_POINT('Origin',(85.9480007659743,41.3580667481678,-175.037356955641));
#2302=CARTESIAN_POINT('Origin',(85.9480007659743,41.3580667481678,-175.037356955641));
#2303=CARTESIAN_POINT('Origin',(85.9480007659743,41.3580667481678,-175.037356955641));
#2304=CARTESIAN_POINT('Origin',(85.9480007659743,41.3580667481678,-175.037356955641));
#2305=CARTESIAN_POINT('',(62.9806887231011,32.7436101534378,-162.605795706031));
#2306=CARTESIAN_POINT('Origin',(85.9480007659743,41.3580667481678,-175.037356955641));
#2307=CARTESIAN_POINT('',(62.9806887244327,32.7436101539375,-181.321576333429));
#2308=CARTESIAN_POINT('',(69.0231670614137,35.0099908853181,-162.605795706031));
#2309=CARTESIAN_POINT('',(69.0231670613888,35.0099908856801,-175.071576330977));
#2310=CARTESIAN_POINT('',(68.73100233611,34.9004071705217,-162.605795706032));
#2311=CARTESIAN_POINT('',(73.0648047038536,36.5259066907231,-162.605795706032));
#2312=CARTESIAN_POINT('',(74.3809698453229,37.019566639411,-155.71575376357));
#2313=CARTESIAN_POINT('Origin',(93.8190141698858,44.3102843693663,-182.983076990096));
#2314=CARTESIAN_POINT('',(98.2797460014298,45.9833918131902,-156.269300472687));
#2315=CARTESIAN_POINT('Ctrl Pts',(74.3809698453229,37.019566639411,-155.71575376357));
#2316=CARTESIAN_POINT('Ctrl Pts',(76.8245412126062,37.9360883220656,-154.185013775109));
#2317=CARTESIAN_POINT('Ctrl Pts',(79.5262362351643,38.9494256451524,-153.175887347667));
#2318=CARTESIAN_POINT('Ctrl Pts',(85.0735256457809,41.0300732959074,-152.25613855866));
#2319=CARTESIAN_POINT('Ctrl Pts',(87.892044576591,42.0872283058434,-152.330094171896));
#2320=CARTESIAN_POINT('Ctrl Pts',(93.3400647630724,44.1306425868027,-153.53198445932));
#2321=CARTESIAN_POINT('Ctrl Pts',(95.9447348732144,45.1075883245331,-154.654350677036));
#2322=CARTESIAN_POINT('Ctrl Pts',(98.2797460014298,45.9833918131902,-156.269300472687));
#2323=CARTESIAN_POINT('Ctrl Pts',(98.2797460014298,45.9833918131902,-156.269300472687));
#2324=CARTESIAN_POINT('Ctrl Pts',(100.270948072161,46.7302412389146,-157.993726888816));
#2325=CARTESIAN_POINT('Ctrl Pts',(101.909503932291,47.3448220095672,-160.098161541969));
#2326=CARTESIAN_POINT('Ctrl Pts',(103.782174961008,48.0472134458389,-163.663064578176));
#2327=CARTESIAN_POINT('Ctrl Pts',(104.299343850328,48.2411903875407,-164.891947832528));
#2328=CARTESIAN_POINT('Ctrl Pts',(104.719531121665,48.398791982531,-166.157937063655));
#2329=CARTESIAN_POINT('Origin',(85.9480007659743,41.3580667481678,-175.037356955641));
#2330=CARTESIAN_POINT('Origin',(85.9480007659743,41.3580667481678,-175.037356955641));
#2331=CARTESIAN_POINT('Origin',(62.9806892629504,32.7436087188649,-184.505369326139));
#2332=CARTESIAN_POINT('',(62.9806887247659,32.7436101537381,-184.505369326139));
#2333=CARTESIAN_POINT('',(62.9806892629504,32.7436087188649,-184.505369326139));
#2334=CARTESIAN_POINT('',(74.4643447443977,37.0508384507505,-184.505369328682));
#2335=CARTESIAN_POINT('Origin',(62.9806892624416,32.7436087163262,-166.505369326139));
#2336=CARTESIAN_POINT('',(62.9806887244327,32.7436101539375,-181.321576333429));
#2337=CARTESIAN_POINT('Origin',(85.9480007659743,41.3580667481678,-175.037356955641));
#2338=CARTESIAN_POINT('',(62.9806887248798,32.7436101541053,-187.605795709353));
#2339=CARTESIAN_POINT('',(62.9806887244327,32.7436101539375,-181.321576333429));
#2340=CARTESIAN_POINT('',(63.0460900395508,32.768140529511,-187.605795707622));
#2341=CARTESIAN_POINT('',(62.9806887248797,32.7436101541053,-187.605795709353));
#2342=CARTESIAN_POINT('Origin',(85.9480007659743,41.3580667481678,-175.037356955641));
#2343=CARTESIAN_POINT('Origin',(92.1532349454275,56.5018121977629,-164.440570433241));
#2344=CARTESIAN_POINT('',(64.4631072944528,46.2791957183661,-164.287720152434));
#2345=CARTESIAN_POINT('',(66.0654580854823,52.0570820748008,-159.440570434977));
#2346=CARTESIAN_POINT('Origin',(87.0272165522961,43.1327390767082,-175.157937193787));
#2347=CARTESIAN_POINT('',(95.2675250662388,63.0100368344106,-159.44057043223));
#2348=CARTESIAN_POINT('',(90.3973113920942,61.1833431940016,-159.44057043263));
#2349=CARTESIAN_POINT('',(103.121262140551,55.2755076226657,-169.44057092588));
#2350=CARTESIAN_POINT('Ctrl Pts',(103.121262021277,55.2755075438307,-169.440570498436));
#2351=CARTESIAN_POINT('Ctrl Pts',(102.167966751628,56.7784921035351,-167.698534013777));
#2352=CARTESIAN_POINT('Ctrl Pts',(101.043452145516,58.2122023528675,-165.961229877246));
#2353=CARTESIAN_POINT('Ctrl Pts',(98.4465268042423,60.8203749143778,-162.6071812636));
#2354=CARTESIAN_POINT('Ctrl Pts',(96.9569267098974,62.0116446090062,-160.968663289965));
#2355=CARTESIAN_POINT('Ctrl Pts',(95.2675250662208,63.0100368343987,-159.440570432242));
#2356=CARTESIAN_POINT('',(66.2727094758402,41.4545500341752,-169.440570436096));
#2357=CARTESIAN_POINT('',(93.9091584987609,51.8202812015245,-169.440570433852));
#2358=CARTESIAN_POINT('',(64.8599778374401,45.2210847231962,-165.417810897932));
#2359=CARTESIAN_POINT('',(64.4414976654374,46.3368095944418,-164.226186951765));
#2360=CARTESIAN_POINT('',(65.833728641449,42.6249328034671,-168.190570435943));
#2361=CARTESIAN_POINT('Origin',(68.0286330829741,36.7730190574637,-169.440570436706));
#2362=CARTESIAN_POINT('',(64.8599778133208,45.2210847194121,-164.287720237183));
#2363=CARTESIAN_POINT('',(64.859977788106,45.2210847132058,-162.605795706031));
#2364=CARTESIAN_POINT('',(68.0286330828283,36.7730190567368,-164.287720153566));
#2365=CARTESIAN_POINT('Origin',(104.877192146221,50.5939790815615,-169.440570433714));
#2366=CARTESIAN_POINT('',(104.877185498123,50.5939774957134,-169.440571138734));
#2367=CARTESIAN_POINT('',(104.877185570892,50.5939775175345,-169.440571837784));
#2368=CARTESIAN_POINT('',(68.0286328496634,36.7730196785185,-169.440570436706));
#2369=CARTESIAN_POINT('',(95.0614115691094,46.9123295703724,-169.440570434511));
#2370=CARTESIAN_POINT('',(66.4443055140581,40.9970516752559,-169.440570436155));
#2371=CARTESIAN_POINT('Origin',(73.7093644217826,49.5839841042308,-185.875303964267));
#2372=CARTESIAN_POINT('',(64.4631072985295,46.2791957096131,-186.028154235745));
#2373=CARTESIAN_POINT('',(64.8599778381474,45.2210847233395,-184.898063500399));
#2374=CARTESIAN_POINT('',(65.3813280840651,43.8310942188456,-183.413516532975));
#2375=CARTESIAN_POINT('',(66.2727094753495,41.4545500354826,-180.875303965624));
#2376=CARTESIAN_POINT('',(66.6455578016726,40.4604857249648,-179.813616757763));
#2377=CARTESIAN_POINT('',(103.04290443063,55.2461176629083,-180.875303944201));
#2378=CARTESIAN_POINT('',(75.465287974833,44.9024531065817,-180.875303964878));
#2379=CARTESIAN_POINT('',(95.0063361248874,62.9120714916627,-190.875303964605));
#2380=CARTESIAN_POINT('Ctrl Pts',(95.0063361260574,62.9120714937826,-190.875303964567));
#2381=CARTESIAN_POINT('Ctrl Pts',(96.7296469805095,61.9337199790032,-189.354066952612));
#2382=CARTESIAN_POINT('Ctrl Pts',(98.2519265418492,60.7558210045037,-187.716591533454));
#2383=CARTESIAN_POINT('Ctrl Pts',(100.908818813531,58.1699209083554,-184.362337299501));
#2384=CARTESIAN_POINT('Ctrl Pts',(102.06218360639,56.7437123883865,-182.621925340118));
#2385=CARTESIAN_POINT('Ctrl Pts',(103.042904427613,55.2461176577998,-180.875303952277));
#2386=CARTESIAN_POINT('',(66.0654580965346,52.0570820838383,-190.875303964505));
#2387=CARTESIAN_POINT('',(71.9534408687322,54.26551510188,-190.875303963657));
#2388=CARTESIAN_POINT('Origin',(87.0272165566851,43.1327390650066,-175.157937193787));
#2389=CARTESIAN_POINT('Origin',(81.1460193134151,57.7134181522207,-189.312712346565));
#2390=CARTESIAN_POINT('',(91.5448916916606,61.6137714667459,-194.358960147209));
#2391=CARTESIAN_POINT('Origin',(73.1814152573119,54.7260971506267,-168.328335693979));
#2392=CARTESIAN_POINT('',(77.2368360744817,56.2471826573623,-197.479107106635));
#2393=CARTESIAN_POINT('Ctrl Pts',(77.2368362392226,56.2471827191525,-197.479106525759));
#2394=CARTESIAN_POINT('Ctrl Pts',(79.3742012602798,57.0488541349479,-197.753315932279));
#2395=CARTESIAN_POINT('Ctrl Pts',(81.5451307909217,57.8631147470503,-197.710941057041));
#2396=CARTESIAN_POINT('Ctrl Pts',(83.6732435533698,58.6613158751963,-197.350739727225));
#2397=CARTESIAN_POINT('Ctrl Pts',(86.4467504403948,59.701587972243,-196.88129990872));
#2398=CARTESIAN_POINT('Ctrl Pts',(89.122855327939,60.7053270493322,-195.876209837402));
#2399=CARTESIAN_POINT('Ctrl Pts',(91.5448916911836,61.613771466075,-194.358960147712));
#2400=CARTESIAN_POINT('Origin',(81.5075176552097,57.8490070107732,-175.157937191868));
#2401=CARTESIAN_POINT('Origin',(68.0286330832978,36.7730190590765,-180.875303966235));
#2402=CARTESIAN_POINT('',(68.02863284986,36.7730196788203,-180.875303966235));
#2403=CARTESIAN_POINT('',(66.4443054346597,40.9970518869418,-180.875303965684));
#2404=CARTESIAN_POINT('',(104.798827735749,50.5645874859495,-180.875303945757));
#2405=CARTESIAN_POINT('',(76.6371320708252,40.0018494719115,-180.875303965536));
#2406=CARTESIAN_POINT('',(103.042904431248,55.2461176702302,-180.875303917689));
#2407=CARTESIAN_POINT('Origin',(68.0286330834436,36.7730190598034,-186.028154236878));
#2408=CARTESIAN_POINT('',(64.8599778137242,45.2210847195116,-186.028154149698));
#2409=CARTESIAN_POINT('',(68.0286330834436,36.7730190598034,-186.028154236878));
#2410=CARTESIAN_POINT('',(64.859977788106,45.2210847132058,-162.605795706031));
#2411=CARTESIAN_POINT('Origin',(86.7752883147853,43.8044140199416,-175.1579371937));
#2412=CARTESIAN_POINT('',(82.5046064875067,42.2025903277884,-197.479107097398));
#2413=CARTESIAN_POINT('',(82.504606917875,42.2025897354762,-197.479107758476));
#2414=CARTESIAN_POINT('',(68.0286328502286,36.7730196790613,-186.028154234781));
#2415=CARTESIAN_POINT('Origin',(86.7752880485787,43.8044147296845,-175.1579371937));
#2416=CARTESIAN_POINT('',(66.4443054344323,40.9970518875474,-186.028154138164));
#2417=CARTESIAN_POINT('Ctrl Pts',(88.7354136533853,69.1042217413934,-194.358960147712));
#2418=CARTESIAN_POINT('Ctrl Pts',(101.378063622025,35.3971987056962,-194.358960147712));
#2419=CARTESIAN_POINT('Ctrl Pts',(90.1721943913844,69.6431217781296,-193.22756468601));
#2420=CARTESIAN_POINT('Ctrl Pts',(102.814844360024,35.9360987424324,-193.227564686011));
#2421=CARTESIAN_POINT('Ctrl Pts',(91.4529404867582,70.1234971754278,-191.897923217855));
#2422=CARTESIAN_POINT('Ctrl Pts',(104.095590455398,36.4164741397306,-191.897923217855));
#2423=CARTESIAN_POINT('Ctrl Pts',(92.9387649087306,70.680792254912,-189.883534651302));
#2424=CARTESIAN_POINT('Ctrl Pts',(105.58141487737,36.9737692192148,-189.883534651303));
#2425=CARTESIAN_POINT('Ctrl Pts',(93.2962708649203,70.8148836773738,-189.35092716307));
#2426=CARTESIAN_POINT('Ctrl Pts',(105.93892083356,37.1078606416766,-189.35092716307));
#2427=CARTESIAN_POINT('Ctrl Pts',(95.0201368391194,71.4614621094579,-186.528062336483));
#2428=CARTESIAN_POINT('Ctrl Pts',(107.662786807759,37.7544390737607,-186.528062336484));
#2429=CARTESIAN_POINT('Ctrl Pts',(96.0092390327501,71.8324492714367,-184.000833125214));
#2430=CARTESIAN_POINT('Ctrl Pts',(108.65188900139,38.1254262357395,-184.000833125215));
#2431=CARTESIAN_POINT('Ctrl Pts',(97.388356463307,72.3497212631434,-177.989427065494));
#2432=CARTESIAN_POINT('Ctrl Pts',(110.031006431947,38.6426982274462,-177.989427065495));
#2433=CARTESIAN_POINT('Ctrl Pts',(97.5349313139778,72.4046977763928,-174.418414658737));
#2434=CARTESIAN_POINT('Ctrl Pts',(110.177581282618,38.6976747406956,-174.418414658737));
#2435=CARTESIAN_POINT('Ctrl Pts',(96.6386106986284,72.0685106326174,-167.965349772812));
#2436=CARTESIAN_POINT('Ctrl Pts',(109.281260667268,38.3614875969202,-167.965349772812));
#2437=CARTESIAN_POINT('Ctrl Pts',(95.7365630893277,71.7301754346919,-165.024130675777));
#2438=CARTESIAN_POINT('Ctrl Pts',(108.379213057968,38.0231523989947,-165.024130675778));
#2439=CARTESIAN_POINT('Ctrl Pts',(93.0752099705963,70.731969337184,-160.027649489799));
#2440=CARTESIAN_POINT('Ctrl Pts',(105.717859939236,37.0249463014868,-160.0276494898));
#2441=CARTESIAN_POINT('Ctrl Pts',(91.4572375515623,70.1251088955176,-157.964202017052));
#2442=CARTESIAN_POINT('Ctrl Pts',(104.099887520202,36.4180858598204,-157.964202017053));
#2443=CARTESIAN_POINT('Ctrl Pts',(89.5001279681893,69.391046697659,-156.269300472687));
#2444=CARTESIAN_POINT('Ctrl Pts',(102.142777936829,35.6840236619618,-156.269300472688));
#2445=CARTESIAN_POINT('Ctrl Pts',(104.798827734127,50.5645874855135,-180.875303945381));
#2446=CARTESIAN_POINT('Ctrl Pts',(105.478319543933,50.8194476404647,-177.64441682388));
#2447=CARTESIAN_POINT('Ctrl Pts',(105.589083525599,50.8609924042602,-174.252132130835));
#2448=CARTESIAN_POINT('Ctrl Pts',(105.134490726385,50.6904861678408,-170.979288931916));
#2449=CARTESIAN_POINT('Ctrl Pts',(105.062903329282,50.6636355497133,-170.463895097821));
#2450=CARTESIAN_POINT('Ctrl Pts',(104.977179798172,50.6314828259153,-169.950627755542));
#2451=CARTESIAN_POINT('Ctrl Pts',(104.87718543396,50.5939774742687,-169.440571152889));
#2452=CARTESIAN_POINT('',(92.3096060113667,61.9005964099266,-156.269300473227));
#2453=CARTESIAN_POINT('Origin',(70.1452941982471,53.5873251396206,-184.671078038623));
#2454=CARTESIAN_POINT('',(89.5001279263803,69.3910466832372,-156.269300443081));
#2455=CARTESIAN_POINT('',(89.500127968195,69.3910466976729,-156.269300472668));
#2456=CARTESIAN_POINT('',(88.7354136533857,69.1042217413936,-194.358960147713));
#2457=CARTESIAN_POINT('Ctrl Pts',(88.7354136533853,69.1042217413934,-194.358960147712));
#2458=CARTESIAN_POINT('Ctrl Pts',(90.1721943913844,69.6431217781296,-193.22756468601));
#2459=CARTESIAN_POINT('Ctrl Pts',(91.4529404867582,70.1234971754278,-191.897923217855));
#2460=CARTESIAN_POINT('Ctrl Pts',(92.9387649087306,70.680792254912,-189.883534651302));
#2461=CARTESIAN_POINT('Ctrl Pts',(93.2962708649203,70.8148836773738,-189.35092716307));
#2462=CARTESIAN_POINT('Ctrl Pts',(95.0201368391194,71.4614621094579,-186.528062336483));
#2463=CARTESIAN_POINT('Ctrl Pts',(96.0092390327501,71.8324492714367,-184.000833125214));
#2464=CARTESIAN_POINT('Ctrl Pts',(97.388356463307,72.3497212631434,-177.989427065494));
#2465=CARTESIAN_POINT('Ctrl Pts',(97.5349313139778,72.4046977763928,-174.418414658737));
#2466=CARTESIAN_POINT('Ctrl Pts',(96.6386106986284,72.0685106326174,-167.965349772812));
#2467=CARTESIAN_POINT('Ctrl Pts',(95.7365630893277,71.7301754346919,-165.024130675777));
#2468=CARTESIAN_POINT('Ctrl Pts',(93.0752099705963,70.731969337184,-160.027649489799));
#2469=CARTESIAN_POINT('Ctrl Pts',(91.4572375515623,70.1251088955176,-157.964202017052));
#2470=CARTESIAN_POINT('Ctrl Pts',(89.5001279681893,69.391046697659,-156.269300472687));
#2471=CARTESIAN_POINT('',(88.7354136533857,69.1042217413936,-194.358960147713));
#2472=CARTESIAN_POINT('Origin',(85.2456312908032,43.2306792637383,-175.037356955585));
#2473=CARTESIAN_POINT('',(68.0286328493682,36.7730196788119,-162.605795708886));
#2474=CARTESIAN_POINT('',(86.7752880493944,43.8044147298713,-171.157937134095));
#2475=CARTESIAN_POINT('Origin',(86.7752880485788,43.8044147296845,-175.1579371937));
#2476=CARTESIAN_POINT('',(98.4791155210214,48.1942236681268,-171.157937136686));
#2477=CARTESIAN_POINT('Origin',(98.4791155202058,48.19422366794,-175.157937196291));
#2478=CARTESIAN_POINT('',(75.0714605777674,39.4146057916157,-171.157937131503));
#2479=CARTESIAN_POINT('Origin',(75.0714605769518,39.414605791429,-175.157937191108));
#2480=CARTESIAN_POINT('Origin',(64.859977788106,45.2210847132058,-162.605795706031));
#2481=CARTESIAN_POINT('',(64.859977788106,45.2210847132058,-162.605795706031));
#2482=CARTESIAN_POINT('Origin',(86.7752883147853,43.8044140199416,-175.1579371937));
#2483=CARTESIAN_POINT('',(68.0286328495948,36.77301967839,-164.287720153715));
#2484=CARTESIAN_POINT('',(66.4443053180385,40.9970521978713,-164.287720248132));
#2485=CARTESIAN_POINT('',(85.4565029270552,43.3097717965955,-152.419086369622));
#2486=CARTESIAN_POINT('Origin',(86.7752880485787,43.8044147296845,-175.1579371937));
#2487=CARTESIAN_POINT('',(80.1887325102938,57.3543641443787,-152.419086369625));
#2488=CARTESIAN_POINT('',(85.4565033603351,43.309771224986,-152.419086062577));
#2489=CARTESIAN_POINT('Origin',(81.5075176552097,57.8490070107732,-175.157937191868));
#2490=CARTESIAN_POINT('Origin',(81.1852012978679,57.7281143172306,-160.929874392123));
#2491=CARTESIAN_POINT('Ctrl Pts',(92.3096060108962,61.9005964092536,-156.269300472687));
#2492=CARTESIAN_POINT('Ctrl Pts',(89.9962067480804,61.032899013435,-154.669297969183));
#2493=CARTESIAN_POINT('Ctrl Pts',(87.4176190244121,60.0657361512008,-153.552458636219));
#2494=CARTESIAN_POINT('Ctrl Pts',(84.7198568683881,59.0538739817237,-152.947486081872));
#2495=CARTESIAN_POINT('Ctrl Pts',(83.2292434629965,58.4947826953169,-152.613216362286));
#2496=CARTESIAN_POINT('Ctrl Pts',(81.7098761845899,57.9249065603619,-152.436936980641));
#2497=CARTESIAN_POINT('Ctrl Pts',(80.1887325347757,57.3543641535613,-152.419086666432));
#2498=CARTESIAN_POINT('Ctrl Pts',(89.5001279681893,69.391046697659,-156.269300472687));
#2499=CARTESIAN_POINT('Ctrl Pts',(102.142777936252,35.6840236634998,-156.269300472688));
#2500=CARTESIAN_POINT('Ctrl Pts',(87.1867287152128,68.5233492756078,-154.669297969183));
#2501=CARTESIAN_POINT('Ctrl Pts',(99.8293786832757,34.8163262414486,-154.669297969184));
#2502=CARTESIAN_POINT('Ctrl Pts',(84.60814100255,67.5561863840313,-153.552458636219));
#2503=CARTESIAN_POINT('Ctrl Pts',(97.2507909706129,33.8491633498721,-153.552458636219));
#2504=CARTESIAN_POINT('Ctrl Pts',(79.1395152954514,65.5050434945767,-152.32612055095));
#2505=CARTESIAN_POINT('Ctrl Pts',(91.7821652635143,31.7980204604175,-152.32612055095));
#2506=CARTESIAN_POINT('Ctrl Pts',(76.2692951630211,64.4284966739157,-152.25067723826));
#2507=CARTESIAN_POINT('Ctrl Pts',(88.911945131084,30.7214736397565,-152.250677238261));
#2508=CARTESIAN_POINT('Ctrl Pts',(70.6994930410922,62.3394050757772,-153.193414002561));
#2509=CARTESIAN_POINT('Ctrl Pts',(83.3421430091551,28.632382041618,-153.193414002562));
#2510=CARTESIAN_POINT('Ctrl Pts',(68.0233881648888,61.3356659684522,-154.19850407388));
#2511=CARTESIAN_POINT('Ctrl Pts',(80.6660381329517,27.6286429342931,-154.19850407388));
#2512=CARTESIAN_POINT('Ctrl Pts',(65.6013518120824,60.4272215238799,-155.71575376357));
#2513=CARTESIAN_POINT('Ctrl Pts',(78.2440017801453,26.7201984897207,-155.71575376357));
#2514=CARTESIAN_POINT('',(73.6786003347112,38.8921792255597,-155.715753760641));
#2515=CARTESIAN_POINT('Ctrl Pts',(85.456502900793,43.3097718573976,-152.41908666421));
#2516=CARTESIAN_POINT('Ctrl Pts',(84.1743989362145,42.8288871675704,-152.404041443592));
#2517=CARTESIAN_POINT('Ctrl Pts',(82.8910335911346,42.3475293646756,-152.501545068314));
#2518=CARTESIAN_POINT('Ctrl Pts',(81.6225606308698,41.8717573189639,-152.71185976136));
#2519=CARTESIAN_POINT('Ctrl Pts',(81.5984511393541,41.862714459984,-152.715857150714));
#2520=CARTESIAN_POINT('Ctrl Pts',(81.5743470433244,41.8536736247141,-152.719895291023));
#2521=CARTESIAN_POINT('Ctrl Pts',(81.5502484529273,41.8446348544676,-152.723974184057));
#2522=CARTESIAN_POINT('Ctrl Pts',(80.407199384879,41.4159061306549,-152.917445038775));
#2523=CARTESIAN_POINT('Ctrl Pts',(79.2807274767032,40.9933950794079,-153.201887314364));
#2524=CARTESIAN_POINT('Ctrl Pts',(78.1817221433128,40.5811860439947,-153.575678997529));
#2525=CARTESIAN_POINT('Ctrl Pts',(77.1113512764049,40.1797170709357,-153.939731578345));
#2526=CARTESIAN_POINT('Ctrl Pts',(76.0670335088977,39.7880199549302,-154.388538580852));
#2527=CARTESIAN_POINT('Ctrl Pts',(75.05884765888,39.4098750049429,-154.920646084336));
#2528=CARTESIAN_POINT('Ctrl Pts',(74.5906347883013,39.2342602286342,-155.167762805582));
#2529=CARTESIAN_POINT('Ctrl Pts',(74.1302151138918,39.061568482589,-155.43284620551));
#2530=CARTESIAN_POINT('Ctrl Pts',(73.6786003381052,38.8921792307307,-155.715753757712));
#2531=CARTESIAN_POINT('',(65.601351812082,60.4272215238797,-155.715753763569));
#2532=CARTESIAN_POINT('',(65.601351812082,60.4272215238797,-155.715753763569));
#2533=CARTESIAN_POINT('Ctrl Pts',(89.5001279263775,69.3910466819765,-156.269300443769));
#2534=CARTESIAN_POINT('Ctrl Pts',(87.186728684143,68.5233492639543,-154.669297955726));
#2535=CARTESIAN_POINT('Ctrl Pts',(84.6081409862971,67.5561863779352,-153.552458632574));
#2536=CARTESIAN_POINT('Ctrl Pts',(79.1395152954514,65.5050434945767,-152.32612055095));
#2537=CARTESIAN_POINT('Ctrl Pts',(76.2692951630211,64.4284966739157,-152.25067723826));
#2538=CARTESIAN_POINT('Ctrl Pts',(70.6994930410922,62.3394050757772,-153.193414002561));
#2539=CARTESIAN_POINT('Ctrl Pts',(68.0233881648888,61.3356659684522,-154.19850407388));
#2540=CARTESIAN_POINT('Ctrl Pts',(65.6013518120824,60.4272215238799,-155.71575376357));
#2541=CARTESIAN_POINT('Origin',(85.2456312908032,43.2306792637383,-175.037356955585));
#2542=CARTESIAN_POINT('',(68.0286342182002,36.773020192226,-162.605864669225));
#2543=CARTESIAN_POINT('',(68.0286328493682,36.7730196788119,-162.605795708886));
#2544=CARTESIAN_POINT('Ctrl Pts',(73.6786003287535,38.8921792272231,-155.71575376357));
#2545=CARTESIAN_POINT('Ctrl Pts',(72.2418195907543,38.3532791904868,-156.847149225272));
#2546=CARTESIAN_POINT('Ctrl Pts',(70.9610734953805,37.8729037931887,-158.176790693427));
#2547=CARTESIAN_POINT('Ctrl Pts',(69.8549524497555,37.4580258258294,-159.676400980201));
#2548=CARTESIAN_POINT('Ctrl Pts',(69.4752490734081,37.3156087137045,-160.191179259979));
#2549=CARTESIAN_POINT('Ctrl Pts',(69.1177431172185,37.1815172912427,-160.723786748212));
#2550=CARTESIAN_POINT('Ctrl Pts',(68.7825402199678,37.0557911808732,-161.27268816084));
#2551=CARTESIAN_POINT('Ctrl Pts',(68.5166222555384,36.9560520926395,-161.708134117649));
#2552=CARTESIAN_POINT('Ctrl Pts',(68.2653558738986,36.8618084417336,-162.152867131703));
#2553=CARTESIAN_POINT('Ctrl Pts',(68.0286369701231,36.773021181038,-162.605861085726));
#2554=CARTESIAN_POINT('Origin',(64.859977788106,45.2210847132058,-162.605795706031));
#2555=CARTESIAN_POINT('',(64.859977788106,45.2210847132058,-162.60586894407));
#2556=CARTESIAN_POINT('',(64.859977788106,45.2210847132058,-162.605795706031));
#2557=CARTESIAN_POINT('Ctrl Pts',(68.0286328493684,36.7730196788117,-162.605868944071));
#2558=CARTESIAN_POINT('Ctrl Pts',(67.5005236724913,38.1810305178774,-162.605868944071));
#2559=CARTESIAN_POINT('Ctrl Pts',(66.9724144955476,39.5890413569182,-162.605868944198));
#2560=CARTESIAN_POINT('Ctrl Pts',(65.9161961417934,42.4050630350495,-162.605868944198));
#2561=CARTESIAN_POINT('Ctrl Pts',(65.3880869649831,43.8130738741401,-162.60586894407));
#2562=CARTESIAN_POINT('Ctrl Pts',(64.859977788106,45.2210847132058,-162.60586894407));
#2563=CARTESIAN_POINT('Origin',(87.477657736062,41.9318016211642,-175.157937193944));
#2564=CARTESIAN_POINT('',(87.4776577370101,41.931801620998,-171.157937134339));
#2565=CARTESIAN_POINT('Origin',(99.1814852284217,46.3216105041438,-175.157937196535));
#2566=CARTESIAN_POINT('',(99.1814852293697,46.3216105039776,-171.157937136931));
#2567=CARTESIAN_POINT('Origin',(75.7738302437024,37.5419927381846,-175.157937191352));
#2568=CARTESIAN_POINT('',(75.7738302446505,37.5419927380185,-171.157937131748));
#2569=CARTESIAN_POINT('Origin',(58.462496252067,44.7897253332954,-162.605795706031));
#2570=CARTESIAN_POINT('',(58.5352581460872,44.7946314084923,-187.605795706031));
#2571=CARTESIAN_POINT('',(58.4624962525086,44.7897253334614,-187.468918205249));
#2572=CARTESIAN_POINT('Origin',(84.0146597493537,46.5126166522414,-175.037356955641));
#2573=CARTESIAN_POINT('',(58.4624962530025,44.7897253335224,-187.605795707753));
#2574=CARTESIAN_POINT('',(55.3483945411877,44.579752553317,-187.605795706031));
#2575=CARTESIAN_POINT('',(58.462496252067,44.7897253332954,-162.605795706031));
#2576=CARTESIAN_POINT('Origin',(58.462496252067,44.7897253332954,-162.605795706031));
#2577=CARTESIAN_POINT('',(64.859977788105,45.2210847132058,-187.586532335704));
#2578=CARTESIAN_POINT('Ctrl Pts',(64.8599777881061,45.2210847132058,-162.60586894407));
#2579=CARTESIAN_POINT('Ctrl Pts',(64.4447178671514,45.1930852169083,-163.320138887051));
#2580=CARTESIAN_POINT('Ctrl Pts',(64.0691996946409,45.1677673507412,-164.055802953293));
#2581=CARTESIAN_POINT('Ctrl Pts',(63.7332387377025,45.1451153827008,-164.809007856832));
#2582=CARTESIAN_POINT('Ctrl Pts',(63.4065026837,45.1230853982635,-165.541531065124));
#2583=CARTESIAN_POINT('Ctrl Pts',(63.1171814088542,45.1035769514815,-166.290645170051));
#2584=CARTESIAN_POINT('Ctrl Pts',(62.8651171027582,45.0865800475969,-167.052758471315));
#2585=CARTESIAN_POINT('Ctrl Pts',(62.6944140610643,45.0750694008203,-167.568876999384));
#2586=CARTESIAN_POINT('Ctrl Pts',(62.5407983221805,45.0647107071712,-168.090956346263));
#2587=CARTESIAN_POINT('Ctrl Pts',(62.4042238426428,45.0555019767555,-168.617867677713));
#2588=CARTESIAN_POINT('Ctrl Pts',(62.3964189657273,45.054975721721,-168.647979292279));
#2589=CARTESIAN_POINT('Ctrl Pts',(62.388670193042,45.0544533465719,-168.678104816541));
#2590=CARTESIAN_POINT('Ctrl Pts',(62.3809774986662,45.0539348439445,-168.708244028964));
#2591=CARTESIAN_POINT('Ctrl Pts',(62.115077009085,45.0360126315501,-169.750015734346));
#2592=CARTESIAN_POINT('Ctrl Pts',(61.9157924303881,45.0225730153561,-170.809843059109));
#2593=CARTESIAN_POINT('Ctrl Pts',(61.7828395334934,45.0136067777271,-171.878063756223));
#2594=CARTESIAN_POINT('Ctrl Pts',(61.6498866365987,45.004640540098,-172.946284453336));
#2595=CARTESIAN_POINT('Ctrl Pts',(61.5832654059327,45.0001476751928,-174.022897643312));
#2596=CARTESIAN_POINT('Ctrl Pts',(61.5826591758987,45.0001067992622,-175.098288128024));
#2597=CARTESIAN_POINT('Ctrl Pts',(61.5823859161603,45.0000883743319,-175.583023139586));
#2598=CARTESIAN_POINT('Ctrl Pts',(61.5955284993936,45.0009757312716,-176.068278424376));
#2599=CARTESIAN_POINT('Ctrl Pts',(61.6221553974839,45.0027776028418,-176.552933508107));
#2600=CARTESIAN_POINT('Ctrl Pts',(61.6488328982804,45.004582898753,-177.038509647635));
#2601=CARTESIAN_POINT('Ctrl Pts',(61.689046036811,45.0073061968133,-177.523482717868));
#2602=CARTESIAN_POINT('Ctrl Pts',(61.7428150274018,45.0109380327791,-178.006720969115));
#2603=CARTESIAN_POINT('Ctrl Pts',(61.7833218306509,45.0136740719586,-178.370767914214));
#2604=CARTESIAN_POINT('Ctrl Pts',(61.831521048827,45.0169253636299,-178.733830131483));
#2605=CARTESIAN_POINT('Ctrl Pts',(61.8874030569477,45.0206810096125,-179.095424979366));
#2606=CARTESIAN_POINT('Ctrl Pts',(61.960402670008,45.0255870735271,-179.567782449466));
#2607=CARTESIAN_POINT('Ctrl Pts',(62.046611806338,45.0313909770248,-180.038337187944));
#2608=CARTESIAN_POINT('Ctrl Pts',(62.1460821411211,45.0380958557056,-180.506030712585));
#2609=CARTESIAN_POINT('Ctrl Pts',(62.2218574621304,45.0432035527439,-180.862314091353));
#2610=CARTESIAN_POINT('Ctrl Pts',(62.3053276077093,45.0488337560915,-181.216937133774));
#2611=CARTESIAN_POINT('Ctrl Pts',(62.3964971338284,45.0549809923175,-181.569437649576));
#2612=CARTESIAN_POINT('Ctrl Pts',(62.5814096563732,45.0674489847007,-182.284388821859));
#2613=CARTESIAN_POINT('Ctrl Pts',(62.7979395644125,45.0820510618804,-182.9904342819));
#2614=CARTESIAN_POINT('Ctrl Pts',(63.0462224002791,45.0987929771873,-183.684665278374));
#2615=CARTESIAN_POINT('Ctrl Pts',(63.3018422532666,45.1160296335776,-184.399411525889));
#2616=CARTESIAN_POINT('Ctrl Pts',(63.5911193318073,45.135534429885,-185.101634836581));
#2617=CARTESIAN_POINT('Ctrl Pts',(63.9142139705926,45.1573183022047,-185.788215623896));
#2618=CARTESIAN_POINT('Ctrl Pts',(64.2025034635346,45.1767555219896,-186.400834972154));
#2619=CARTESIAN_POINT('Ctrl Pts',(64.5177171595939,45.1980072988358,-187.001001363317));
#2620=CARTESIAN_POINT('Ctrl Pts',(64.859977788105,45.2210847132058,-187.586532335704));
#2621=CARTESIAN_POINT('',(64.859977788106,45.2210847132058,-162.605795706031));
#2622=CARTESIAN_POINT('Origin',(64.859977788106,45.2210847132058,-162.605795706031));
#2623=CARTESIAN_POINT('',(68.028632850281,36.7730196791822,-187.605795706243));
#2624=CARTESIAN_POINT('',(68.0286328493682,36.7730196788119,-162.605795708886));
#2625=CARTESIAN_POINT('',(64.8599777881051,45.2210847132058,-187.605795706031));
#2626=CARTESIAN_POINT('',(66.397093478723,41.1229253778838,-187.605795706031));
#2627=CARTESIAN_POINT('',(64.8599777881055,45.2210847132058,-175.105795706031));
#2628=CARTESIAN_POINT('Origin',(56.1556787672951,32.6069378392125,-187.605795706031));
#2629=CARTESIAN_POINT('',(68.0387652856389,36.7768200991299,-187.605795601676));
#2630=CARTESIAN_POINT('',(62.1393676327116,34.5641056162534,-187.605795706031));
#2631=CARTESIAN_POINT('',(64.871250581099,45.2218447915497,-187.605795602103));
#2632=CARTESIAN_POINT('',(64.8712505096019,45.2218448963678,-187.605795503506));
#2633=CARTESIAN_POINT('',(55.3483945411877,44.579752553317,-187.605795706031));
#2634=CARTESIAN_POINT('Origin',(55.3483945411877,44.579752553317,-187.605795706031));
#2635=CARTESIAN_POINT('',(58.462496252067,44.7897253332954,-162.605795706031));
#2636=CARTESIAN_POINT('',(58.4624962520665,44.7897253332954,-175.105795706031));
#2637=CARTESIAN_POINT('',(55.3689870731604,44.581141034358,-175.215109150169));
#2638=CARTESIAN_POINT('Origin',(84.0146597493537,46.5126166522414,-175.037356955641));
#2639=CARTESIAN_POINT('Origin',(84.0146597493537,46.5126166522414,-175.037356955641));
#2640=CARTESIAN_POINT('Origin',(55.3483945411877,44.579752553317,-187.605795706031));
#2641=CARTESIAN_POINT('Ctrl Pts',(64.859977788105,45.2210847132058,-187.586532335704));
#2642=CARTESIAN_POINT('Ctrl Pts',(64.8618550385857,45.2212112895155,-187.589743889145));
#2643=CARTESIAN_POINT('Ctrl Pts',(64.8637331346996,45.2213379229047,-187.592955056985));
#2644=CARTESIAN_POINT('Ctrl Pts',(64.8674907869259,45.2215912880024,-187.599376225138));
#2645=CARTESIAN_POINT('Ctrl Pts',(64.8693702944594,45.2217180164354,-187.602586142763));
#2646=CARTESIAN_POINT('Ctrl Pts',(64.8712505990022,45.2218447986694,-187.605795591333));
#2647=CARTESIAN_POINT('Origin',(62.2783191949054,34.6162227776568,-187.605795709353));
#2648=CARTESIAN_POINT('',(55.9569942965087,51.4697340610129,-162.605795706031));
#2649=CARTESIAN_POINT('',(62.4394078270376,34.1867385913875,-187.605795709353));
#2650=CARTESIAN_POINT('Origin',(65.6449416392086,34.8991486245864,-187.605795709106));
#2651=CARTESIAN_POINT('',(56.0223956126779,51.4942644369809,-187.605795706031));
#2652=CARTESIAN_POINT('Origin',(78.9243063393819,60.0841906557429,-175.037356955641));
#2653=CARTESIAN_POINT('',(53.1764238517795,50.4268125663256,-175.215109150169));
#2654=CARTESIAN_POINT('',(53.1764238517795,50.4268125663255,-175.215109150169));
#2655=CARTESIAN_POINT('Origin',(78.9243063393819,60.0841906557429,-175.037356955641));
#2656=CARTESIAN_POINT('Origin',(85.9480007209241,41.3580668682779,-175.037356955641));
#2657=CARTESIAN_POINT('Ctrl Pts',(65.6013518120824,60.4272215238799,-155.71575376357));
#2658=CARTESIAN_POINT('Ctrl Pts',(78.2440017807221,26.7201984881827,-155.71575376357));
#2659=CARTESIAN_POINT('Ctrl Pts',(64.1645710740832,59.8883214871436,-156.847149225271));
#2660=CARTESIAN_POINT('Ctrl Pts',(76.807221042723,26.1812984514464,-156.847149225272));
#2661=CARTESIAN_POINT('Ctrl Pts',(62.8838249787094,59.4079460898455,-158.176790693427));
#2662=CARTESIAN_POINT('Ctrl Pts',(75.5264749473492,25.7009230541483,-158.176790693427));
#2663=CARTESIAN_POINT('Ctrl Pts',(61.398000556737,58.8506510103613,-160.191179259979));
#2664=CARTESIAN_POINT('Ctrl Pts',(74.0406505253768,25.1436279746641,-160.19117925998));
#2665=CARTESIAN_POINT('Ctrl Pts',(61.0404946005474,58.7165595878995,-160.723786748212));
#2666=CARTESIAN_POINT('Ctrl Pts',(73.6831445691872,25.0095365522023,-160.723786748212));
#2667=CARTESIAN_POINT('Ctrl Pts',(59.3166286263481,58.0699811558153,-163.546651574799));
#2668=CARTESIAN_POINT('Ctrl Pts',(71.9592785949879,24.3629581201181,-163.546651574799));
#2669=CARTESIAN_POINT('Ctrl Pts',(58.3275264327666,57.6989939937055,-166.073880786067));
#2670=CARTESIAN_POINT('Ctrl Pts',(70.9701764014064,23.9919709580083,-166.073880786068));
#2671=CARTESIAN_POINT('Ctrl Pts',(56.9484090022098,57.1817220019988,-172.085286845787));
#2672=CARTESIAN_POINT('Ctrl Pts',(69.5910589708496,23.4746989663016,-172.085286845788));
#2673=CARTESIAN_POINT('Ctrl Pts',(56.8018341502262,57.1267454922494,-175.656299252545));
#2674=CARTESIAN_POINT('Ctrl Pts',(69.444484118866,23.4197224565522,-175.656299252545));
#2675=CARTESIAN_POINT('Ctrl Pts',(57.6981547655756,57.4629326360247,-182.10936413847));
#2676=CARTESIAN_POINT('Ctrl Pts',(70.3408047342154,23.7559096003275,-182.109364138471));
#2677=CARTESIAN_POINT('Ctrl Pts',(58.6002023774287,57.8012678271451,-185.050583235504));
#2678=CARTESIAN_POINT('Ctrl Pts',(71.2428523460685,24.0942447914479,-185.050583235505));
#2679=CARTESIAN_POINT('Ctrl Pts',(61.2615554961602,58.799473924653,-190.047064421483));
#2680=CARTESIAN_POINT('Ctrl Pts',(73.9042054648,25.0924508889558,-190.047064421483));
#2681=CARTESIAN_POINT('Ctrl Pts',(62.8795279139053,59.4063343697556,-192.110511894229));
#2682=CARTESIAN_POINT('Ctrl Pts',(75.5221778825451,25.6993113340584,-192.11051189423));
#2683=CARTESIAN_POINT('Ctrl Pts',(64.8366374972783,60.1403965676143,-193.805413438595));
#2684=CARTESIAN_POINT('Ctrl Pts',(77.4792874659181,26.4333735319171,-193.805413438595));
#2685=CARTESIAN_POINT('',(72.9138860173827,38.6053542752011,-193.805413441641));
#2686=CARTESIAN_POINT('Ctrl Pts',(68.0387653043644,36.776820106521,-187.605795590355));
#2687=CARTESIAN_POINT('Ctrl Pts',(68.0557193090071,36.7831791239281,-187.637990857266));
#2688=CARTESIAN_POINT('Ctrl Pts',(68.0727481054803,36.7895661938556,-187.670144049133));
#2689=CARTESIAN_POINT('Ctrl Pts',(68.0898517416184,36.7959813342451,-187.702254780916));
#2690=CARTESIAN_POINT('Ctrl Pts',(69.3388039977115,37.2644316683077,-190.047064421483));
#2691=CARTESIAN_POINT('Ctrl Pts',(70.9567764154566,37.8712921134103,-192.110511894229));
#2692=CARTESIAN_POINT('Ctrl Pts',(72.9138859988296,38.605354311269,-193.805413438595));
#2693=CARTESIAN_POINT('',(64.836637538259,60.1403965842447,-193.8054134682));
#2694=CARTESIAN_POINT('',(64.8366374972649,60.140396567621,-193.805413438613));
#2695=CARTESIAN_POINT('Ctrl Pts',(65.6013518120824,60.4272215238799,-155.71575376357));
#2696=CARTESIAN_POINT('Ctrl Pts',(64.1645710740832,59.8883214871436,-156.847149225271));
#2697=CARTESIAN_POINT('Ctrl Pts',(62.8838249787094,59.4079460898455,-158.176790693427));
#2698=CARTESIAN_POINT('Ctrl Pts',(61.398000556737,58.8506510103613,-160.191179259979));
#2699=CARTESIAN_POINT('Ctrl Pts',(61.0404946005474,58.7165595878995,-160.723786748212));
#2700=CARTESIAN_POINT('Ctrl Pts',(59.3166286263481,58.0699811558153,-163.546651574799));
#2701=CARTESIAN_POINT('Ctrl Pts',(58.3275264327666,57.6989939937055,-166.073880786067));
#2702=CARTESIAN_POINT('Ctrl Pts',(56.9484090022098,57.1817220019988,-172.085286845787));
#2703=CARTESIAN_POINT('Ctrl Pts',(56.8018341502262,57.1267454922494,-175.656299252545));
#2704=CARTESIAN_POINT('Ctrl Pts',(57.6981547655756,57.4629326360247,-182.10936413847));
#2705=CARTESIAN_POINT('Ctrl Pts',(58.6002023774287,57.8012678271451,-185.050583235504));
#2706=CARTESIAN_POINT('Ctrl Pts',(61.2615554961602,58.799473924653,-190.047064421483));
#2707=CARTESIAN_POINT('Ctrl Pts',(62.8795279139053,59.4063343697556,-192.110511894229));
#2708=CARTESIAN_POINT('Ctrl Pts',(64.8366374972783,60.1403965676143,-193.805413438595));
#2709=CARTESIAN_POINT('Origin',(85.2456312908032,43.2306792637383,-175.037356955585));
#2710=CARTESIAN_POINT('Ctrl Pts',(72.913886020466,38.6053542803766,-193.805413444688));
#2711=CARTESIAN_POINT('Ctrl Pts',(73.8230365679473,38.9463535995691,-194.434203803714));
#2712=CARTESIAN_POINT('Ctrl Pts',(74.7730092285225,39.3026642583492,-194.988284797325));
#2713=CARTESIAN_POINT('Ctrl Pts',(75.7549875056241,39.6709794123954,-195.466003592868));
#2714=CARTESIAN_POINT('Ctrl Pts',(76.7637969441094,40.0493582547824,-195.956775375832));
#2715=CARTESIAN_POINT('Ctrl Pts',(77.8063856999303,40.4404068626374,-196.366955354514));
#2716=CARTESIAN_POINT('Ctrl Pts',(78.8732231411481,40.8405505375683,-196.694705817833));
#2717=CARTESIAN_POINT('Ctrl Pts',(79.4109394384564,41.0422342870901,-196.85990133757));
#2718=CARTESIAN_POINT('Ctrl Pts',(79.9548163508249,41.246228727121,-197.004155339455));
#2719=CARTESIAN_POINT('Ctrl Pts',(80.5036351408294,41.4520767401539,-197.12722782941));
#2720=CARTESIAN_POINT('Ctrl Pts',(81.0523724921593,41.6578942076049,-197.250282056761));
#2721=CARTESIAN_POINT('Ctrl Pts',(81.605008258868,41.8651738718163,-197.351925965964));
#2722=CARTESIAN_POINT('Ctrl Pts',(82.1601939121864,42.0734099338452,-197.432137086068));
#2723=CARTESIAN_POINT('Ctrl Pts',(82.2748932091551,42.1164307319791,-197.448708406004));
#2724=CARTESIAN_POINT('Ctrl Pts',(82.3897013763851,42.1594923645876,-197.46436493925));
#2725=CARTESIAN_POINT('Ctrl Pts',(82.5046065454279,42.2025903801166,-197.479106492937));
#2726=CARTESIAN_POINT('Ctrl Pts',(64.8366374972783,60.1403965676143,-193.805413438595));
#2727=CARTESIAN_POINT('Ctrl Pts',(77.4792874653412,26.4333735334551,-193.805413438595));
#2728=CARTESIAN_POINT('Ctrl Pts',(67.1500367502548,61.0080939896655,-195.405415942098));
#2729=CARTESIAN_POINT('Ctrl Pts',(79.7926867183177,27.3010709555064,-195.405415942099));
#2730=CARTESIAN_POINT('Ctrl Pts',(69.7286244629373,61.9752568811895,-196.522255275063));
#2731=CARTESIAN_POINT('Ctrl Pts',(82.3712744310002,28.2682338470304,-196.522255275063));
#2732=CARTESIAN_POINT('Ctrl Pts',(75.1972501700359,64.0263997706442,-197.748593360332));
#2733=CARTESIAN_POINT('Ctrl Pts',(87.8399001380988,30.319376736485,-197.748593360332));
#2734=CARTESIAN_POINT('Ctrl Pts',(78.0674703027738,65.102946590485,-197.824036673021));
#2735=CARTESIAN_POINT('Ctrl Pts',(90.7101202708367,31.3959235563258,-197.824036673022));
#2736=CARTESIAN_POINT('Ctrl Pts',(83.6372724247027,67.1920381886234,-196.88129990872));
#2737=CARTESIAN_POINT('Ctrl Pts',(96.2799223927656,33.4850151544642,-196.881299908721));
#2738=CARTESIAN_POINT('Ctrl Pts',(86.3133773005788,68.1957772968211,-195.876209837402));
#2739=CARTESIAN_POINT('Ctrl Pts',(98.9560272686417,34.4887542626619,-195.876209837402));
#2740=CARTESIAN_POINT('Ctrl Pts',(88.7354136533853,69.1042217413934,-194.358960147712));
#2741=CARTESIAN_POINT('Ctrl Pts',(101.378063621448,35.3971987072343,-194.358960147712));
#2742=CARTESIAN_POINT('Ctrl Pts',(64.8366375390901,60.1403965832968,-193.805413467513));
#2743=CARTESIAN_POINT('Ctrl Pts',(67.1500367813247,61.008094001319,-195.405415955555));
#2744=CARTESIAN_POINT('Ctrl Pts',(69.7286244791901,61.9752568872856,-196.522255278708));
#2745=CARTESIAN_POINT('Ctrl Pts',(75.1972501700359,64.0263997706442,-197.748593360332));
#2746=CARTESIAN_POINT('Ctrl Pts',(78.0674703027738,65.102946590485,-197.824036673021));
#2747=CARTESIAN_POINT('Ctrl Pts',(83.6372724247027,67.1920381886234,-196.88129990872));
#2748=CARTESIAN_POINT('Ctrl Pts',(86.3133773005788,68.1957772968211,-195.876209837402));
#2749=CARTESIAN_POINT('Ctrl Pts',(88.7354136533853,69.1042217413934,-194.358960147712));
#2750=CARTESIAN_POINT('Origin',(78.9243063393819,60.0841906557429,-175.037356955641));
#2751=CARTESIAN_POINT('',(92.5190352164579,65.1832288718855,-154.685866690083));
#2752=CARTESIAN_POINT('',(91.5942402062661,64.8363617043461,-196.058528334363));
#2753=CARTESIAN_POINT('Ctrl Pts',(92.5190352164579,65.1832288718855,-154.685866690083));
#2754=CARTESIAN_POINT('Ctrl Pts',(94.3748433634875,65.8792954686597,-156.099938996786));
#2755=CARTESIAN_POINT('Ctrl Pts',(96.0312794100579,66.500582644037,-157.810208427121));
#2756=CARTESIAN_POINT('Ctrl Pts',(98.8183657972859,67.5459481035963,-161.651779538459));
#2757=CARTESIAN_POINT('Ctrl Pts',(99.9562834008621,67.9727521538956,-163.788536600193));
#2758=CARTESIAN_POINT('Ctrl Pts',(101.86721623764,68.6894946245486,-169.109458843683));
#2759=CARTESIAN_POINT('Ctrl Pts',(102.392502654822,68.8865162451969,-172.380679606465));
#2760=CARTESIAN_POINT('Ctrl Pts',(102.240934180494,68.8296667522832,-179.673390193891));
#2761=CARTESIAN_POINT('Ctrl Pts',(101.269008396522,68.4651220261222,-182.869122955717));
#2762=CARTESIAN_POINT('Ctrl Pts',(99.4300349525386,67.7753696997514,-187.329362570596));
#2763=CARTESIAN_POINT('Ctrl Pts',(98.2097861656783,67.3176853094511,-189.41779881215));
#2764=CARTESIAN_POINT('Ctrl Pts',(95.2476455826202,66.2066614581355,-193.128648948346));
#2765=CARTESIAN_POINT('Ctrl Pts',(93.5072420239813,65.5538801973062,-194.743312515574));
#2766=CARTESIAN_POINT('Ctrl Pts',(91.5942402062662,64.8363617043461,-196.058528334363));
#2767=CARTESIAN_POINT('',(66.2543724724977,55.3320196071397,-154.016185576919));
#2768=CARTESIAN_POINT('Ctrl Pts',(66.2543724724977,55.3320196071397,-154.016185576919));
#2769=CARTESIAN_POINT('Ctrl Pts',(68.208712720483,56.0650430974887,-152.672549002378));
#2770=CARTESIAN_POINT('Ctrl Pts',(70.3515116274633,56.8687526539643,-151.644759757809));
#2771=CARTESIAN_POINT('Ctrl Pts',(74.8374919811031,58.5513301784523,-150.297329022583));
#2772=CARTESIAN_POINT('Ctrl Pts',(77.160634424741,59.4226820243599,-149.987527708411));
#2773=CARTESIAN_POINT('Ctrl Pts',(82.3803249493343,61.3804556366179,-150.118004503209));
#2774=CARTESIAN_POINT('Ctrl Pts',(84.7068158878861,62.2530634180933,-150.748727386978));
#2775=CARTESIAN_POINT('Ctrl Pts',(88.5300515716704,63.6870622155104,-152.111310097117));
#2776=CARTESIAN_POINT('Ctrl Pts',(90.6268209207074,64.473507251513,-153.244053947612));
#2777=CARTESIAN_POINT('Ctrl Pts',(92.5190352164579,65.1832288718855,-154.685866690083));
#2778=CARTESIAN_POINT('',(65.3295774623059,54.9851524396002,-195.388847221199));
#2779=CARTESIAN_POINT('Ctrl Pts',(65.329577462306,54.9851524396002,-195.388847221199));
#2780=CARTESIAN_POINT('Ctrl Pts',(63.4737693152763,54.2890858428261,-193.974774914496));
#2781=CARTESIAN_POINT('Ctrl Pts',(61.817333268706,53.6677986674487,-192.26450548416));
#2782=CARTESIAN_POINT('Ctrl Pts',(59.030246881478,52.6224332078894,-188.422934372823));
#2783=CARTESIAN_POINT('Ctrl Pts',(57.8923292779018,52.1956291575901,-186.286177311089));
#2784=CARTESIAN_POINT('Ctrl Pts',(55.9813964411241,51.4788866869371,-180.965255067599));
#2785=CARTESIAN_POINT('Ctrl Pts',(55.4561100239416,51.2818650662889,-177.694034304817));
#2786=CARTESIAN_POINT('Ctrl Pts',(55.6076784982697,51.3387145592025,-170.401323717391));
#2787=CARTESIAN_POINT('Ctrl Pts',(56.5796042822415,51.7032592853635,-167.205590955564));
#2788=CARTESIAN_POINT('Ctrl Pts',(58.4185777262252,52.3930116117343,-162.745351340685));
#2789=CARTESIAN_POINT('Ctrl Pts',(59.6388265130855,52.8506960020346,-160.656915099132));
#2790=CARTESIAN_POINT('Ctrl Pts',(62.6009670961437,53.9617198533503,-156.946064962936));
#2791=CARTESIAN_POINT('Ctrl Pts',(64.3413706547826,54.6145011141796,-155.331401395708));
#2792=CARTESIAN_POINT('Ctrl Pts',(66.2543724724977,55.3320196071397,-154.016185576919));
#2793=CARTESIAN_POINT('Ctrl Pts',(91.5942402062661,64.8363617043461,-196.058528334363));
#2794=CARTESIAN_POINT('Ctrl Pts',(89.6398999582809,64.1033382139971,-197.402164908904));
#2795=CARTESIAN_POINT('Ctrl Pts',(87.4971010513005,63.2996286575214,-198.429954153472));
#2796=CARTESIAN_POINT('Ctrl Pts',(83.0111206976607,61.6170511330334,-199.777384888699));
#2797=CARTESIAN_POINT('Ctrl Pts',(80.6879782540228,60.7456992871258,-200.087186202871));
#2798=CARTESIAN_POINT('Ctrl Pts',(75.4682877294297,58.7879256748679,-199.956709408073));
#2799=CARTESIAN_POINT('Ctrl Pts',(73.1417967908779,57.9153178933925,-199.325986524304));
#2800=CARTESIAN_POINT('Ctrl Pts',(69.3185611070934,56.4813190959753,-197.963403814165));
#2801=CARTESIAN_POINT('Ctrl Pts',(67.2217917580564,55.6948740599728,-196.83065996367));
#2802=CARTESIAN_POINT('Ctrl Pts',(65.3295774623059,54.9851524396002,-195.388847221199));
#2803=CARTESIAN_POINT('Origin',(111.513652559092,110.964794631318,-145.157937150835));
#2804=CARTESIAN_POINT('',(100.401516958311,108.889059326271,-143.03699288737));
#2805=CARTESIAN_POINT('',(100.47469136815,110.220476820105,-142.657937150835));
#2806=CARTESIAN_POINT('Ctrl Pts',(100.401516958311,108.889059326271,-143.03699288737));
#2807=CARTESIAN_POINT('Ctrl Pts',(100.40609876596,109.161978530722,-142.867268256138));
#2808=CARTESIAN_POINT('Ctrl Pts',(100.419830159127,109.464871001359,-142.751935578332));
#2809=CARTESIAN_POINT('Ctrl Pts',(100.450861182777,109.926487698459,-142.670679426979));
#2810=CARTESIAN_POINT('Ctrl Pts',(100.462147418144,110.073561693749,-142.657937150835));
#2811=CARTESIAN_POINT('Ctrl Pts',(100.47469136815,110.220476820105,-142.657937150835));
#2812=CARTESIAN_POINT('Ctrl Pts',(100.47469136815,110.220476820105,-142.657937150835));
#2813=CARTESIAN_POINT('Ctrl Pts',(100.490691732429,110.407873576196,-142.657937150835));
#2814=CARTESIAN_POINT('Ctrl Pts',(100.508737037026,110.595011968079,-142.678672824604));
#2815=CARTESIAN_POINT('Ctrl Pts',(100.562667877873,111.099457043157,-142.792013890018));
#2816=CARTESIAN_POINT('Ctrl Pts',(100.601138731759,111.403419599515,-142.925648464421));
#2817=CARTESIAN_POINT('Ctrl Pts',(100.67925748808,111.930603771201,-143.291895639704));
#2818=CARTESIAN_POINT('Ctrl Pts',(100.718170564551,112.152813733483,-143.516872323362));
#2819=CARTESIAN_POINT('Ctrl Pts',(100.796454860638,112.515497671162,-144.054894659096));
#2820=CARTESIAN_POINT('Ctrl Pts',(100.834933136389,112.645687439932,-144.367867466422));
#2821=CARTESIAN_POINT('Ctrl Pts',(100.896365115855,112.758901497624,-144.948774249241));
#2822=CARTESIAN_POINT('Ctrl Pts',(100.920479700367,112.768903827259,-145.206167150137));
#2823=CARTESIAN_POINT('Ctrl Pts',(100.960072300061,112.713347155615,-145.68217178116));
#2824=CARTESIAN_POINT('Ctrl Pts',(100.976081416299,112.657751914953,-145.899172335382));
#2825=CARTESIAN_POINT('Ctrl Pts',(101.003594642937,112.484894633354,-146.324521308149));
#2826=CARTESIAN_POINT('Ctrl Pts',(101.014645144935,112.365245820734,-146.52935121935));
#2827=CARTESIAN_POINT('Ctrl Pts',(101.031786575732,112.040987925384,-146.937495419882));
#2828=CARTESIAN_POINT('Ctrl Pts',(101.036253871079,111.826501683332,-147.12848861926));
#2829=CARTESIAN_POINT('Ctrl Pts',(101.035588855295,111.584316061381,-147.279170027992));
#2830=CARTESIAN_POINT('Ctrl Pts',(101.034850382928,111.315379001951,-147.446495464774));
#2831=CARTESIAN_POINT('Ctrl Pts',(101.027796251702,111.01719458026,-147.561073665112));
#2832=CARTESIAN_POINT('Ctrl Pts',(101.000139577075,110.376619581952,-147.677115507429));
#2833=CARTESIAN_POINT('Ctrl Pts',(100.979047128509,110.039242266815,-147.670619345372));
#2834=CARTESIAN_POINT('Ctrl Pts',(100.924113970988,109.389029154236,-147.528424107689));
#2835=CARTESIAN_POINT('Ctrl Pts',(100.890828207924,109.082212922844,-147.394809856682));
#2836=CARTESIAN_POINT('Ctrl Pts',(100.816246266992,108.546548846567,-147.024579907649));
#2837=CARTESIAN_POINT('Ctrl Pts',(100.77584077498,108.319965171758,-146.794454082592));
#2838=CARTESIAN_POINT('Ctrl Pts',(100.689576949167,107.955276416715,-146.248304960687));
#2839=CARTESIAN_POINT('Ctrl Pts',(100.644329736582,107.825997012389,-145.933235494444));
#2840=CARTESIAN_POINT('Ctrl Pts',(100.567364960212,107.712924521235,-145.336800780541));
#2841=CARTESIAN_POINT('Ctrl Pts',(100.535261977268,107.705952335531,-145.064989876403));
#2842=CARTESIAN_POINT('Ctrl Pts',(100.483669829634,107.774338602256,-144.573484884158));
#2843=CARTESIAN_POINT('Ctrl Pts',(100.463232612283,107.835925697941,-144.355004119007));
#2844=CARTESIAN_POINT('Ctrl Pts',(100.430380807106,108.016136311121,-143.943018244615));
#2845=CARTESIAN_POINT('Ctrl Pts',(100.418039481777,108.133076905991,-143.751348354932));
#2846=CARTESIAN_POINT('Ctrl Pts',(100.400703486128,108.443299053736,-143.370432112787));
#2847=CARTESIAN_POINT('Ctrl Pts',(100.397750494524,108.64467028664,-143.191824919143));
#2848=CARTESIAN_POINT('Ctrl Pts',(100.401315357363,108.876790855302,-143.044659475837));
#2849=CARTESIAN_POINT('Ctrl Pts',(100.4014138484,108.882917498196,-143.040812404239));
#2850=CARTESIAN_POINT('Ctrl Pts',(100.401516958311,108.889059326271,-143.03699288737));
#2851=CARTESIAN_POINT('',(95.3939907344915,109.87790328355,-142.657937150835));
#2852=CARTESIAN_POINT('',(111.513652559092,110.964794631318,-142.657937150835));
#2853=CARTESIAN_POINT('',(95.3345794509204,109.074368150696,-142.788623734893));
#2854=CARTESIAN_POINT('Ctrl Pts',(95.3345794509204,109.074368150696,-142.788623734893));
#2855=CARTESIAN_POINT('Ctrl Pts',(95.3191860009033,108.791971714295,-142.883138993403));
#2856=CARTESIAN_POINT('Ctrl Pts',(95.3113607203947,108.528231409439,-143.027099541061));
#2857=CARTESIAN_POINT('Ctrl Pts',(95.3127945031906,108.112233849278,-143.363110862882));
#2858=CARTESIAN_POINT('Ctrl Pts',(95.3188193802501,107.950719463938,-143.536829899283));
#2859=CARTESIAN_POINT('Ctrl Pts',(95.3399971098149,107.698377551453,-143.900984100764));
#2860=CARTESIAN_POINT('Ctrl Pts',(95.353840781057,107.602483354862,-144.085097648477));
#2861=CARTESIAN_POINT('Ctrl Pts',(95.3898510069624,107.453191581384,-144.488091169813));
#2862=CARTESIAN_POINT('Ctrl Pts',(95.4124059231384,107.404575454417,-144.706506354387));
#2863=CARTESIAN_POINT('Ctrl Pts',(95.4706401076523,107.361599457788,-145.213608379513));
#2864=CARTESIAN_POINT('Ctrl Pts',(95.5077615567657,107.387160262299,-145.500563046821));
#2865=CARTESIAN_POINT('Ctrl Pts',(95.5929155793887,107.546971658353,-146.10233996863));
#2866=CARTESIAN_POINT('Ctrl Pts',(95.6408529130485,107.698368901038,-146.407230162668));
#2867=CARTESIAN_POINT('Ctrl Pts',(95.7313101994874,108.102420517121,-146.928104847708));
#2868=CARTESIAN_POINT('Ctrl Pts',(95.7732397958506,108.347044757955,-147.143161137118));
#2869=CARTESIAN_POINT('Ctrl Pts',(95.8495892006582,108.913885072083,-147.476331056224));
#2870=CARTESIAN_POINT('Ctrl Pts',(95.8830274466235,109.23340203556,-147.58775336855));
#2871=CARTESIAN_POINT('Ctrl Pts',(95.924874856584,109.751537205927,-147.659629659931));
#2872=CARTESIAN_POINT('Ctrl Pts',(95.9377018158482,109.939750524409,-147.664773330069));
#2873=CARTESIAN_POINT('Ctrl Pts',(95.9595719351853,110.327131472487,-147.632134036243));
#2874=CARTESIAN_POINT('Ctrl Pts',(95.968212738397,110.524738987865,-147.591454042024));
#2875=CARTESIAN_POINT('Ctrl Pts',(95.9741701384169,110.715473247407,-147.527612659057));
#2876=CARTESIAN_POINT('Ctrl Pts',(95.9836157459231,111.017887211141,-147.426390541332));
#2877=CARTESIAN_POINT('Ctrl Pts',(95.9861998190392,111.298303407451,-147.268514335642));
#2878=CARTESIAN_POINT('Ctrl Pts',(95.978844802163,111.736273033959,-146.896271335426));
#2879=CARTESIAN_POINT('Ctrl Pts',(95.9713215487344,111.904367942413,-146.701640448715));
#2880=CARTESIAN_POINT('Ctrl Pts',(95.9499801917261,112.153997011903,-146.301634847341));
#2881=CARTESIAN_POINT('Ctrl Pts',(95.9374117607598,112.243766128811,-146.104449096779));
#2882=CARTESIAN_POINT('Ctrl Pts',(95.9066324303282,112.37152767066,-145.686608301375));
#2883=CARTESIAN_POINT('Ctrl Pts',(95.8884265643496,112.407479645247,-145.467484702974));
#2884=CARTESIAN_POINT('Ctrl Pts',(95.8417964148735,112.422154812305,-144.966839237115));
#2885=CARTESIAN_POINT('Ctrl Pts',(95.8122829581753,112.38292182069,-144.68804988467));
#2886=CARTESIAN_POINT('Ctrl Pts',(95.7412616505192,112.196931829375,-144.101317766965));
#2887=CARTESIAN_POINT('Ctrl Pts',(95.699224651493,112.031845300935,-143.804951581488));
#2888=CARTESIAN_POINT('Ctrl Pts',(95.6147752577761,111.607813375812,-143.308222050581));
#2889=CARTESIAN_POINT('Ctrl Pts',(95.5731968731887,111.357968963634,-143.107622107238));
#2890=CARTESIAN_POINT('Ctrl Pts',(95.4912758563338,110.782919941074,-142.80080632069));
#2891=CARTESIAN_POINT('Ctrl Pts',(95.4518183175945,110.459394058677,-142.702708447123));
#2892=CARTESIAN_POINT('Ctrl Pts',(95.409565995811,110.043395282136,-142.661973373692));
#2893=CARTESIAN_POINT('Ctrl Pts',(95.4015657704507,109.960618580092,-142.657937150835));
#2894=CARTESIAN_POINT('Ctrl Pts',(95.3939907344915,109.87790328355,-142.657937150835));
#2895=CARTESIAN_POINT('Ctrl Pts',(95.3939907344915,109.877903283551,-142.657937150835));
#2896=CARTESIAN_POINT('Ctrl Pts',(95.3711492298322,109.628486404014,-142.657937150835));
#2897=CARTESIAN_POINT('Ctrl Pts',(95.3521724369839,109.379627968231,-142.694633181673));
#2898=CARTESIAN_POINT('Ctrl Pts',(95.3369841126246,109.117779222374,-142.774421848406));
#2899=CARTESIAN_POINT('Ctrl Pts',(95.3357596319989,109.096018848265,-142.781377463291));
#2900=CARTESIAN_POINT('Ctrl Pts',(95.3345794509204,109.074368150696,-142.788623734893));
#2901=CARTESIAN_POINT('Origin',(109.831810421368,135.908158619036,-145.157937150835));
#2902=CARTESIAN_POINT('',(101.729994645496,133.391617840925,-143.613389445178));
#2903=CARTESIAN_POINT('',(101.755629240873,135.363610506194,-142.657937150835));
#2904=CARTESIAN_POINT('Ctrl Pts',(101.729994645496,133.391617840926,-143.613389445178));
#2905=CARTESIAN_POINT('Ctrl Pts',(101.728600831303,133.491873573166,-143.48596014296));
#2906=CARTESIAN_POINT('Ctrl Pts',(101.727930739621,133.604504951875,-143.368383016717));
#2907=CARTESIAN_POINT('Ctrl Pts',(101.728136153747,133.978004467659,-143.047936458661));
#2908=CARTESIAN_POINT('Ctrl Pts',(101.731307829458,134.267913393388,-142.884999223751));
#2909=CARTESIAN_POINT('Ctrl Pts',(101.741791694155,134.83401178419,-142.699845014838));
#2910=CARTESIAN_POINT('Ctrl Pts',(101.748110377313,135.098226482482,-142.657937150549));
#2911=CARTESIAN_POINT('Ctrl Pts',(101.755629240782,135.363610507543,-142.657937150835));
#2912=CARTESIAN_POINT('Ctrl Pts',(101.755629240782,135.363610507543,-142.657937150835));
#2913=CARTESIAN_POINT('Ctrl Pts',(101.757522240757,135.430425386522,-142.657937150907));
#2914=CARTESIAN_POINT('Ctrl Pts',(101.759491268643,135.497314386381,-142.660593340304));
#2915=CARTESIAN_POINT('Ctrl Pts',(101.771261178646,135.883085583309,-142.691367286055));
#2916=CARTESIAN_POINT('Ctrl Pts',(101.782381780484,136.194368786686,-142.77729237484));
#2917=CARTESIAN_POINT('Ctrl Pts',(101.805170243388,136.75377777909,-143.053854462551));
#2918=CARTESIAN_POINT('Ctrl Pts',(101.816599444678,136.999793800312,-143.236902981762));
#2919=CARTESIAN_POINT('Ctrl Pts',(101.840060065713,137.435270360919,-143.704458565754));
#2920=CARTESIAN_POINT('Ctrl Pts',(101.851802865055,137.612159750904,-143.992687852075));
#2921=CARTESIAN_POINT('Ctrl Pts',(101.86971650926,137.80471456359,-144.520266761977));
#2922=CARTESIAN_POINT('Ctrl Pts',(101.876384031862,137.853084202761,-144.742876180128));
#2923=CARTESIAN_POINT('Ctrl Pts',(101.88725347888,137.884878409222,-145.151732115534));
#2924=CARTESIAN_POINT('Ctrl Pts',(101.891650091723,137.878877771688,-145.335492578918));
#2925=CARTESIAN_POINT('Ctrl Pts',(101.89954669088,137.826042095892,-145.702443289912));
#2926=CARTESIAN_POINT('Ctrl Pts',(101.902999345461,137.778472172302,-145.884330253187));
#2927=CARTESIAN_POINT('Ctrl Pts',(101.909730182106,137.621302073018,-146.291250793539));
#2928=CARTESIAN_POINT('Ctrl Pts',(101.912545714247,137.497396931201,-146.508579803195));
#2929=CARTESIAN_POINT('Ctrl Pts',(101.914301286724,137.34338151964,-146.703997182774));
#2930=CARTESIAN_POINT('Ctrl Pts',(101.915617376087,137.227921720812,-146.850494543689));
#2931=CARTESIAN_POINT('Ctrl Pts',(101.916326795779,137.096402766868,-146.98358359916));
#2932=CARTESIAN_POINT('Ctrl Pts',(101.91649484336,136.82343030419,-147.20413722979));
#2933=CARTESIAN_POINT('Ctrl Pts',(101.91609107016,136.685676708295,-147.294600015907));
#2934=CARTESIAN_POINT('Ctrl Pts',(101.913392080522,136.246138589867,-147.524984135817));
#2935=CARTESIAN_POINT('Ctrl Pts',(101.909623258433,135.924530142812,-147.619165094245));
#2936=CARTESIAN_POINT('Ctrl Pts',(101.898212170979,135.26842923574,-147.676893843551));
#2937=CARTESIAN_POINT('Ctrl Pts',(101.890725658043,134.940379814315,-147.641857336374));
#2938=CARTESIAN_POINT('Ctrl Pts',(101.872800201393,134.33025951182,-147.452988980477));
#2939=CARTESIAN_POINT('Ctrl Pts',(101.862652999343,134.051947561214,-147.306204813421));
#2940=CARTESIAN_POINT('Ctrl Pts',(101.840717958563,133.572567241448,-146.925884029367));
#2941=CARTESIAN_POINT('Ctrl Pts',(101.82917632116,133.372744853326,-146.698833452281));
#2942=CARTESIAN_POINT('Ctrl Pts',(101.806439471123,133.073216424952,-146.202118054476));
#2943=CARTESIAN_POINT('Ctrl Pts',(101.795434886877,132.969824034689,-145.939761098854));
#2944=CARTESIAN_POINT('Ctrl Pts',(101.777308326492,132.869524638847,-145.463222412476));
#2945=CARTESIAN_POINT('Ctrl Pts',(101.769997280276,132.852258758181,-145.256200849325));
#2946=CARTESIAN_POINT('Ctrl Pts',(101.75729453754,132.868570814463,-144.861992917529));
#2947=CARTESIAN_POINT('Ctrl Pts',(101.75182993217,132.897482265118,-144.676053490832));
#2948=CARTESIAN_POINT('Ctrl Pts',(101.741795862538,133.002757291556,-144.291610905623));
#2949=CARTESIAN_POINT('Ctrl Pts',(101.73746663002,133.084144527627,-144.096035523616));
#2950=CARTESIAN_POINT('Ctrl Pts',(101.732465141276,133.249462401819,-143.808198592636));
#2951=CARTESIAN_POINT('Ctrl Pts',(101.731030303891,133.317123915292,-143.708074394864));
#2952=CARTESIAN_POINT('Ctrl Pts',(101.729994645496,133.391617840926,-143.613389445178));
#2953=CARTESIAN_POINT('',(96.741024387519,135.025493550317,-142.657937150835));
#2954=CARTESIAN_POINT('',(109.831810421368,135.908158619036,-142.657937150835));
#2955=CARTESIAN_POINT('',(96.7138397856763,133.114672389276,-143.538598746297));
#2956=CARTESIAN_POINT('Ctrl Pts',(96.7138397856763,133.114672389276,-143.538598746296));
#2957=CARTESIAN_POINT('Ctrl Pts',(96.7146700227588,133.038313656434,-143.628274007227));
#2958=CARTESIAN_POINT('Ctrl Pts',(96.7158971137366,132.968257844706,-143.723416912681));
#2959=CARTESIAN_POINT('Ctrl Pts',(96.7204346026259,132.790949758878,-144.004128902572));
#2960=CARTESIAN_POINT('Ctrl Pts',(96.7245994372746,132.700560225332,-144.198780304198));
#2961=CARTESIAN_POINT('Ctrl Pts',(96.7343269696115,132.58113373048,-144.576785013795));
#2962=CARTESIAN_POINT('Ctrl Pts',(96.7395666204688,132.54546725562,-144.756485852157));
#2963=CARTESIAN_POINT('Ctrl Pts',(96.7516585068046,132.513020537467,-145.133049835789));
#2964=CARTESIAN_POINT('Ctrl Pts',(96.758553158641,132.519221424296,-145.328901622275));
#2965=CARTESIAN_POINT('Ctrl Pts',(96.7755882138405,132.586654855142,-145.77818783885));
#2966=CARTESIAN_POINT('Ctrl Pts',(96.7859437541825,132.664782104176,-146.026782141225));
#2967=CARTESIAN_POINT('Ctrl Pts',(96.8099249424569,132.927439771284,-146.557727139757));
#2968=CARTESIAN_POINT('Ctrl Pts',(96.8233847832239,133.133452974869,-146.824033317339));
#2969=CARTESIAN_POINT('Ctrl Pts',(96.8476302029647,133.619599917218,-147.245449524628));
#2970=CARTESIAN_POINT('Ctrl Pts',(96.8583398009499,133.889421290803,-147.403514183568));
#2971=CARTESIAN_POINT('Ctrl Pts',(96.8774671611278,134.486857417952,-147.618837063599));
#2972=CARTESIAN_POINT('Ctrl Pts',(96.8855836160907,134.811142473143,-147.668898447739));
#2973=CARTESIAN_POINT('Ctrl Pts',(96.8982675963253,135.467818848812,-147.642687671519));
#2974=CARTESIAN_POINT('Ctrl Pts',(96.9026434086437,135.793864667964,-147.563899817772));
#2975=CARTESIAN_POINT('Ctrl Pts',(96.906174977054,136.247339599143,-147.353130911528));
#2976=CARTESIAN_POINT('Ctrl Pts',(96.9068315418947,136.392110602449,-147.267252511239));
#2977=CARTESIAN_POINT('Ctrl Pts',(96.9071211639387,136.680586271611,-147.054273578566));
#2978=CARTESIAN_POINT('Ctrl Pts',(96.9066029972231,136.820532783695,-146.923863843447));
#2979=CARTESIAN_POINT('Ctrl Pts',(96.9054274114922,136.944268126127,-146.778798478693));
#2980=CARTESIAN_POINT('Ctrl Pts',(96.9038427410776,137.111061352052,-146.583252730146));
#2981=CARTESIAN_POINT('Ctrl Pts',(96.9010828911601,137.246633710588,-146.363144009183));
#2982=CARTESIAN_POINT('Ctrl Pts',(96.8943420444395,137.418898275857,-145.952930142224));
#2983=CARTESIAN_POINT('Ctrl Pts',(96.8909085602986,137.471807167193,-145.772002009074));
#2984=CARTESIAN_POINT('Ctrl Pts',(96.883162145498,137.533899846804,-145.413263155561));
#2985=CARTESIAN_POINT('Ctrl Pts',(96.8789393361168,137.545429786538,-145.237000430548));
#2986=CARTESIAN_POINT('Ctrl Pts',(96.868632837623,137.529632552472,-144.848684858339));
#2987=CARTESIAN_POINT('Ctrl Pts',(96.8623871802472,137.493863431131,-144.63838017571));
#2988=CARTESIAN_POINT('Ctrl Pts',(96.8450256436242,137.335282359757,-144.118349946006));
#2989=CARTESIAN_POINT('Ctrl Pts',(96.8333014738011,137.176597600369,-143.823986428388));
#2990=CARTESIAN_POINT('Ctrl Pts',(96.8096234676077,136.773236129838,-143.337085977193));
#2991=CARTESIAN_POINT('Ctrl Pts',(96.7979768282741,136.540945907422,-143.14167181922));
#2992=CARTESIAN_POINT('Ctrl Pts',(96.7744499321349,136.004736012947,-142.83425503931));
#2993=CARTESIAN_POINT('Ctrl Pts',(96.762795525321,135.702352653792,-142.729864356447));
#2994=CARTESIAN_POINT('Ctrl Pts',(96.7483613795795,135.268111421886,-142.666684149339));
#2995=CARTESIAN_POINT('Ctrl Pts',(96.7445658379658,135.14674835371,-142.65793714982));
#2996=CARTESIAN_POINT('Ctrl Pts',(96.7410243895252,135.025493550258,-142.657937150835));
#2997=CARTESIAN_POINT('Ctrl Pts',(96.7410243895252,135.025493550258,-142.657937150835));
#2998=CARTESIAN_POINT('Ctrl Pts',(96.7348227099158,134.813155730093,-142.657937152613));
#2999=CARTESIAN_POINT('Ctrl Pts',(96.7294004604739,134.601149907606,-142.684761606061));
#3000=CARTESIAN_POINT('Ctrl Pts',(96.7181905464954,134.075306926104,-142.820805611998));
#3001=CARTESIAN_POINT('Ctrl Pts',(96.7139684770035,133.775278231646,-142.965440219023));
#3002=CARTESIAN_POINT('Ctrl Pts',(96.712222424926,133.365944077992,-143.274292956817));
#3003=CARTESIAN_POINT('Ctrl Pts',(96.7125557335002,133.232769495666,-143.399906177202));
#3004=CARTESIAN_POINT('Ctrl Pts',(96.7138397856763,133.114672389276,-143.538598746296));
#3005=CARTESIAN_POINT('Origin',(111.51365255909,110.964794631318,-205.157937150835));
#3006=CARTESIAN_POINT('',(100.767170914112,108.420641038708,-203.439159259446));
#3007=CARTESIAN_POINT('',(100.984486076194,110.254850493169,-202.657937150835));
#3008=CARTESIAN_POINT('Ctrl Pts',(100.767170914112,108.420641038707,-203.439159259446));
#3009=CARTESIAN_POINT('Ctrl Pts',(100.809699028216,108.643125629683,-203.207717380238));
#3010=CARTESIAN_POINT('Ctrl Pts',(100.849635531986,108.90803098606,-203.020041105355));
#3011=CARTESIAN_POINT('Ctrl Pts',(100.920837333464,109.496275662779,-202.752342892619));
#3012=CARTESIAN_POINT('Ctrl Pts',(100.951451195324,109.814788272554,-202.675335204849));
#3013=CARTESIAN_POINT('Ctrl Pts',(100.978939772914,110.177990095364,-202.65881027657));
#3014=CARTESIAN_POINT('Ctrl Pts',(100.981758361735,110.216432688678,-202.657937150327));
#3015=CARTESIAN_POINT('Ctrl Pts',(100.984486071701,110.254850493488,-202.657937150835));
#3016=CARTESIAN_POINT('Ctrl Pts',(100.984486071701,110.254850493488,-202.657937150835));
#3017=CARTESIAN_POINT('Ctrl Pts',(101.003830842981,110.527307483531,-202.65793715444));
#3018=CARTESIAN_POINT('Ctrl Pts',(101.018613224408,110.798517120384,-202.701852004485));
#3019=CARTESIAN_POINT('Ctrl Pts',(101.04079810302,111.371514148131,-202.89393994709));
#3020=CARTESIAN_POINT('Ctrl Pts',(101.045785033104,111.661519572704,-203.06003437073));
#3021=CARTESIAN_POINT('Ctrl Pts',(101.042001976461,112.109700780926,-203.452287274993));
#3022=CARTESIAN_POINT('Ctrl Pts',(101.035811286646,112.279610122296,-203.657001614367));
#3023=CARTESIAN_POINT('Ctrl Pts',(101.016143658518,112.529988481489,-204.081331581669));
#3024=CARTESIAN_POINT('Ctrl Pts',(101.003865760987,112.618184386992,-204.292953821786));
#3025=CARTESIAN_POINT('Ctrl Pts',(100.972775514715,112.736138479607,-204.741939562877));
#3026=CARTESIAN_POINT('Ctrl Pts',(100.953913430655,112.763067322361,-204.977477432334));
#3027=CARTESIAN_POINT('Ctrl Pts',(100.906012348019,112.748292811045,-205.499402442383));
#3028=CARTESIAN_POINT('Ctrl Pts',(100.876021980567,112.690707993335,-205.781717401903));
#3029=CARTESIAN_POINT('Ctrl Pts',(100.804602957593,112.465291045723,-206.359460969418));
#3030=CARTESIAN_POINT('Ctrl Pts',(100.762779814491,112.282661432382,-206.64316884153));
#3031=CARTESIAN_POINT('Ctrl Pts',(100.719591141521,112.050470535637,-206.883095278421));
#3032=CARTESIAN_POINT('Ctrl Pts',(100.678270546992,111.828322800182,-207.112643961761));
#3033=CARTESIAN_POINT('Ctrl Pts',(100.636394818478,111.564577328458,-207.298226032415));
#3034=CARTESIAN_POINT('Ctrl Pts',(100.55546330559,110.976794455901,-207.564773863749));
#3035=CARTESIAN_POINT('Ctrl Pts',(100.517144557369,110.656449213083,-207.641490303495));
#3036=CARTESIAN_POINT('Ctrl Pts',(100.453136384486,110.021431893955,-207.668889816729));
#3037=CARTESIAN_POINT('Ctrl Pts',(100.427400525317,109.712255617006,-207.625943029481));
#3038=CARTESIAN_POINT('Ctrl Pts',(100.39059976951,109.11509602194,-207.426654374186));
#3039=CARTESIAN_POINT('Ctrl Pts',(100.38040646261,108.833710460243,-207.268686825099));
#3040=CARTESIAN_POINT('Ctrl Pts',(100.379722655338,108.402651934109,-206.90255704006));
#3041=CARTESIAN_POINT('Ctrl Pts',(100.385194348426,108.240271357316,-206.71695695343));
#3042=CARTESIAN_POINT('Ctrl Pts',(100.406397912969,107.986951727983,-206.321861064973));
#3043=CARTESIAN_POINT('Ctrl Pts',(100.421085315576,107.892427499434,-206.117928192805));
#3044=CARTESIAN_POINT('Ctrl Pts',(100.459835382941,107.755713454363,-205.673498431066));
#3045=CARTESIAN_POINT('Ctrl Pts',(100.484314469059,107.719116527445,-205.434029507149));
#3046=CARTESIAN_POINT('Ctrl Pts',(100.545743310668,107.715661849357,-204.898786603258));
#3047=CARTESIAN_POINT('Ctrl Pts',(100.583740465026,107.766255697298,-204.606686198175));
#3048=CARTESIAN_POINT('Ctrl Pts',(100.668806996394,107.980433679633,-204.013916463405));
#3049=CARTESIAN_POINT('Ctrl Pts',(100.715554227206,108.157280379965,-203.723652754415));
#3050=CARTESIAN_POINT('Ctrl Pts',(100.762649046782,108.397141904265,-203.463852104297));
#3051=CARTESIAN_POINT('Ctrl Pts',(100.764913553343,108.408831721555,-203.451444022817));
#3052=CARTESIAN_POINT('Ctrl Pts',(100.767170914112,108.420641038707,-203.439159259446));
#3053=CARTESIAN_POINT('',(95.9236964796149,109.913619454119,-202.657937150835));
#3054=CARTESIAN_POINT('',(111.51365255909,110.964794631318,-202.657937150835));
#3055=CARTESIAN_POINT('',(95.9866382763911,111.290470272506,-203.0664120863));
#3056=CARTESIAN_POINT('Ctrl Pts',(95.9866382763911,111.290470272506,-203.0664120863));
#3057=CARTESIAN_POINT('Ctrl Pts',(95.9834942653126,111.02489460573,-202.893049808285));
#3058=CARTESIAN_POINT('Ctrl Pts',(95.9734538330598,110.728798554284,-202.771872749788));
#3059=CARTESIAN_POINT('Ctrl Pts',(95.9474547176635,110.251606795693,-202.674814244338));
#3060=CARTESIAN_POINT('Ctrl Pts',(95.93648722946,110.082586995084,-202.657937150835));
#3061=CARTESIAN_POINT('Ctrl Pts',(95.9236964796149,109.913619454119,-202.657937150835));
#3062=CARTESIAN_POINT('Ctrl Pts',(95.9236964796148,109.913619454119,-202.657937150835));
#3063=CARTESIAN_POINT('Ctrl Pts',(95.9128559688832,109.770414836462,-202.657937150835));
#3064=CARTESIAN_POINT('Ctrl Pts',(95.9007050901542,109.627247811122,-202.670061641016));
#3065=CARTESIAN_POINT('Ctrl Pts',(95.8565972522134,109.161947607228,-202.749544430788));
#3066=CARTESIAN_POINT('Ctrl Pts',(95.8197910554986,108.852412070769,-202.866889836273));
#3067=CARTESIAN_POINT('Ctrl Pts',(95.7350278054039,108.285110355919,-203.217722983325));
#3068=CARTESIAN_POINT('Ctrl Pts',(95.6874424674676,108.034970958923,-203.452248785514));
#3069=CARTESIAN_POINT('Ctrl Pts',(95.5895695481151,107.644754912548,-204.001440401606));
#3070=CARTESIAN_POINT('Ctrl Pts',(95.5401900287744,107.506804401952,-204.310305756598));
#3071=CARTESIAN_POINT('Ctrl Pts',(95.4551853263322,107.373154400412,-204.909724608718));
#3072=CARTESIAN_POINT('Ctrl Pts',(95.4192383870726,107.358449794337,-205.190782341755));
#3073=CARTESIAN_POINT('Ctrl Pts',(95.3637086711393,107.417351291617,-205.689455661126));
#3074=CARTESIAN_POINT('Ctrl Pts',(95.342554269931,107.473060354536,-205.905809883245));
#3075=CARTESIAN_POINT('Ctrl Pts',(95.3098229935822,107.636954857315,-206.307151669832));
#3076=CARTESIAN_POINT('Ctrl Pts',(95.2979446421925,107.741342122615,-206.491318945984));
#3077=CARTESIAN_POINT('Ctrl Pts',(95.2819091042771,108.015242023432,-206.85627153488));
#3078=CARTESIAN_POINT('Ctrl Pts',(95.279416442194,108.190736682713,-207.029337172299));
#3079=CARTESIAN_POINT('Ctrl Pts',(95.2836674451272,108.425189627769,-207.200645264928));
#3080=CARTESIAN_POINT('Ctrl Pts',(95.2845310893276,108.462296702057,-207.226244082243));
#3081=CARTESIAN_POINT('Ctrl Pts',(95.2855954878459,108.500072936033,-207.250823023403));
#3082=CARTESIAN_POINT('Ctrl Pts',(95.2934135049336,108.777539728467,-207.431355576468));
#3083=CARTESIAN_POINT('Ctrl Pts',(95.3120009146573,109.087683178639,-207.55467596209));
#3084=CARTESIAN_POINT('Ctrl Pts',(95.3649377017836,109.720891361988,-207.672525290407));
#3085=CARTESIAN_POINT('Ctrl Pts',(95.3979711571744,110.037136398512,-207.672049168443));
#3086=CARTESIAN_POINT('Ctrl Pts',(95.4755247051832,110.672233897338,-207.553626444518));
#3087=CARTESIAN_POINT('Ctrl Pts',(95.5199554566238,110.984527438329,-207.429071429664));
#3088=CARTESIAN_POINT('Ctrl Pts',(95.6121098687937,111.547301057906,-207.064876356868));
#3089=CARTESIAN_POINT('Ctrl Pts',(95.6590648663583,111.791783501022,-206.826585361862));
#3090=CARTESIAN_POINT('Ctrl Pts',(95.7471259296224,112.165202749089,-206.278024837561));
#3091=CARTESIAN_POINT('Ctrl Pts',(95.7876212272702,112.294711938919,-205.975633897812));
#3092=CARTESIAN_POINT('Ctrl Pts',(95.8526465138581,112.415996028178,-205.4023694337));
#3093=CARTESIAN_POINT('Ctrl Pts',(95.8783586969739,112.429738852466,-205.141284902254));
#3094=CARTESIAN_POINT('Ctrl Pts',(95.9190015833881,112.379619128786,-204.665544283479));
#3095=CARTESIAN_POINT('Ctrl Pts',(95.9348183779958,112.328182519823,-204.452432042569));
#3096=CARTESIAN_POINT('Ctrl Pts',(95.9610136293914,112.168102806535,-204.038871543614));
#3097=CARTESIAN_POINT('Ctrl Pts',(95.9710909957371,112.058629636169,-203.841063118715));
#3098=CARTESIAN_POINT('Ctrl Pts',(95.9861278361921,111.757498721377,-203.437986385175));
#3099=CARTESIAN_POINT('Ctrl Pts',(95.9892361454441,111.554909917955,-203.244881992985));
#3100=CARTESIAN_POINT('Ctrl Pts',(95.986896155479,111.313283017331,-203.081437466143));
#3101=CARTESIAN_POINT('Ctrl Pts',(95.9867736454055,111.3019049384,-203.073876398644));
#3102=CARTESIAN_POINT('Ctrl Pts',(95.9866382763911,111.290470272506,-203.0664120863));
#3103=CARTESIAN_POINT('Origin',(109.831810421366,135.908158619036,-205.157937150835));
#3104=CARTESIAN_POINT('',(102.024760095681,133.310270439832,-203.751394043338));
#3105=CARTESIAN_POINT('',(102.109049334598,135.387440356215,-202.657937150835));
#3106=CARTESIAN_POINT('Ctrl Pts',(102.024760095681,133.310270439831,-203.751394043339));
#3107=CARTESIAN_POINT('Ctrl Pts',(102.031895287243,133.417660534346,-203.594656384607));
#3108=CARTESIAN_POINT('Ctrl Pts',(102.039134130902,133.542779548469,-203.450271321197));
#3109=CARTESIAN_POINT('Ctrl Pts',(102.058872213762,133.928616548002,-203.096037300059));
#3110=CARTESIAN_POINT('Ctrl Pts',(102.07102159098,134.216221966794,-202.921781660428));
#3111=CARTESIAN_POINT('Ctrl Pts',(102.092108395239,134.80465855052,-202.708803243717));
#3112=CARTESIAN_POINT('Ctrl Pts',(102.101102278171,135.095087990302,-202.657937152226));
#3113=CARTESIAN_POINT('Ctrl Pts',(102.109049335,135.387440350257,-202.657937150835));
#3114=CARTESIAN_POINT('Ctrl Pts',(102.109049335,135.387440350257,-202.657937150835));
#3115=CARTESIAN_POINT('Ctrl Pts',(102.109989852241,135.42203962908,-202.657937150671));
#3116=CARTESIAN_POINT('Ctrl Pts',(102.110915754049,135.456665839474,-202.658649540768));
#3117=CARTESIAN_POINT('Ctrl Pts',(102.120009558208,135.802353872191,-202.672906483676));
#3118=CARTESIAN_POINT('Ctrl Pts',(102.126857177819,136.108424170169,-202.743267420058));
#3119=CARTESIAN_POINT('Ctrl Pts',(102.137448072323,136.666850964869,-202.986855929474));
#3120=CARTESIAN_POINT('Ctrl Pts',(102.141234323666,136.916555134908,-203.153577262828));
#3121=CARTESIAN_POINT('Ctrl Pts',(102.145785363082,137.338534426,-203.560181674058));
#3122=CARTESIAN_POINT('Ctrl Pts',(102.146610881094,137.509899070804,-203.794415385781));
#3123=CARTESIAN_POINT('Ctrl Pts',(102.145455395157,137.727492093688,-204.235066584788));
#3124=CARTESIAN_POINT('Ctrl Pts',(102.144229317343,137.794869363118,-204.42771202229));
#3125=CARTESIAN_POINT('Ctrl Pts',(102.140434857102,137.876674981489,-204.804002122231));
#3126=CARTESIAN_POINT('Ctrl Pts',(102.138033585837,137.895714547002,-204.98527002873));
#3127=CARTESIAN_POINT('Ctrl Pts',(102.131563672592,137.893865918159,-205.3742368635));
#3128=CARTESIAN_POINT('Ctrl Pts',(102.127333197545,137.867003405885,-205.580510571818));
#3129=CARTESIAN_POINT('Ctrl Pts',(102.115328717014,137.741978068317,-206.062035800734));
#3130=CARTESIAN_POINT('Ctrl Pts',(102.106901053039,137.620533664357,-206.328026729981));
#3131=CARTESIAN_POINT('Ctrl Pts',(102.097249145238,137.456234507528,-206.567257127508));
#3132=CARTESIAN_POINT('Ctrl Pts',(102.086174420605,137.267715516595,-206.841753199262));
#3133=CARTESIAN_POINT('Ctrl Pts',(102.073684268159,137.026328737618,-207.075857220053));
#3134=CARTESIAN_POINT('Ctrl Pts',(102.047187567983,136.465660970282,-207.437066712428));
#3135=CARTESIAN_POINT('Ctrl Pts',(102.033436812599,136.151597657786,-207.560314909575));
#3136=CARTESIAN_POINT('Ctrl Pts',(102.007601752682,135.507951578874,-207.674902395575));
#3137=CARTESIAN_POINT('Ctrl Pts',(101.995710453269,135.185218794412,-207.670650702239));
#3138=CARTESIAN_POINT('Ctrl Pts',(101.975877524882,134.573752500622,-207.544833498092));
#3139=CARTESIAN_POINT('Ctrl Pts',(101.967945554789,134.289038554253,-207.429927183735));
#3140=CARTESIAN_POINT('Ctrl Pts',(101.956372781978,133.752011816835,-207.08929588449));
#3141=CARTESIAN_POINT('Ctrl Pts',(101.953301375274,133.510110013747,-206.85805995371));
#3142=CARTESIAN_POINT('Ctrl Pts',(101.953547323606,133.189712811152,-206.398811529383));
#3143=CARTESIAN_POINT('Ctrl Pts',(101.955168240155,133.085369584067,-206.194334893039));
#3144=CARTESIAN_POINT('Ctrl Pts',(101.960731250711,132.947624341726,-205.797728431478));
#3145=CARTESIAN_POINT('Ctrl Pts',(101.964231523022,132.905922350363,-205.610369718628));
#3146=CARTESIAN_POINT('Ctrl Pts',(101.973047740593,132.865529618007,-205.222529805441));
#3147=CARTESIAN_POINT('Ctrl Pts',(101.978393845396,132.868693478724,-205.023256909415));
#3148=CARTESIAN_POINT('Ctrl Pts',(101.99205178157,132.929684190286,-204.575195377625));
#3149=CARTESIAN_POINT('Ctrl Pts',(102.000689009813,133.002048439495,-204.330644281269));
#3150=CARTESIAN_POINT('Ctrl Pts',(102.014727170702,133.16733172717,-203.979108039596));
#3151=CARTESIAN_POINT('Ctrl Pts',(102.019717390797,133.234373871474,-203.86216636814));
#3152=CARTESIAN_POINT('Ctrl Pts',(102.024760095681,133.310270439831,-203.751394043339));
#3153=CARTESIAN_POINT('',(97.0973337862315,135.049518231513,-202.657937150835));
#3154=CARTESIAN_POINT('',(109.831810421366,135.908158619036,-202.657937150835));
#3155=CARTESIAN_POINT('',(97.017171095552,133.072070335766,-203.61565069076));
#3156=CARTESIAN_POINT('Ctrl Pts',(97.017171095552,133.072070335766,-203.61565069076));
#3157=CARTESIAN_POINT('Ctrl Pts',(97.0112297858066,132.977923394301,-203.734976846278));
#3158=CARTESIAN_POINT('Ctrl Pts',(97.0053134040308,132.8945937478,-203.862892363853));
#3159=CARTESIAN_POINT('Ctrl Pts',(96.9893936129536,132.698958938608,-204.233495931432));
#3160=CARTESIAN_POINT('Ctrl Pts',(96.9797650438229,132.613014306456,-204.487402414037));
#3161=CARTESIAN_POINT('Ctrl Pts',(96.96474279073,132.535960778558,-204.946263789263));
#3162=CARTESIAN_POINT('Ctrl Pts',(96.9589525369055,132.526619837665,-205.145646789302));
#3163=CARTESIAN_POINT('Ctrl Pts',(96.9494463966128,132.554526126978,-205.527196725124));
#3164=CARTESIAN_POINT('Ctrl Pts',(96.9456366080435,132.588160987257,-205.708303155558));
#3165=CARTESIAN_POINT('Ctrl Pts',(96.9393528789952,132.702830881127,-206.086610548052));
#3166=CARTESIAN_POINT('Ctrl Pts',(96.9371994056155,132.789814947807,-206.280463913314));
#3167=CARTESIAN_POINT('Ctrl Pts',(96.9351871642054,133.059533827826,-206.72130104592));
#3168=CARTESIAN_POINT('Ctrl Pts',(96.9367924894413,133.265225328585,-206.950072473784));
#3169=CARTESIAN_POINT('Ctrl Pts',(96.9453368399403,133.744691800787,-207.31924595397));
#3170=CARTESIAN_POINT('Ctrl Pts',(96.9521088692841,134.013317126816,-207.458043584003));
#3171=CARTESIAN_POINT('Ctrl Pts',(96.9700704178847,134.60078517981,-207.638955220125));
#3172=CARTESIAN_POINT('Ctrl Pts',(96.9812939517494,134.91636889719,-207.674369396524));
#3173=CARTESIAN_POINT('Ctrl Pts',(97.0066301185728,135.56203975892,-207.626114189891));
#3174=CARTESIAN_POINT('Ctrl Pts',(97.0206158299257,135.885824885153,-207.535937421316));
#3175=CARTESIAN_POINT('Ctrl Pts',(97.041650239964,136.336855894997,-207.307415042766));
#3176=CARTESIAN_POINT('Ctrl Pts',(97.0487529337236,136.482632254138,-207.213613524795));
#3177=CARTESIAN_POINT('Ctrl Pts',(97.0632057045865,136.76591954669,-206.98694020521));
#3178=CARTESIAN_POINT('Ctrl Pts',(97.0704650065059,136.90030272181,-206.851847011418));
#3179=CARTESIAN_POINT('Ctrl Pts',(97.0772907366206,137.018134079886,-206.702861861253));
#3180=CARTESIAN_POINT('Ctrl Pts',(97.0886260553557,137.213813659703,-206.455445960605));
#3181=CARTESIAN_POINT('Ctrl Pts',(97.0985951642832,137.361021520819,-206.173287606551));
#3182=CARTESIAN_POINT('Ctrl Pts',(97.1124705555491,137.512820654426,-205.667551095791));
#3183=CARTESIAN_POINT('Ctrl Pts',(97.1172405508338,137.547643333959,-205.457035934002));
#3184=CARTESIAN_POINT('Ctrl Pts',(97.1244490542327,137.561670675793,-205.067649011944));
#3185=CARTESIAN_POINT('Ctrl Pts',(97.1271234036059,137.549141917409,-204.890498420857));
#3186=CARTESIAN_POINT('Ctrl Pts',(97.1314299221251,137.484464348996,-204.529450413385));
#3187=CARTESIAN_POINT('Ctrl Pts',(97.1329610017426,137.429783275163,-204.347180797008));
#3188=CARTESIAN_POINT('Ctrl Pts',(97.1349927171868,137.252315743763,-203.933841687628));
#3189=CARTESIAN_POINT('Ctrl Pts',(97.1348916660754,137.11289539265,-203.712375497962));
#3190=CARTESIAN_POINT('Ctrl Pts',(97.131904948762,136.723003416703,-203.265764021353));
#3191=CARTESIAN_POINT('Ctrl Pts',(97.1282890293546,136.456347291546,-203.061344297949));
#3192=CARTESIAN_POINT('Ctrl Pts',(97.1178009325432,135.880511568537,-202.778948852819));
#3193=CARTESIAN_POINT('Ctrl Pts',(97.1112638517546,135.580699240036,-202.695296801587));
#3194=CARTESIAN_POINT('Ctrl Pts',(97.1014040314076,135.198778655509,-202.661247529951));
#3195=CARTESIAN_POINT('Ctrl Pts',(97.0994050297665,135.124106056624,-202.657937150459));
#3196=CARTESIAN_POINT('Ctrl Pts',(97.0973337874224,135.04951823148,-202.657937150835));
#3197=CARTESIAN_POINT('Ctrl Pts',(97.0973337874224,135.04951823148,-202.657937150835));
#3198=CARTESIAN_POINT('Ctrl Pts',(97.0904120295418,134.800257748774,-202.657937152092));
#3199=CARTESIAN_POINT('Ctrl Pts',(97.0826821295726,134.551944047471,-202.694910753542));
#3200=CARTESIAN_POINT('Ctrl Pts',(97.0629924645411,133.994025126342,-202.865336741999));
#3201=CARTESIAN_POINT('Ctrl Pts',(97.0506795539102,133.697638705446,-203.024985830688));
#3202=CARTESIAN_POINT('Ctrl Pts',(97.0309741760234,133.304802046842,-203.350624771388));
#3203=CARTESIAN_POINT('Ctrl Pts',(97.0240561662166,133.181172263223,-203.477369899474));
#3204=CARTESIAN_POINT('Ctrl Pts',(97.017171095552,133.072070335766,-203.61565069076));
#3205=CARTESIAN_POINT('Ctrl Pts',(88.7354136533853,69.1042217413934,-194.358960147712));
#3206=CARTESIAN_POINT('Ctrl Pts',(89.4516605343494,73.2048236102602,-197.287233308971));
#3207=CARTESIAN_POINT('Ctrl Pts',(90.7818359085964,81.3369570921202,-203.250106582224));
#3208=CARTESIAN_POINT('Ctrl Pts',(92.5974441690206,93.4603898842584,-212.320373507285));
#3209=CARTESIAN_POINT('Ctrl Pts',(96.0031890843494,117.63527338777,-230.590448820724));
#3210=CARTESIAN_POINT('Ctrl Pts',(98.5938735559465,137.724907868471,-245.927777067552));
#3211=CARTESIAN_POINT('Ctrl Pts',(100.640208988111,153.796861043072,-258.201450621527));
#3212=CARTESIAN_POINT('Ctrl Pts',(86.6692731339334,68.2021827316709,-195.541271478312));
#3213=CARTESIAN_POINT('Ctrl Pts',(87.0291416572747,72.1642849931979,-198.449484695956));
#3214=CARTESIAN_POINT('Ctrl Pts',(87.639736529996,80.031916438044,-204.348260316028));
#3215=CARTESIAN_POINT('Ctrl Pts',(88.3908538003164,91.7726282401747,-213.28090202169));
#3216=CARTESIAN_POINT('Ctrl Pts',(89.6964063487476,115.193852982577,-231.23135399625));
#3217=CARTESIAN_POINT('Ctrl Pts',(90.5775204805427,134.661410845061,-246.261851962764));
#3218=CARTESIAN_POINT('Ctrl Pts',(91.2621534704344,150.233790913623,-258.287890799317));
#3219=CARTESIAN_POINT('Ctrl Pts',(82.2031590606533,66.2837606009068,-197.213697883676));
#3220=CARTESIAN_POINT('Ctrl Pts',(81.8329545347017,69.9750390332284,-200.120401154341));
#3221=CARTESIAN_POINT('Ctrl Pts',(81.0061363558265,77.3261461789632,-205.944008011055));
#3222=CARTESIAN_POINT('Ctrl Pts',(79.6654862805129,88.3185361877394,-214.688705429957));
#3223=CARTESIAN_POINT('Ctrl Pts',(76.8734052223205,110.265892150217,-232.186770058862));
#3224=CARTESIAN_POINT('Ctrl Pts',(74.4387555614044,128.519337087631,-246.776885166999));
#3225=CARTESIAN_POINT('Ctrl Pts',(72.4816267959676,143.119536990853,-258.448413879047));
#3226=CARTESIAN_POINT('Ctrl Pts',(73.8660232663926,63.0521675195957,-197.648736822448));
#3227=CARTESIAN_POINT('Ctrl Pts',(72.1588087693589,66.2496185125589,-200.571857007462));
#3228=CARTESIAN_POINT('Ctrl Pts',(68.8138655237188,72.6721089983225,-206.400017688733));
#3229=CARTESIAN_POINT('Ctrl Pts',(63.8748122041249,82.3325086931835,-215.124968013944));
#3230=CARTESIAN_POINT('Ctrl Pts',(54.0835090011319,101.681315927572,-232.558196716159));
#3231=CARTESIAN_POINT('Ctrl Pts',(46.0084109190868,117.830335298157,-247.072236850512));
#3232=CARTESIAN_POINT('Ctrl Pts',(39.5557351217278,130.751042496884,-258.683066450727));
#3233=CARTESIAN_POINT('Ctrl Pts',(67.9740452874368,61.1296230954486,-195.723448732398));
#3234=CARTESIAN_POINT('Ctrl Pts',(65.3399581422428,63.9763733605495,-198.652529234331));
#3235=CARTESIAN_POINT('Ctrl Pts',(60.2125319034382,69.7023988880721,-204.592558777132));
#3236=CARTESIAN_POINT('Ctrl Pts',(52.6988733129006,78.355146672129,-213.579627786304));
#3237=CARTESIAN_POINT('Ctrl Pts',(37.875317490079,95.7440180807247,-231.627269496753));
#3238=CARTESIAN_POINT('Ctrl Pts',(25.7223663346392,110.328303476099,-246.728959631362));
#3239=CARTESIAN_POINT('Ctrl Pts',(16.0163759991853,122.007714234404,-258.808589063335));
#3240=CARTESIAN_POINT('Ctrl Pts',(64.8378215870886,60.1394053540471,-193.804303487436));
#3241=CARTESIAN_POINT('Ctrl Pts',(61.6662011268165,62.7943938317303,-196.777325475803));
#3242=CARTESIAN_POINT('Ctrl Pts',(55.4568798919722,68.1101368331604,-202.842803654055));
#3243=CARTESIAN_POINT('Ctrl Pts',(46.3507583393683,76.1421676803184,-212.083171235721));
#3244=CARTESIAN_POINT('Ctrl Pts',(28.3836167017646,92.3018196466701,-230.708186276982));
#3245=CARTESIAN_POINT('Ctrl Pts',(13.6625767447864,105.8952917486,-246.351800828975));
#3246=CARTESIAN_POINT('Ctrl Pts',(1.90714539442336,116.789142053217,-258.869916782485));
#3247=CARTESIAN_POINT('',(97.5818990805808,152.524315408747,-258.140866338785));
#3248=CARTESIAN_POINT('Ctrl Pts',(97.5818990803988,152.524315408918,-258.140866338588));
#3249=CARTESIAN_POINT('Ctrl Pts',(95.6463631347769,135.683313944119,-245.30533665744));
#3250=CARTESIAN_POINT('Ctrl Pts',(93.5773955907652,117.137129658168,-231.191502570306));
#3251=CARTESIAN_POINT('Ctrl Pts',(90.3381894711928,85.5880390438446,-207.111353587564));
#3252=CARTESIAN_POINT('Ctrl Pts',(89.620053321349,77.4992411578602,-200.910591169409));
#3253=CARTESIAN_POINT('Ctrl Pts',(88.7354136533822,69.1042217413932,-194.358960147715));
#3254=CARTESIAN_POINT('',(5.05481869658869,117.819752841121,-258.747276543591));
#3255=CARTESIAN_POINT('Ctrl Pts',(5.05481869674294,117.819752840709,-258.747276542671));
#3256=CARTESIAN_POINT('Ctrl Pts',(20.2541953399353,123.520653760909,-258.744470394835));
#3257=CARTESIAN_POINT('Ctrl Pts',(35.7919648422921,129.348477265336,-258.69463217776));
#3258=CARTESIAN_POINT('Ctrl Pts',(66.7338217498385,140.953983507983,-258.49181013103));
#3259=CARTESIAN_POINT('Ctrl Pts',(82.1365959048656,146.731173679355,-258.340920994716));
#3260=CARTESIAN_POINT('Ctrl Pts',(97.5818990806864,152.524315408443,-258.140866338119));
#3261=CARTESIAN_POINT('Ctrl Pts',(64.8366376203067,60.1403966175322,-193.80541352842));
#3262=CARTESIAN_POINT('Ctrl Pts',(59.8786998752123,64.9043075960726,-199.277487201983));
#3263=CARTESIAN_POINT('Ctrl Pts',(53.3439686852668,71.3776650347212,-206.498987191703));
#3264=CARTESIAN_POINT('Ctrl Pts',(30.4010223166716,93.6591961879441,-231.458999267689));
#3265=CARTESIAN_POINT('Ctrl Pts',(17.2822395006333,106.202964004509,-245.59366061598));
#3266=CARTESIAN_POINT('Ctrl Pts',(5.05481869661397,117.819752841457,-258.747276543318));
#3267=CARTESIAN_POINT('Ctrl Pts',(64.847431842245,60.1284845336312,-193.791229573649));
#3268=CARTESIAN_POINT('Ctrl Pts',(62.2334630085993,63.0133091288249,-197.22613386229));
#3269=CARTESIAN_POINT('Ctrl Pts',(56.8648587350543,68.6488867448906,-204.081303543476));
#3270=CARTESIAN_POINT('Ctrl Pts',(48.4764609644701,76.9390277716064,-214.191708010731));
#3271=CARTESIAN_POINT('Ctrl Pts',(37.0172573101172,87.9331226379229,-227.465986679592));
#3272=CARTESIAN_POINT('Ctrl Pts',(22.4004812577708,101.675498246904,-243.783584128201));
#3273=CARTESIAN_POINT('Ctrl Pts',(10.5942592485062,112.709509441192,-256.6963127939));
#3274=CARTESIAN_POINT('Ctrl Pts',(4.67714294419061,118.233058585081,-263.133754651108));
#3275=CARTESIAN_POINT('Ctrl Pts',(63.525353182274,59.4442139532025,-192.369902162624));
#3276=CARTESIAN_POINT('Ctrl Pts',(60.9688422749787,62.3360268468362,-195.494803883737));
#3277=CARTESIAN_POINT('Ctrl Pts',(55.6947894784586,67.9951430950932,-201.706717252));
#3278=CARTESIAN_POINT('Ctrl Pts',(47.4586205813307,76.3586850402362,-210.82038122533));
#3279=CARTESIAN_POINT('Ctrl Pts',(36.2321418408745,87.4745443536193,-222.759418358419));
#3280=CARTESIAN_POINT('Ctrl Pts',(21.9492194675151,101.383365925732,-237.414426628504));
#3281=CARTESIAN_POINT('Ctrl Pts',(10.430041379508,112.547583898523,-249.006447166848));
#3282=CARTESIAN_POINT('Ctrl Pts',(4.65889970439392,118.135542497847,-254.784539818685));
#3283=CARTESIAN_POINT('Ctrl Pts',(61.282759688837,58.1475696989228,-189.129360701284));
#3284=CARTESIAN_POINT('Ctrl Pts',(58.7965862701409,61.0437762547976,-191.65477188853));
#3285=CARTESIAN_POINT('Ctrl Pts',(53.6393837048229,66.7515514912134,-196.598710378668));
#3286=CARTESIAN_POINT('Ctrl Pts',(45.6464145783805,75.2669521457032,-203.760356060436));
#3287=CARTESIAN_POINT('Ctrl Pts',(34.8218811370957,86.6199832684785,-213.099658113605));
#3288=CARTESIAN_POINT('Ctrl Pts',(21.1332097828466,100.839730433078,-224.533616362781));
#3289=CARTESIAN_POINT('Ctrl Pts',(10.1266273487963,112.242778152066,-233.571610011154));
#3290=CARTESIAN_POINT('Ctrl Pts',(4.61615767419026,117.948584271623,-238.075588248349));
#3291=CARTESIAN_POINT('Ctrl Pts',(59.1577583741012,56.5843275864571,-183.55500349453));
#3292=CARTESIAN_POINT('Ctrl Pts',(56.6429910729727,59.4991328904969,-185.133605690157));
#3293=CARTESIAN_POINT('Ctrl Pts',(51.5193899094601,65.3113977954016,-188.141613621777));
#3294=CARTESIAN_POINT('Ctrl Pts',(43.7447582187781,74.0328759123815,-192.448792664504));
#3295=CARTESIAN_POINT('Ctrl Pts',(33.3220678380801,85.6697759977603,-198.044905802364));
#3296=CARTESIAN_POINT('Ctrl Pts',(20.245117225561,100.232155909542,-204.886845623062));
#3297=CARTESIAN_POINT('Ctrl Pts',(9.76610997871244,111.892284173875,-210.293893964553));
#3298=CARTESIAN_POINT('Ctrl Pts',(4.52445345729192,117.723894083937,-212.988214038381));
#3299=CARTESIAN_POINT('Ctrl Pts',(58.1530325600557,55.7102043115948,-177.597303192536));
#3300=CARTESIAN_POINT('Ctrl Pts',(55.58534507561,58.6544635502771,-178.14678246687));
#3301=CARTESIAN_POINT('Ctrl Pts',(50.4593933829372,64.5461796601936,-179.188216157733));
#3302=CARTESIAN_POINT('Ctrl Pts',(42.778328622974,73.3855803060193,-180.68720958751));
#3303=CARTESIAN_POINT('Ctrl Pts',(32.5416919479926,85.1716406421876,-182.641221784037));
#3304=CARTESIAN_POINT('Ctrl Pts',(19.7497016185569,99.9038368596718,-185.039545256639));
#3305=CARTESIAN_POINT('Ctrl Pts',(9.51730479258583,111.688958117668,-186.939056854783));
#3306=CARTESIAN_POINT('Ctrl Pts',(4.40130378447517,117.581506046346,-187.886203056713));
#3307=CARTESIAN_POINT('Ctrl Pts',(58.2665359275748,55.7707086762201,-171.516724384684));
#3308=CARTESIAN_POINT('Ctrl Pts',(55.6942153836951,58.7136265654064,-171.009595402555));
#3309=CARTESIAN_POINT('Ctrl Pts',(50.5483058091454,64.5976885231068,-170.082109965513));
#3310=CARTESIAN_POINT('Ctrl Pts',(42.8304878390366,73.4218397934895,-168.788473607337));
#3311=CARTESIAN_POINT('Ctrl Pts',(32.5404836868619,85.1862110150876,-167.132790359634));
#3312=CARTESIAN_POINT('Ctrl Pts',(19.678987461075,99.8905136112194,-165.132029963428));
#3313=CARTESIAN_POINT('Ctrl Pts',(9.39028510447372,111.653602704041,-163.561305210794));
#3314=CARTESIAN_POINT('Ctrl Pts',(4.24598534352633,117.535010826436,-162.779977028215));
#3315=CARTESIAN_POINT('Ctrl Pts',(59.4928709483985,56.756433881217,-165.621602297899));
#3316=CARTESIAN_POINT('Ctrl Pts',(56.9583600418943,59.6691699687853,-164.093991164786));
#3317=CARTESIAN_POINT('Ctrl Pts',(51.7763728832743,65.460290538372,-161.197839609734));
#3318=CARTESIAN_POINT('Ctrl Pts',(43.8925741021736,74.1379276378377,-157.086779835554));
#3319=CARTESIAN_POINT('Ctrl Pts',(33.3128253133041,85.7105395836961,-151.773768798034));
#3320=CARTESIAN_POINT('Ctrl Pts',(20.0300757534369,100.190095608127,-145.310271328568));
#3321=CARTESIAN_POINT('Ctrl Pts',(9.38403501301192,111.784213576128,-140.216487580167));
#3322=CARTESIAN_POINT('Ctrl Pts',(4.05859133750777,117.583036241995,-137.680279473946));
#3323=CARTESIAN_POINT('Ctrl Pts',(61.8392829122099,58.3962551384677,-160.168896031891));
#3324=CARTESIAN_POINT('Ctrl Pts',(59.3044681882279,61.2886332239492,-157.703208706931));
#3325=CARTESIAN_POINT('Ctrl Pts',(54.0428730339438,66.9685818322494,-152.870007882881));
#3326=CARTESIAN_POINT('Ctrl Pts',(45.8693317198013,75.417078300687,-145.887396551885));
#3327=CARTESIAN_POINT('Ctrl Pts',(34.7885148198261,86.6698297353216,-136.803955205342));
#3328=CARTESIAN_POINT('Ctrl Pts',(20.7650825312104,100.757554343092,-125.712162968239));
#3329=CARTESIAN_POINT('Ctrl Pts',(9.48705543990936,112.055261410432,-116.958113947893));
#3330=CARTESIAN_POINT('Ctrl Pts',(3.84041205849584,117.708421925392,-112.597407818459));
#3331=CARTESIAN_POINT('Ctrl Pts',(64.2198247541194,59.7284783863666,-157.059464080153));
#3332=CARTESIAN_POINT('Ctrl Pts',(61.5920347503559,62.6113128194835,-153.991788367743));
#3333=CARTESIAN_POINT('Ctrl Pts',(56.1772307126427,68.2367810155456,-147.884561934775));
#3334=CARTESIAN_POINT('Ctrl Pts',(47.713249405804,76.520982014708,-138.932815714098));
#3335=CARTESIAN_POINT('Ctrl Pts',(36.1678284993763,87.5162925047602,-127.224007212993));
#3336=CARTESIAN_POINT('Ctrl Pts',(21.4711146825544,101.264998469618,-112.877222898828));
#3337=CARTESIAN_POINT('Ctrl Pts',(9.61683587649208,112.300998091248,-101.541531092177));
#3338=CARTESIAN_POINT('Ctrl Pts',(3.67772554914808,117.824849757195,-95.8927477471616));
#3339=CARTESIAN_POINT('Ctrl Pts',(65.6013518120833,60.4272215238792,-155.715753763571));
#3340=CARTESIAN_POINT('Ctrl Pts',(62.906827449426,63.3002624064262,-152.335223959925));
#3341=CARTESIAN_POINT('Ctrl Pts',(57.3804062858818,68.8983214557945,-145.579125132347));
#3342=CARTESIAN_POINT('Ctrl Pts',(48.7413876592068,77.1028025977345,-135.620246876757));
#3343=CARTESIAN_POINT('Ctrl Pts',(36.9331205642263,87.9668192799723,-122.561620504529));
#3344=CARTESIAN_POINT('Ctrl Pts',(21.8650268781784,101.536322782644,-106.533506243647));
#3345=CARTESIAN_POINT('Ctrl Pts',(9.69375298830627,112.431767925272,-93.8618117022519));
#3346=CARTESIAN_POINT('Ctrl Pts',(3.59374279794547,117.88598647411,-87.5459306488246));
#3347=CARTESIAN_POINT('',(4.07715818507345,117.453057164063,-91.9338564516618));
#3348=CARTESIAN_POINT('Ctrl Pts',(4.07715818579461,117.453057163815,-91.9338564516618));
#3349=CARTESIAN_POINT('Ctrl Pts',(4.07747145532434,117.453174663275,-120.025379441678));
#3350=CARTESIAN_POINT('Ctrl Pts',(4.172758046206,117.488914248286,-147.897034539448));
#3351=CARTESIAN_POINT('Ctrl Pts',(4.49147315254244,117.6084562062,-202.253084179067));
#3352=CARTESIAN_POINT('Ctrl Pts',(4.72602466989531,117.696430535182,-230.583171465176));
#3353=CARTESIAN_POINT('Ctrl Pts',(5.05481869722564,117.81975284089,-258.747276543585));
#3354=CARTESIAN_POINT('Ctrl Pts',(65.6013518120854,60.427221523882,-155.715753763567));
#3355=CARTESIAN_POINT('Ctrl Pts',(59.3830928495145,66.1985033199819,-149.13131294925));
#3356=CARTESIAN_POINT('Ctrl Pts',(53.569246612263,71.7765795377462,-142.979295804407));
#3357=CARTESIAN_POINT('Ctrl Pts',(30.365222039333,93.4283610476113,-118.883035488268));
#3358=CARTESIAN_POINT('Ctrl Pts',(16.6068553045152,106.042242693592,-104.765492143415));
#3359=CARTESIAN_POINT('Ctrl Pts',(4.07715818511097,117.453057164437,-91.9338564519583));
#3360=CARTESIAN_POINT('Ctrl Pts',(65.6013518120824,60.4272215238799,-155.71575376357));
#3361=CARTESIAN_POINT('Ctrl Pts',(62.3650848644606,63.0453356400281,-152.787480602311));
#3362=CARTESIAN_POINT('Ctrl Pts',(56.0150542283615,68.2968185176202,-146.824607329057));
#3363=CARTESIAN_POINT('Ctrl Pts',(46.6745186866884,76.2358645444138,-137.754340403996));
#3364=CARTESIAN_POINT('Ctrl Pts',(28.2106233306321,92.2080232718795,-119.48424677068));
#3365=CARTESIAN_POINT('Ctrl Pts',(13.0473389928605,105.638617110328,-104.146899933803));
#3366=CARTESIAN_POINT('Ctrl Pts',(0.936292859139023,116.4005183563,-91.8732079076687));
#3367=CARTESIAN_POINT('Ctrl Pts',(68.8259226104289,61.4460531901085,-153.94228676767));
#3368=CARTESIAN_POINT('Ctrl Pts',(66.1257943687417,64.2584581644328,-151.042493521098));
#3369=CARTESIAN_POINT('Ctrl Pts',(60.8505205150994,69.9211712254634,-145.175751122328));
#3370=CARTESIAN_POINT('Ctrl Pts',(53.0900378410264,78.4781402014715,-136.311870563081));
#3371=CARTESIAN_POINT('Ctrl Pts',(37.7441663706518,95.6711603716425,-118.522693326129));
#3372=CARTESIAN_POINT('Ctrl Pts',(25.1275296145529,110.084249814596,-103.644784775291));
#3373=CARTESIAN_POINT('Ctrl Pts',(15.0483666127831,121.625200783377,-91.7435493216049));
#3374=CARTESIAN_POINT('Ctrl Pts',(74.7986188866685,63.3987480731858,-152.288298087272));
#3375=CARTESIAN_POINT('Ctrl Pts',(73.0271079951772,66.5689528606106,-149.373624731506));
#3376=CARTESIAN_POINT('Ctrl Pts',(69.5280310813632,72.9314673353561,-143.569559385999));
#3377=CARTESIAN_POINT('Ctrl Pts',(64.3303892273374,82.4940920239163,-134.885899773378));
#3378=CARTESIAN_POINT('Ctrl Pts',(53.9915915894316,101.638029787904,-117.539805660759));
#3379=CARTESIAN_POINT('Ctrl Pts',(45.4313738431202,117.606301349229,-103.101298865205));
#3380=CARTESIAN_POINT('Ctrl Pts',(38.5882015359473,130.381191456809,-91.5507406416108));
#3381=CARTESIAN_POINT('Ctrl Pts',(83.1054132763633,66.6264865450806,-153.108137613283));
#3382=CARTESIAN_POINT('Ctrl Pts',(82.6661720764807,70.2975700286479,-150.18550966007));
#3383=CARTESIAN_POINT('Ctrl Pts',(81.6845224235818,77.5948297258664,-144.318352834953));
#3384=CARTESIAN_POINT('Ctrl Pts',(80.088298758343,88.4929492489402,-135.499441667669));
#3385=CARTESIAN_POINT('Ctrl Pts',(76.757921742183,110.237887152664,-117.844934770689));
#3386=CARTESIAN_POINT('Ctrl Pts',(73.8469362100284,128.310831373702,-103.119475854686));
#3387=CARTESIAN_POINT('Ctrl Pts',(71.5061206697788,142.766080211401,-91.339774518131));
#3388=CARTESIAN_POINT('Ctrl Pts',(87.490662439382,68.5118449262762,-154.990980260538));
#3389=CARTESIAN_POINT('Ctrl Pts',(87.7778168276542,72.4573368580107,-152.048044308642));
#3390=CARTESIAN_POINT('Ctrl Pts',(88.2369962691151,80.2772531069167,-146.066344201002));
#3391=CARTESIAN_POINT('Ctrl Pts',(88.7428987461483,91.9298255434083,-136.99486708947));
#3392=CARTESIAN_POINT('Ctrl Pts',(89.5345228280509,115.158661796853,-118.753826646438));
#3393=CARTESIAN_POINT('Ctrl Pts',(89.9609867581844,134.452856244126,-103.47215614295));
#3394=CARTESIAN_POINT('Ctrl Pts',(90.2793123760527,149.886409291843,-91.2456271056227));
#3395=CARTESIAN_POINT('Ctrl Pts',(89.4998878022632,69.3895212818656,-156.270410423846));
#3396=CARTESIAN_POINT('Ctrl Pts',(90.1431841981914,73.4753883755965,-153.297388435478));
#3397=CARTESIAN_POINT('Ctrl Pts',(91.3250981824185,81.5633963620308,-147.231910257226));
#3398=CARTESIAN_POINT('Ctrl Pts',(92.9029634670707,93.6027198647854,-137.99154267556));
#3399=CARTESIAN_POINT('Ctrl Pts',(95.8111892561821,117.592215985964,-119.366508958514));
#3400=CARTESIAN_POINT('Ctrl Pts',(97.9616049527367,137.513766502546,-103.722875435289));
#3401=CARTESIAN_POINT('Ctrl Pts',(99.6532734682247,153.451306173468,-91.204740643722));
#3402=CARTESIAN_POINT('',(96.6042384824507,152.157619699407,-91.3274299355197));
#3403=CARTESIAN_POINT('Ctrl Pts',(96.6042384826473,152.157619698883,-91.3274299366904));
#3404=CARTESIAN_POINT('Ctrl Pts',(81.1425264735572,146.358323432351,-91.330200856303));
#3405=CARTESIAN_POINT('Ctrl Pts',(65.7660799702011,140.591008095794,-91.3809418276461));
#3406=CARTESIAN_POINT('Ctrl Pts',(34.8277169261675,128.986812312791,-91.5833150665666));
#3407=CARTESIAN_POINT('Ctrl Pts',(19.2506109231547,123.14423468403,-91.7374160686682));
#3408=CARTESIAN_POINT('Ctrl Pts',(4.07715818525531,117.453057163613,-91.9338564526655));
#3409=CARTESIAN_POINT('Ctrl Pts',(89.5001278426793,69.391046654357,-156.269300382861));
#3410=CARTESIAN_POINT('Ctrl Pts',(90.0840074971162,76.0330899808016,-150.962841962506));
#3411=CARTESIAN_POINT('Ctrl Pts',(90.7718085430607,85.4598991962653,-143.540394193108));
#3412=CARTESIAN_POINT('Ctrl Pts',(93.3984550209723,117.285367769641,-118.617533587005));
#3413=CARTESIAN_POINT('Ctrl Pts',(95.0312699804889,135.352646567852,-104.491003850061));
#3414=CARTESIAN_POINT('Ctrl Pts',(96.6042384821458,152.157619699708,-91.3274299358681));
#3415=CARTESIAN_POINT('Ctrl Pts',(89.4998299166316,69.3749741868987,-156.283484337632));
#3416=CARTESIAN_POINT('Ctrl Pts',(89.5718780429152,73.2672556612789,-152.848580048992));
#3417=CARTESIAN_POINT('Ctrl Pts',(89.9101137502616,81.0433243028805,-145.993410367806));
#3418=CARTESIAN_POINT('Ctrl Pts',(90.7775482822408,92.8050934186684,-135.88300590055));
#3419=CARTESIAN_POINT('Ctrl Pts',(92.18013046891,108.623318146214,-122.608727231689));
#3420=CARTESIAN_POINT('Ctrl Pts',(94.1540740450847,128.588452162814,-106.291129783079));
#3421=CARTESIAN_POINT('Ctrl Pts',(95.7918282585721,144.664958073737,-93.3784011173807));
#3422=CARTESIAN_POINT('Ctrl Pts',(96.6169528465699,152.717350880725,-86.9409592601722));
#3423=CARTESIAN_POINT('Ctrl Pts',(90.9458016001972,69.7289291285473,-157.704811748658));
#3424=CARTESIAN_POINT('Ctrl Pts',(90.9699687189675,73.5886889373016,-154.579910027545));
#3425=CARTESIAN_POINT('Ctrl Pts',(91.2214953725677,81.3203099804137,-148.367996659282));
#3426=CARTESIAN_POINT('Ctrl Pts',(91.9259791647678,93.0372641305632,-139.254332685951));
#3427=CARTESIAN_POINT('Ctrl Pts',(93.0731643929265,108.794171163262,-127.315295552862));
#3428=CARTESIAN_POINT('Ctrl Pts',(94.6861427767701,128.66514219594,-112.660287282776));
#3429=CARTESIAN_POINT('Ctrl Pts',(96.022027473139,144.650968381821,-101.068266744432));
#3430=CARTESIAN_POINT('Ctrl Pts',(96.6948259663904,152.655885603722,-95.2901740925951));
#3431=CARTESIAN_POINT('Ctrl Pts',(93.4879496749398,70.2269201576278,-160.945353209998));
#3432=CARTESIAN_POINT('Ctrl Pts',(93.4562394330482,74.0437336378338,-158.419942022751));
#3433=CARTESIAN_POINT('Ctrl Pts',(93.5877385494733,81.7351668223281,-153.476003532613));
#3434=CARTESIAN_POINT('Ctrl Pts',(94.0091432936011,93.4065858364998,-146.314357850846));
#3435=CARTESIAN_POINT('Ctrl Pts',(94.697555644169,109.077831107115,-136.975055797676));
#3436=CARTESIAN_POINT('Ctrl Pts',(95.6583869205013,128.792235387442,-125.541097548499));
#3437=CARTESIAN_POINT('Ctrl Pts',(96.4510512440718,144.620881489658,-116.503103900126));
#3438=CARTESIAN_POINT('Ctrl Pts',(96.8499750599844,152.543151322088,-111.999125662931));
#3439=CARTESIAN_POINT('Ctrl Pts',(96.1168345365171,70.446740253125,-166.519710416752));
#3440=CARTESIAN_POINT('Ctrl Pts',(96.0944340215404,74.2963691646192,-164.941108221125));
#3441=CARTESIAN_POINT('Ctrl Pts',(96.1319040659501,82.0444210619225,-161.933100289505));
#3442=CARTESIAN_POINT('Ctrl Pts',(96.2533034844404,93.7275003072201,-157.625921246777));
#3443=CARTESIAN_POINT('Ctrl Pts',(96.4523103952393,109.348329818435,-152.029808108917));
#3444=CARTESIAN_POINT('Ctrl Pts',(96.726982281132,128.918564905741,-145.187868288219));
#3445=CARTESIAN_POINT('Ctrl Pts',(96.9531392463043,144.593928922161,-139.780819946728));
#3446=CARTESIAN_POINT('Ctrl Pts',(97.0668230356767,152.434191240969,-137.086499872899));
#3447=CARTESIAN_POINT('Ctrl Pts',(97.4485854473534,70.4489701750809,-172.477410718746));
#3448=CARTESIAN_POINT('Ctrl Pts',(97.4466818729943,74.3555899235015,-171.927931444412));
#3449=CARTESIAN_POINT('Ctrl Pts',(97.4336729384803,82.1650412642224,-170.886497753549));
#3450=CARTESIAN_POINT('Ctrl Pts',(97.4070350479916,93.8754234119989,-169.387504323771));
#3451=CARTESIAN_POINT('Ctrl Pts',(97.3677878413468,109.486266064468,-167.433492127244));
#3452=CARTESIAN_POINT('Ctrl Pts',(97.3161113684708,128.99703108076,-165.035168654641));
#3453=CARTESIAN_POINT('Ctrl Pts',(97.2742876886453,144.604378025376,-163.135657056497));
#3454=CARTESIAN_POINT('Ctrl Pts',(97.2532354881714,152.407912110111,-162.188510854567));
#3455=CARTESIAN_POINT('Ctrl Pts',(97.3232893229121,70.4199069031237,-178.557989526597));
#3456=CARTESIAN_POINT('Ctrl Pts',(97.3257581264882,74.3285630133447,-179.065118508727));
#3457=CARTESIAN_POINT('Ctrl Pts',(97.3328178564444,82.1453731448314,-179.992603945769));
#3458=CARTESIAN_POINT('Ctrl Pts',(97.3438960676028,93.8684374684443,-181.286240303944));
#3459=CARTESIAN_POINT('Ctrl Pts',(97.3591161150644,109.498037080766,-182.941923551647));
#3460=CARTESIAN_POINT('Ctrl Pts',(97.378144877659,129.033498117321,-184.942683947852));
#3461=CARTESIAN_POINT('Ctrl Pts',(97.3932274023028,144.66127574902,-186.513408700486));
#3462=CARTESIAN_POINT('Ctrl Pts',(97.4008196468644,152.475027977655,-187.294736883065));
#3463=CARTESIAN_POINT('Ctrl Pts',(95.7511985496958,70.3560135244864,-184.453111613383));
#3464=CARTESIAN_POINT('Ctrl Pts',(95.7450324391637,74.2170676590581,-185.980722746495));
#3465=CARTESIAN_POINT('Ctrl Pts',(95.8403921161159,81.9875872617362,-188.876874301547));
#3466=CARTESIAN_POINT('Ctrl Pts',(96.0728626095732,93.7094312429784,-192.987934075727));
#3467=CARTESIAN_POINT('Ctrl Pts',(96.4324656721294,109.385116788511,-198.300945113247));
#3468=CARTESIAN_POINT('Ctrl Pts',(96.9166415553668,129.028297596336,-204.764442582712));
#3469=CARTESIAN_POINT('Ctrl Pts',(97.3120418359113,144.763780223851,-209.858226331113));
#3470=CARTESIAN_POINT('Ctrl Pts',(97.5104076904068,152.634443832399,-212.394434437333));
#3471=CARTESIAN_POINT('Ctrl Pts',(92.9051555414329,70.0482765348895,-189.905817879391));
#3472=CARTESIAN_POINT('Ctrl Pts',(92.9126063994776,73.8941940013733,-192.371505204351));
#3473=CARTESIAN_POINT('Ctrl Pts',(93.1410481859996,81.6333163101813,-197.2047060284));
#3474=CARTESIAN_POINT('Ctrl Pts',(93.7424833174003,93.3730840239785,-204.187317359396));
#3475=CARTESIAN_POINT('Ctrl Pts',(94.6899111037592,109.13732516049,-213.270758705939));
#3476=CARTESIAN_POINT('Ctrl Pts',(95.9897530797455,128.972421545818,-224.362550943041));
#3477=CARTESIAN_POINT('Ctrl Pts',(97.0561826108566,144.900221397233,-233.116599963386));
#3478=CARTESIAN_POINT('Ctrl Pts',(97.5923128136482,152.872383568841,-237.477306092821));
#3479=CARTESIAN_POINT('Ctrl Pts',(90.2356877379722,69.4863691674253,-193.015249831129));
#3480=CARTESIAN_POINT('Ctrl Pts',(90.3194566809474,73.3862406315683,-196.082925543538));
#3481=CARTESIAN_POINT('Ctrl Pts',(90.6991447399636,81.185075940099,-202.190151976507));
#3482=CARTESIAN_POINT('Ctrl Pts',(91.6274256233554,92.9920764211091,-211.141898197183));
#3483=CARTESIAN_POINT('Ctrl Pts',(93.0941591584186,108.867916223033,-222.850706698287));
#3484=CARTESIAN_POINT('Ctrl Pts',(95.1241598867676,128.890388841684,-237.197491012452));
#3485=CARTESIAN_POINT('Ctrl Pts',(96.7968094842977,144.999996440392,-248.533182819103));
#3486=CARTESIAN_POINT('Ctrl Pts',(97.6383040699919,153.0670811412,-254.181966164118));
#3487=CARTESIAN_POINT('Ctrl Pts',(88.7354136533851,69.1042217413923,-194.35896014771));
#3488=CARTESIAN_POINT('Ctrl Pts',(88.8758967244042,73.0406020533665,-197.739489951357));
#3489=CARTESIAN_POINT('Ctrl Pts',(89.3576954263804,80.8921920839182,-204.495588778934));
#3490=CARTESIAN_POINT('Ctrl Pts',(90.4702650740238,92.7542468140076,-214.454467034524));
#3491=CARTESIAN_POINT('Ctrl Pts',(92.2213539067337,108.704034215672,-227.513093406751));
#3492=CARTESIAN_POINT('Ctrl Pts',(94.6489788473585,128.83573831116,-243.541207667633));
#3493=CARTESIAN_POINT('Ctrl Pts',(96.6528663162444,145.047927181584,-256.212902209028));
#3494=CARTESIAN_POINT('Ctrl Pts',(97.6613660027469,153.168367605805,-262.528783262455));
#3495=CARTESIAN_POINT('Ctrl Pts',(97.5818990803287,152.524315408309,-258.140866338785));
#3496=CARTESIAN_POINT('Ctrl Pts',(97.58158582993,152.524197916024,-230.049340626351));
#3497=CARTESIAN_POINT('Ctrl Pts',(97.4862992376908,152.488458330504,-202.177682419999));
#3498=CARTESIAN_POINT('Ctrl Pts',(97.1675840985043,152.368916360268,-147.821627177805));
#3499=CARTESIAN_POINT('Ctrl Pts',(96.9330325512823,152.280942020084,-119.491537216681));
#3500=CARTESIAN_POINT('Ctrl Pts',(96.604238482034,152.157619698653,-91.3274299355279));
#3501=CARTESIAN_POINT('Origin',(50.8295286330122,134.988686286043,-175.03735695564));
#3502=CARTESIAN_POINT('',(102.869975182328,154.507738717282,-264.679972463747));
#3503=CARTESIAN_POINT('',(-0.121554768081609,115.878226359613,-265.390981241858));
#3504=CARTESIAN_POINT('',(-0.121554768081609,115.878226359613,-265.390981241858));
#3505=CARTESIAN_POINT('',(-1.21091791630359,115.469633854804,-85.3947414475325));
#3506=CARTESIAN_POINT('',(-1.21091791630359,115.469633854804,-85.3947414475325));
#3507=CARTESIAN_POINT('',(101.780612034106,154.099146212474,-84.6837326694216));
#3508=CARTESIAN_POINT('',(101.780612034106,154.099146212474,-84.6837326694216));
#3509=CARTESIAN_POINT('',(102.869975182328,154.507738717282,-264.679972463747));
#3510=CARTESIAN_POINT('Ctrl Pts',(91.5942402062661,64.8363617043461,-196.058528334363));
#3511=CARTESIAN_POINT('Ctrl Pts',(95.3528185316199,94.7268207086584,-218.932343044158));
#3512=CARTESIAN_POINT('Ctrl Pts',(99.1113968569742,124.61727971297,-241.806157753952));
#3513=CARTESIAN_POINT('Ctrl Pts',(102.869975182328,154.507738717282,-264.679972463747));
#3514=CARTESIAN_POINT('Ctrl Pts',(89.3605133241571,63.9985473691514,-197.594247173204));
#3515=CARTESIAN_POINT('Ctrl Pts',(90.5940384268774,92.9419229121882,-219.978075826067));
#3516=CARTESIAN_POINT('Ctrl Pts',(91.8277329414735,121.885361997324,-242.36385893261));
#3517=CARTESIAN_POINT('Ctrl Pts',(93.0612580441938,150.828737540361,-264.747687585472));
#3518=CARTESIAN_POINT('Ctrl Pts',(84.4011610419007,62.1384200327996,-199.840143637858));
#3519=CARTESIAN_POINT('Ctrl Pts',(80.7491015622652,89.249336633927,-221.519954477173));
#3520=CARTESIAN_POINT('Ctrl Pts',(77.0958832475608,116.359818585392,-243.203306989608));
#3521=CARTESIAN_POINT('Ctrl Pts',(73.4438237679253,143.470735186519,-264.883117828922));
#3522=CARTESIAN_POINT('Ctrl Pts',(74.9816387423298,58.6053959749006,-200.466140359948));
#3523=CARTESIAN_POINT('Ctrl Pts',(63.0253479387409,82.6016058937983,-222.017755657676));
#3524=CARTESIAN_POINT('Ctrl Pts',(51.0696045880443,106.598021148399,-243.568505457231));
#3525=CARTESIAN_POINT('Ctrl Pts',(39.1133137844554,130.594231067296,-265.120120754959));
#3526=CARTESIAN_POINT('Ctrl Pts',(68.5734264903747,56.2018379881743,-197.860566663244));
#3527=CARTESIAN_POINT('Ctrl Pts',(50.5805717761652,77.9338857930082,-220.334178310355));
#3528=CARTESIAN_POINT('Ctrl Pts',(32.5843756533293,99.6646803201601,-242.81579691216));
#3529=CARTESIAN_POINT('Ctrl Pts',(14.5915209391198,121.396728124994,-265.289408559271));
#3530=CARTESIAN_POINT('Ctrl Pts',(65.3295774623059,54.9851524396002,-195.388847221199));
#3531=CARTESIAN_POINT('Ctrl Pts',(43.51253338551,75.2828437462714,-218.722891894752));
#3532=CARTESIAN_POINT('Ctrl Pts',(21.6954893087144,95.5805350529416,-242.056936568305));
#3533=CARTESIAN_POINT('Ctrl Pts',(-0.121554768081609,115.878226359613,-265.390981241858));
#3534=CARTESIAN_POINT('',(65.3295774623059,54.9851524396002,-195.388847221199));
#3535=CARTESIAN_POINT('',(91.5942402062661,64.8363617043461,-196.058528334363));
#3536=CARTESIAN_POINT('Ctrl Pts',(65.3295774623059,54.9851524396002,-195.388847221199));
#3537=CARTESIAN_POINT('Ctrl Pts',(43.51253338551,75.2828437462714,-218.722891894752));
#3538=CARTESIAN_POINT('Ctrl Pts',(21.6954893087144,95.5805350529416,-242.056936568305));
#3539=CARTESIAN_POINT('Ctrl Pts',(-0.121554768081609,115.878226359613,-265.390981241858));
#3540=CARTESIAN_POINT('Ctrl Pts',(61.7908330680492,53.657859113883,-192.692426011696));
#3541=CARTESIAN_POINT('Ctrl Pts',(41.1196384716765,74.3853295168094,-211.208582045753));
#3542=CARTESIAN_POINT('Ctrl Pts',(20.4458909570318,95.1118423847998,-229.73232617977));
#3543=CARTESIAN_POINT('Ctrl Pts',(-0.225303639340844,115.839312787726,-248.248482213827));
#3544=CARTESIAN_POINT('Ctrl Pts',(56.1619336629472,51.5466016227653,-185.144602567297));
#3545=CARTESIAN_POINT('Ctrl Pts',(37.2975388521032,72.9517568282819,-194.751536407736));
#3546=CARTESIAN_POINT('Ctrl Pts',(18.4315934289847,94.3563304384366,-204.356550317326));
#3547=CARTESIAN_POINT('Ctrl Pts',(-0.432801381859313,115.761485643953,-213.963484157765));
#3548=CARTESIAN_POINT('Ctrl Pts',(54.5969407074939,50.9596124330574,-170.757766685192));
#3549=CARTESIAN_POINT('Ctrl Pts',(36.1495774893078,72.5211856184783,-168.015878184927));
#3550=CARTESIAN_POINT('Ctrl Pts',(17.7033152225492,94.0831717428727,-165.277875573937));
#3551=CARTESIAN_POINT('Ctrl Pts',(-0.744047995637018,115.644744928294,-162.535987073672));
#3552=CARTESIAN_POINT('Ctrl Pts',(59.4282388895304,52.7717099222044,-159.85408265504));
#3553=CARTESIAN_POINT('Ctrl Pts',(39.2849821775794,73.6971964439332,-146.463845039157));
#3554=CARTESIAN_POINT('Ctrl Pts',(19.1398365381659,94.6219744768485,-133.069977119478));
#3555=CARTESIAN_POINT('Ctrl Pts',(-1.00342017378512,115.547460998577,-119.679739503595));
#3556=CARTESIAN_POINT('Ctrl Pts',(64.4267777507722,54.6465351510713,-155.272682808698));
#3557=CARTESIAN_POINT('Ctrl Pts',(42.5632770448207,74.926801753682,-134.835324393887));
#3558=CARTESIAN_POINT('Ctrl Pts',(20.7044572252775,95.2088240381368,-114.403349376359));
#3559=CARTESIAN_POINT('Ctrl Pts',(-1.15904348067396,115.489090640748,-93.965990961548));
#3560=CARTESIAN_POINT('Ctrl Pts',(66.2543724724977,55.3320196071397,-154.016185576919));
#3561=CARTESIAN_POINT('Ctrl Pts',(43.7659423428972,75.3778910230282,-131.142370867123));
#3562=CARTESIAN_POINT('Ctrl Pts',(21.277512213297,95.4237624389157,-108.268556157328));
#3563=CARTESIAN_POINT('Ctrl Pts',(-1.21091791630359,115.469633854804,-85.3947414475325));
#3564=CARTESIAN_POINT('',(66.2543724724977,55.3320196071397,-154.016185576919));
#3565=CARTESIAN_POINT('Ctrl Pts',(66.2543724724977,55.3320196071397,-154.016185576919));
#3566=CARTESIAN_POINT('Ctrl Pts',(43.7659423428972,75.3778910230282,-131.142370867123));
#3567=CARTESIAN_POINT('Ctrl Pts',(21.277512213297,95.4237624389157,-108.268556157328));
#3568=CARTESIAN_POINT('Ctrl Pts',(-1.21091791630359,115.469633854804,-85.3947414475325));
#3569=CARTESIAN_POINT('Ctrl Pts',(68.4880993546067,56.1698339423343,-152.480466738077));
#3570=CARTESIAN_POINT('Ctrl Pts',(48.5247224476397,77.1627888194984,-130.096638085214));
#3571=CARTESIAN_POINT('Ctrl Pts',(28.5611761287976,98.1556801545611,-107.710854978671));
#3572=CARTESIAN_POINT('Ctrl Pts',(8.59779922183069,119.148635031725,-85.3270263258077));
#3573=CARTESIAN_POINT('Ctrl Pts',(73.4474516368631,58.0299612786862,-150.234570273423));
#3574=CARTESIAN_POINT('Ctrl Pts',(58.3696593122519,80.8553750977595,-128.554759434109));
#3575=CARTESIAN_POINT('Ctrl Pts',(43.2930258227103,103.681223566493,-106.871406921673));
#3576=CARTESIAN_POINT('Ctrl Pts',(28.2152334980991,126.506637385567,-85.191596082358));
#3577=CARTESIAN_POINT('Ctrl Pts',(82.866973936434,61.5629853365851,-149.608573551334));
#3578=CARTESIAN_POINT('Ctrl Pts',(76.0934129357763,87.5031058378882,-128.056958253605));
#3579=CARTESIAN_POINT('Ctrl Pts',(69.3193044822269,113.443021003487,-106.50620845405));
#3580=CARTESIAN_POINT('Ctrl Pts',(62.545743481569,139.38314150479,-84.954593156321));
#3581=CARTESIAN_POINT('Ctrl Pts',(89.2751861883891,63.9665433233114,-152.214147248038));
#3582=CARTESIAN_POINT('Ctrl Pts',(88.538189098352,92.1708259386783,-129.740535600927));
#3583=CARTESIAN_POINT('Ctrl Pts',(87.8045334169418,120.376361831725,-107.25891699912));
#3584=CARTESIAN_POINT('Ctrl Pts',(87.0675363269047,148.580644447092,-84.7853053520089));
#3585=CARTESIAN_POINT('Ctrl Pts',(92.5190352164579,65.1832288718855,-154.685866690083));
#3586=CARTESIAN_POINT('Ctrl Pts',(95.6062274890071,94.8218679854152,-131.351822016529));
#3587=CARTESIAN_POINT('Ctrl Pts',(98.6934197615568,124.460507098944,-108.017777342975));
#3588=CARTESIAN_POINT('Ctrl Pts',(101.780612034106,154.099146212474,-84.6837326694216));
#3589=CARTESIAN_POINT('',(92.5190352164579,65.1832288718855,-154.685866690083));
#3590=CARTESIAN_POINT('Ctrl Pts',(92.5190352164579,65.1832288718855,-154.685866690083));
#3591=CARTESIAN_POINT('Ctrl Pts',(95.6062274890071,94.8218679854152,-131.351822016529));
#3592=CARTESIAN_POINT('Ctrl Pts',(98.6934197615568,124.460507098944,-108.017777342975));
#3593=CARTESIAN_POINT('Ctrl Pts',(101.780612034106,154.099146212474,-84.6837326694216));
#3594=CARTESIAN_POINT('Ctrl Pts',(96.0577796107146,66.5105221976027,-157.382287899586));
#3595=CARTESIAN_POINT('Ctrl Pts',(97.9991224028406,95.7193822148771,-138.866131865528));
#3596=CARTESIAN_POINT('Ctrl Pts',(99.9430181132393,124.929199767086,-120.342387731511));
#3597=CARTESIAN_POINT('Ctrl Pts',(101.884360905365,154.13805978436,-101.826231697453));
#3598=CARTESIAN_POINT('Ctrl Pts',(101.686679015817,68.6217796887204,-164.930111343985));
#3599=CARTESIAN_POINT('Ctrl Pts',(101.821222022414,97.1529549034047,-155.323177503545));
#3600=CARTESIAN_POINT('Ctrl Pts',(101.957315641286,125.684711713449,-145.718163593954));
#3601=CARTESIAN_POINT('Ctrl Pts',(102.091858647884,154.215886928133,-136.111229753515));
#3602=CARTESIAN_POINT('Ctrl Pts',(103.25167197127,69.2087688784283,-179.31694722609));
#3603=CARTESIAN_POINT('Ctrl Pts',(102.969183385209,97.5835261132082,-182.058835726354));
#3604=CARTESIAN_POINT('Ctrl Pts',(102.685593847722,125.957870409013,-184.796838337343));
#3605=CARTESIAN_POINT('Ctrl Pts',(102.403105261661,154.332627643793,-187.538726837608));
#3606=CARTESIAN_POINT('Ctrl Pts',(98.4203737892334,67.3966713892813,-190.220631256241));
#3607=CARTESIAN_POINT('Ctrl Pts',(99.8337786969378,96.4075152877533,-203.610868872124));
#3608=CARTESIAN_POINT('Ctrl Pts',(101.249072532105,125.419067675037,-217.004736791803));
#3609=CARTESIAN_POINT('Ctrl Pts',(102.662477439809,154.429911573509,-230.394974407685));
#3610=CARTESIAN_POINT('Ctrl Pts',(93.4218349279917,65.5218461604144,-194.802031102583));
#3611=CARTESIAN_POINT('Ctrl Pts',(96.5554838296964,95.1779099780046,-215.239389517394));
#3612=CARTESIAN_POINT('Ctrl Pts',(99.6844518449937,124.832218113749,-235.671364534921));
#3613=CARTESIAN_POINT('Ctrl Pts',(102.818100746698,154.488281931339,-256.108722949732));
#3614=CARTESIAN_POINT('Ctrl Pts',(91.5942402062662,64.8363617043461,-196.058528334363));
#3615=CARTESIAN_POINT('Ctrl Pts',(95.3528185316199,94.7268207086584,-218.932343044158));
#3616=CARTESIAN_POINT('Ctrl Pts',(99.1113968569742,124.61727971297,-241.806157753952));
#3617=CARTESIAN_POINT('Ctrl Pts',(102.869975182328,154.507738717282,-264.679972463747));
#3618=UNCERTAINTY_MEASURE_WITH_UNIT(LENGTH_MEASURE(0.01),#3622,
'DISTANCE_ACCURACY_VALUE',
'Maximum model space distance between geometric entities at asserted c
onnectivities');
#3619=UNCERTAINTY_MEASURE_WITH_UNIT(LENGTH_MEASURE(0.01),#3622,
'DISTANCE_ACCURACY_VALUE',
'Maximum model space distance between geometric entities at asserted c
onnectivities');
#3620=(
GEOMETRIC_REPRESENTATION_CONTEXT(3)
GLOBAL_UNCERTAINTY_ASSIGNED_CONTEXT((#3618))
GLOBAL_UNIT_ASSIGNED_CONTEXT((#3622,#3624,#3625))
REPRESENTATION_CONTEXT('','3D')
);
#3621=(
GEOMETRIC_REPRESENTATION_CONTEXT(3)
GLOBAL_UNCERTAINTY_ASSIGNED_CONTEXT((#3619))
GLOBAL_UNIT_ASSIGNED_CONTEXT((#3622,#3624,#3625))
REPRESENTATION_CONTEXT('','3D')
);
#3622=(
LENGTH_UNIT()
NAMED_UNIT(*)
SI_UNIT(.MILLI.,.METRE.)
);
#3623=(
LENGTH_UNIT()
NAMED_UNIT(*)
SI_UNIT($,.METRE.)
);
#3624=(
NAMED_UNIT(*)
PLANE_ANGLE_UNIT()
SI_UNIT($,.RADIAN.)
);
#3625=(
NAMED_UNIT(*)
SI_UNIT($,.STERADIAN.)
SOLID_ANGLE_UNIT()
);
#3626=SHAPE_DEFINITION_REPRESENTATION(#3627,#3628);
#3627=PRODUCT_DEFINITION_SHAPE('',$,#3630);
#3628=SHAPE_REPRESENTATION('',(#1620),#3620);
#3629=PRODUCT_DEFINITION_CONTEXT('part definition',#3634,'design');
#3630=PRODUCT_DEFINITION('2026-06-22-01-02-11-432','Funil',#3631,#3629);
#3631=PRODUCT_DEFINITION_FORMATION('',$,#3636);
#3632=PRODUCT_RELATED_PRODUCT_CATEGORY('Funil','Funil',(#3636));
#3633=APPLICATION_PROTOCOL_DEFINITION('international standard',
'automotive_design',2009,#3634);
#3634=APPLICATION_CONTEXT(
'Core Data for Automotive Mechanical Design Process');
#3635=PRODUCT_CONTEXT('part definition',#3634,'mechanical');
#3636=PRODUCT('2026-06-22-01-02-11-432','Funil',$,(#3635));
#3637=PRESENTATION_STYLE_ASSIGNMENT((#3639));
#3638=PRESENTATION_STYLE_ASSIGNMENT((#3640));
#3639=SURFACE_STYLE_USAGE(.BOTH.,#3641);
#3640=SURFACE_STYLE_USAGE(.BOTH.,#3642);
#3641=SURFACE_SIDE_STYLE('',(#3643));
#3642=SURFACE_SIDE_STYLE('',(#3644));
#3643=SURFACE_STYLE_FILL_AREA(#3645);
#3644=SURFACE_STYLE_FILL_AREA(#3646);
#3645=FILL_AREA_STYLE('A\X\E7o - Acetinado',(#3647));
#3646=FILL_AREA_STYLE('Opaque(160,160,160)',(#3648));
#3647=FILL_AREA_STYLE_COLOUR('A\X\E7o - Acetinado',#3649);
#3648=FILL_AREA_STYLE_COLOUR('Opaque(160,160,160)',#3650);
#3649=COLOUR_RGB('A\X\E7o - Acetinado',0.627450980392157,0.627450980392157,
0.627450980392157);
#3650=COLOUR_RGB('Opaque(160,160,160)',0.627450980392157,0.627450980392157,
0.627450980392157);
ENDSEC;
END-ISO-10303-21;
