ISO-10303-21;
HEADER;
/* Generated by software containing ST-Developer
 * from STEP Tools, Inc. (www.steptools.com) 
 */

FILE_DESCRIPTION(
/* description */ (''),
/* implementation_level */ '2;1');

FILE_NAME(
/* name */ 'Rolamentos.step',
/* time_stamp */ '2026-05-29T16:21:07-03:00',
/* author */ (''),
/* organization */ (''),
/* preprocessor_version */ 'ST-DEVELOPER v20.1',
/* originating_system */ 'Autodesk Translation Framework v15.8.0.0',
/* authorisation */ '');

FILE_SCHEMA (('AUTOMOTIVE_DESIGN { 1 0 10303 214 3 1 1 }'));
ENDSEC;

DATA;
#10=MECHANICAL_DESIGN_GEOMETRIC_PRESENTATION_REPRESENTATION('',(#87,#88,
#89,#90,#91,#92,#93,#94,#95,#96,#97,#98,#99,#100,#101,#102,#103,#104,#105,
#106,#107,#108,#109,#110,#111,#112,#113,#114,#115,#116,#117,#118),#2553);
#11=ITEM_DEFINED_TRANSFORMATION($,$,#1429,#1641);
#12=ITEM_DEFINED_TRANSFORMATION($,$,#1429,#1642);
#13=ITEM_DEFINED_TRANSFORMATION($,$,#1429,#1643);
#14=ITEM_DEFINED_TRANSFORMATION($,$,#1429,#1644);
#15=ITEM_DEFINED_TRANSFORMATION($,$,#1429,#1645);
#16=ITEM_DEFINED_TRANSFORMATION($,$,#1429,#1646);
#17=ITEM_DEFINED_TRANSFORMATION($,$,#1535,#1647);
#18=ITEM_DEFINED_TRANSFORMATION($,$,#1535,#1648);
#19=ITEM_DEFINED_TRANSFORMATION($,$,#1535,#1649);
#20=ITEM_DEFINED_TRANSFORMATION($,$,#1535,#1650);
#21=ITEM_DEFINED_TRANSFORMATION($,$,#1535,#1651);
#22=ITEM_DEFINED_TRANSFORMATION($,$,#1535,#1652);
#23=(
REPRESENTATION_RELATIONSHIP($,$,#2577,#2576)
REPRESENTATION_RELATIONSHIP_WITH_TRANSFORMATION(#11)
SHAPE_REPRESENTATION_RELATIONSHIP()
);
#24=(
REPRESENTATION_RELATIONSHIP($,$,#2577,#2576)
REPRESENTATION_RELATIONSHIP_WITH_TRANSFORMATION(#12)
SHAPE_REPRESENTATION_RELATIONSHIP()
);
#25=(
REPRESENTATION_RELATIONSHIP($,$,#2577,#2576)
REPRESENTATION_RELATIONSHIP_WITH_TRANSFORMATION(#13)
SHAPE_REPRESENTATION_RELATIONSHIP()
);
#26=(
REPRESENTATION_RELATIONSHIP($,$,#2577,#2576)
REPRESENTATION_RELATIONSHIP_WITH_TRANSFORMATION(#14)
SHAPE_REPRESENTATION_RELATIONSHIP()
);
#27=(
REPRESENTATION_RELATIONSHIP($,$,#2577,#2576)
REPRESENTATION_RELATIONSHIP_WITH_TRANSFORMATION(#15)
SHAPE_REPRESENTATION_RELATIONSHIP()
);
#28=(
REPRESENTATION_RELATIONSHIP($,$,#2577,#2576)
REPRESENTATION_RELATIONSHIP_WITH_TRANSFORMATION(#16)
SHAPE_REPRESENTATION_RELATIONSHIP()
);
#29=(
REPRESENTATION_RELATIONSHIP($,$,#2578,#2576)
REPRESENTATION_RELATIONSHIP_WITH_TRANSFORMATION(#17)
SHAPE_REPRESENTATION_RELATIONSHIP()
);
#30=(
REPRESENTATION_RELATIONSHIP($,$,#2578,#2576)
REPRESENTATION_RELATIONSHIP_WITH_TRANSFORMATION(#18)
SHAPE_REPRESENTATION_RELATIONSHIP()
);
#31=(
REPRESENTATION_RELATIONSHIP($,$,#2578,#2576)
REPRESENTATION_RELATIONSHIP_WITH_TRANSFORMATION(#19)
SHAPE_REPRESENTATION_RELATIONSHIP()
);
#32=(
REPRESENTATION_RELATIONSHIP($,$,#2578,#2576)
REPRESENTATION_RELATIONSHIP_WITH_TRANSFORMATION(#20)
SHAPE_REPRESENTATION_RELATIONSHIP()
);
#33=(
REPRESENTATION_RELATIONSHIP($,$,#2578,#2576)
REPRESENTATION_RELATIONSHIP_WITH_TRANSFORMATION(#21)
SHAPE_REPRESENTATION_RELATIONSHIP()
);
#34=(
REPRESENTATION_RELATIONSHIP($,$,#2578,#2576)
REPRESENTATION_RELATIONSHIP_WITH_TRANSFORMATION(#22)
SHAPE_REPRESENTATION_RELATIONSHIP()
);
#35=CONTEXT_DEPENDENT_SHAPE_REPRESENTATION(#23,#2564);
#36=CONTEXT_DEPENDENT_SHAPE_REPRESENTATION(#24,#2565);
#37=CONTEXT_DEPENDENT_SHAPE_REPRESENTATION(#25,#2566);
#38=CONTEXT_DEPENDENT_SHAPE_REPRESENTATION(#26,#2567);
#39=CONTEXT_DEPENDENT_SHAPE_REPRESENTATION(#27,#2568);
#40=CONTEXT_DEPENDENT_SHAPE_REPRESENTATION(#28,#2569);
#41=CONTEXT_DEPENDENT_SHAPE_REPRESENTATION(#29,#2570);
#42=CONTEXT_DEPENDENT_SHAPE_REPRESENTATION(#30,#2571);
#43=CONTEXT_DEPENDENT_SHAPE_REPRESENTATION(#31,#2572);
#44=CONTEXT_DEPENDENT_SHAPE_REPRESENTATION(#32,#2573);
#45=CONTEXT_DEPENDENT_SHAPE_REPRESENTATION(#33,#2574);
#46=CONTEXT_DEPENDENT_SHAPE_REPRESENTATION(#34,#2575);
#47=NEXT_ASSEMBLY_USAGE_OCCURRENCE(
'6153K71_Corrosion-Resistant 440C Stainless Steel Ball Bearing:1',
'6153K71_Corrosion-Resistant 440C Stainless Steel Ball Bearing:1',
'6153K71_Corrosion-Resistant 440C Stainless Steel Ball Bearing:1',#2580,
#2581,'6153K71_Corrosion-Resistant 440C Stainless Steel Ball Bearing:1');
#48=NEXT_ASSEMBLY_USAGE_OCCURRENCE(
'6153K71_Corrosion-Resistant 440C Stainless Steel Ball Bearing:5',
'6153K71_Corrosion-Resistant 440C Stainless Steel Ball Bearing:5',
'6153K71_Corrosion-Resistant 440C Stainless Steel Ball Bearing:5',#2580,
#2581,'6153K71_Corrosion-Resistant 440C Stainless Steel Ball Bearing:5');
#49=NEXT_ASSEMBLY_USAGE_OCCURRENCE(
'6153K71_Corrosion-Resistant 440C Stainless Steel Ball Bearing:6',
'6153K71_Corrosion-Resistant 440C Stainless Steel Ball Bearing:6',
'6153K71_Corrosion-Resistant 440C Stainless Steel Ball Bearing:6',#2580,
#2581,'6153K71_Corrosion-Resistant 440C Stainless Steel Ball Bearing:6');
#50=NEXT_ASSEMBLY_USAGE_OCCURRENCE(
'6153K71_Corrosion-Resistant 440C Stainless Steel Ball Bearing:3',
'6153K71_Corrosion-Resistant 440C Stainless Steel Ball Bearing:3',
'6153K71_Corrosion-Resistant 440C Stainless Steel Ball Bearing:3',#2580,
#2581,'6153K71_Corrosion-Resistant 440C Stainless Steel Ball Bearing:3');
#51=NEXT_ASSEMBLY_USAGE_OCCURRENCE(
'6153K71_Corrosion-Resistant 440C Stainless Steel Ball Bearing:2',
'6153K71_Corrosion-Resistant 440C Stainless Steel Ball Bearing:2',
'6153K71_Corrosion-Resistant 440C Stainless Steel Ball Bearing:2',#2580,
#2581,'6153K71_Corrosion-Resistant 440C Stainless Steel Ball Bearing:2');
#52=NEXT_ASSEMBLY_USAGE_OCCURRENCE(
'6153K71_Corrosion-Resistant 440C Stainless Steel Ball Bearing:4',
'6153K71_Corrosion-Resistant 440C Stainless Steel Ball Bearing:4',
'6153K71_Corrosion-Resistant 440C Stainless Steel Ball Bearing:4',#2580,
#2581,'6153K71_Corrosion-Resistant 440C Stainless Steel Ball Bearing:4');
#53=NEXT_ASSEMBLY_USAGE_OCCURRENCE(
'6153K71_Corrosion-Resistant 440C Stainless Steel Ball Bearing(Espelha
r):1',
'6153K71_Corrosion-Resistant 440C Stainless Steel Ball Bearing(Espelha
r):1',
'6153K71_Corrosion-Resistant 440C Stainless Steel Ball Bearing(Espelha
r):1',#2580,#2582,
'6153K71_Corrosion-Resistant 440C Stainless Steel Ball Bearing(Espelha
r):1');
#54=NEXT_ASSEMBLY_USAGE_OCCURRENCE(
'6153K71_Corrosion-Resistant 440C Stainless Steel Ball Bearing(Espelha
r):2',
'6153K71_Corrosion-Resistant 440C Stainless Steel Ball Bearing(Espelha
r):2',
'6153K71_Corrosion-Resistant 440C Stainless Steel Ball Bearing(Espelha
r):2',#2580,#2582,
'6153K71_Corrosion-Resistant 440C Stainless Steel Ball Bearing(Espelha
r):2');
#55=NEXT_ASSEMBLY_USAGE_OCCURRENCE(
'6153K71_Corrosion-Resistant 440C Stainless Steel Ball Bearing(Espelha
r):3',
'6153K71_Corrosion-Resistant 440C Stainless Steel Ball Bearing(Espelha
r):3',
'6153K71_Corrosion-Resistant 440C Stainless Steel Ball Bearing(Espelha
r):3',#2580,#2582,
'6153K71_Corrosion-Resistant 440C Stainless Steel Ball Bearing(Espelha
r):3');
#56=NEXT_ASSEMBLY_USAGE_OCCURRENCE(
'6153K71_Corrosion-Resistant 440C Stainless Steel Ball Bearing(Espelha
r):4',
'6153K71_Corrosion-Resistant 440C Stainless Steel Ball Bearing(Espelha
r):4',
'6153K71_Corrosion-Resistant 440C Stainless Steel Ball Bearing(Espelha
r):4',#2580,#2582,
'6153K71_Corrosion-Resistant 440C Stainless Steel Ball Bearing(Espelha
r):4');
#57=NEXT_ASSEMBLY_USAGE_OCCURRENCE(
'6153K71_Corrosion-Resistant 440C Stainless Steel Ball Bearing(Espelha
r):5',
'6153K71_Corrosion-Resistant 440C Stainless Steel Ball Bearing(Espelha
r):5',
'6153K71_Corrosion-Resistant 440C Stainless Steel Ball Bearing(Espelha
r):5',#2580,#2582,
'6153K71_Corrosion-Resistant 440C Stainless Steel Ball Bearing(Espelha
r):5');
#58=NEXT_ASSEMBLY_USAGE_OCCURRENCE(
'6153K71_Corrosion-Resistant 440C Stainless Steel Ball Bearing(Espelha
r):6',
'6153K71_Corrosion-Resistant 440C Stainless Steel Ball Bearing(Espelha
r):6',
'6153K71_Corrosion-Resistant 440C Stainless Steel Ball Bearing(Espelha
r):6',#2580,#2582,
'6153K71_Corrosion-Resistant 440C Stainless Steel Ball Bearing(Espelha
r):6');
#59=SHAPE_REPRESENTATION_RELATIONSHIP('SRR','None',#2577,#61);
#60=SHAPE_REPRESENTATION_RELATIONSHIP('SRR','None',#2578,#62);
#61=ADVANCED_BREP_SHAPE_REPRESENTATION('',(#119,#120,#121,#122,#123,#124,
#125,#126,#127,#128,#129,#130,#131,#132,#133,#134),#2551);
#62=ADVANCED_BREP_SHAPE_REPRESENTATION('',(#135,#136,#137,#138,#139,#140,
#141,#142,#143,#144,#145,#146,#147,#148,#149,#150),#2552);
#63=SPHERICAL_SURFACE('',#1471,1.55555555555555);
#64=SPHERICAL_SURFACE('',#1473,1.55555555555555);
#65=SPHERICAL_SURFACE('',#1475,1.55555555555555);
#66=SPHERICAL_SURFACE('',#1477,1.55555555555555);
#67=SPHERICAL_SURFACE('',#1479,1.55555555555555);
#68=SPHERICAL_SURFACE('',#1481,1.55555555555555);
#69=SPHERICAL_SURFACE('',#1483,1.55555555555555);
#70=SPHERICAL_SURFACE('',#1485,1.55555555555555);
#71=SPHERICAL_SURFACE('',#1487,1.55555555555555);
#72=SPHERICAL_SURFACE('',#1489,1.55555555555555);
#73=SPHERICAL_SURFACE('',#1491,1.55555555555555);
#74=SPHERICAL_SURFACE('',#1493,1.55555555555555);
#75=SPHERICAL_SURFACE('',#1577,1.55555555555555);
#76=SPHERICAL_SURFACE('',#1579,1.55555555555555);
#77=SPHERICAL_SURFACE('',#1581,1.55555555555555);
#78=SPHERICAL_SURFACE('',#1583,1.55555555555555);
#79=SPHERICAL_SURFACE('',#1585,1.55555555555555);
#80=SPHERICAL_SURFACE('',#1587,1.55555555555555);
#81=SPHERICAL_SURFACE('',#1589,1.55555555555555);
#82=SPHERICAL_SURFACE('',#1591,1.55555555555555);
#83=SPHERICAL_SURFACE('',#1593,1.55555555555555);
#84=SPHERICAL_SURFACE('',#1595,1.55555555555555);
#85=SPHERICAL_SURFACE('',#1597,1.55555555555555);
#86=SPHERICAL_SURFACE('',#1599,1.55555555555555);
#87=STYLED_ITEM('',(#2595),#119);
#88=STYLED_ITEM('',(#2595),#120);
#89=STYLED_ITEM('',(#2595),#121);
#90=STYLED_ITEM('',(#2595),#122);
#91=STYLED_ITEM('',(#2595),#123);
#92=STYLED_ITEM('',(#2595),#124);
#93=STYLED_ITEM('',(#2595),#125);
#94=STYLED_ITEM('',(#2595),#126);
#95=STYLED_ITEM('',(#2595),#127);
#96=STYLED_ITEM('',(#2595),#128);
#97=STYLED_ITEM('',(#2595),#129);
#98=STYLED_ITEM('',(#2595),#130);
#99=STYLED_ITEM('',(#2595),#131);
#100=STYLED_ITEM('',(#2595),#132);
#101=STYLED_ITEM('',(#2595),#133);
#102=STYLED_ITEM('',(#2595),#134);
#103=STYLED_ITEM('',(#2595),#135);
#104=STYLED_ITEM('',(#2595),#136);
#105=STYLED_ITEM('',(#2595),#137);
#106=STYLED_ITEM('',(#2595),#138);
#107=STYLED_ITEM('',(#2595),#139);
#108=STYLED_ITEM('',(#2595),#140);
#109=STYLED_ITEM('',(#2595),#141);
#110=STYLED_ITEM('',(#2595),#142);
#111=STYLED_ITEM('',(#2595),#143);
#112=STYLED_ITEM('',(#2595),#144);
#113=STYLED_ITEM('',(#2595),#145);
#114=STYLED_ITEM('',(#2595),#146);
#115=STYLED_ITEM('',(#2595),#147);
#116=STYLED_ITEM('',(#2595),#148);
#117=STYLED_ITEM('',(#2595),#149);
#118=STYLED_ITEM('',(#2595),#150);
#119=MANIFOLD_SOLID_BREP('Corpo1',#1373);
#120=MANIFOLD_SOLID_BREP('Corpo2',#1374);
#121=MANIFOLD_SOLID_BREP('Corpo3',#1375);
#122=MANIFOLD_SOLID_BREP('Corpo4',#1376);
#123=MANIFOLD_SOLID_BREP('Corpo5',#1377);
#124=MANIFOLD_SOLID_BREP('Corpo6',#1378);
#125=MANIFOLD_SOLID_BREP('Corpo7',#1379);
#126=MANIFOLD_SOLID_BREP('Corpo8',#1380);
#127=MANIFOLD_SOLID_BREP('Corpo9',#1381);
#128=MANIFOLD_SOLID_BREP('Corpo10',#1382);
#129=MANIFOLD_SOLID_BREP('Corpo11',#1383);
#130=MANIFOLD_SOLID_BREP('Corpo12',#1384);
#131=MANIFOLD_SOLID_BREP('Corpo13',#1385);
#132=MANIFOLD_SOLID_BREP('Corpo14',#1386);
#133=MANIFOLD_SOLID_BREP('Corpo15',#1387);
#134=MANIFOLD_SOLID_BREP('Corpo16',#1388);
#135=MANIFOLD_SOLID_BREP('Corpo1',#1389);
#136=MANIFOLD_SOLID_BREP('Corpo2',#1390);
#137=MANIFOLD_SOLID_BREP('Corpo3',#1391);
#138=MANIFOLD_SOLID_BREP('Corpo4',#1392);
#139=MANIFOLD_SOLID_BREP('Corpo5',#1393);
#140=MANIFOLD_SOLID_BREP('Corpo6',#1394);
#141=MANIFOLD_SOLID_BREP('Corpo7',#1395);
#142=MANIFOLD_SOLID_BREP('Corpo8',#1396);
#143=MANIFOLD_SOLID_BREP('Corpo9',#1397);
#144=MANIFOLD_SOLID_BREP('Corpo10',#1398);
#145=MANIFOLD_SOLID_BREP('Corpo11',#1399);
#146=MANIFOLD_SOLID_BREP('Corpo12',#1400);
#147=MANIFOLD_SOLID_BREP('Corpo13',#1401);
#148=MANIFOLD_SOLID_BREP('Corpo14',#1402);
#149=MANIFOLD_SOLID_BREP('Corpo15',#1403);
#150=MANIFOLD_SOLID_BREP('Corpo16',#1404);
#151=FACE_BOUND('',#352,.T.);
#152=FACE_BOUND('',#354,.T.);
#153=FACE_BOUND('',#362,.T.);
#154=FACE_BOUND('',#364,.T.);
#155=FACE_BOUND('',#383,.T.);
#156=FACE_BOUND('',#385,.T.);
#157=FACE_BOUND('',#387,.T.);
#158=FACE_BOUND('',#389,.T.);
#159=FACE_BOUND('',#391,.T.);
#160=FACE_BOUND('',#398,.T.);
#161=FACE_BOUND('',#400,.T.);
#162=FACE_BOUND('',#402,.T.);
#163=FACE_BOUND('',#404,.T.);
#164=FACE_BOUND('',#406,.T.);
#165=FACE_BOUND('',#416,.T.);
#166=FACE_BOUND('',#418,.T.);
#167=FACE_BOUND('',#426,.T.);
#168=FACE_BOUND('',#428,.T.);
#169=FACE_BOUND('',#447,.T.);
#170=FACE_BOUND('',#449,.T.);
#171=FACE_BOUND('',#451,.T.);
#172=FACE_BOUND('',#453,.T.);
#173=FACE_BOUND('',#455,.T.);
#174=FACE_BOUND('',#462,.T.);
#175=FACE_BOUND('',#464,.T.);
#176=FACE_BOUND('',#466,.T.);
#177=FACE_BOUND('',#468,.T.);
#178=FACE_BOUND('',#470,.T.);
#179=PLANE('',#1451);
#180=PLANE('',#1452);
#181=PLANE('',#1469);
#182=PLANE('',#1470);
#183=PLANE('',#1510);
#184=PLANE('',#1511);
#185=PLANE('',#1512);
#186=PLANE('',#1513);
#187=PLANE('',#1514);
#188=PLANE('',#1530);
#189=PLANE('',#1531);
#190=PLANE('',#1532);
#191=PLANE('',#1533);
#192=PLANE('',#1534);
#193=PLANE('',#1557);
#194=PLANE('',#1558);
#195=PLANE('',#1575);
#196=PLANE('',#1576);
#197=PLANE('',#1616);
#198=PLANE('',#1617);
#199=PLANE('',#1618);
#200=PLANE('',#1619);
#201=PLANE('',#1620);
#202=PLANE('',#1636);
#203=PLANE('',#1637);
#204=PLANE('',#1638);
#205=PLANE('',#1639);
#206=PLANE('',#1640);
#207=TOROIDAL_SURFACE('',#1439,8.47065934065934,1.68952158656808);
#208=TOROIDAL_SURFACE('',#1453,8.47065934065934,3.03037655953488);
#209=TOROIDAL_SURFACE('',#1545,8.47065934065934,1.68952158656808);
#210=TOROIDAL_SURFACE('',#1559,8.47065934065934,3.03037655953488);
#211=CYLINDRICAL_SURFACE('',#1437,9.13);
#212=CYLINDRICAL_SURFACE('',#1442,9.13);
#213=CYLINDRICAL_SURFACE('',#1446,11.);
#214=CYLINDRICAL_SURFACE('',#1460,4.);
#215=CYLINDRICAL_SURFACE('',#1465,5.87);
#216=CYLINDRICAL_SURFACE('',#1467,5.87);
#217=CYLINDRICAL_SURFACE('',#1495,6.121);
#218=CYLINDRICAL_SURFACE('',#1498,6.685);
#219=CYLINDRICAL_SURFACE('',#1501,5.87);
#220=CYLINDRICAL_SURFACE('',#1504,9.13);
#221=CYLINDRICAL_SURFACE('',#1507,5.98);
#222=CYLINDRICAL_SURFACE('',#1515,6.121);
#223=CYLINDRICAL_SURFACE('',#1518,6.685);
#224=CYLINDRICAL_SURFACE('',#1521,5.87);
#225=CYLINDRICAL_SURFACE('',#1524,9.13);
#226=CYLINDRICAL_SURFACE('',#1527,5.98);
#227=CYLINDRICAL_SURFACE('',#1543,9.13);
#228=CYLINDRICAL_SURFACE('',#1548,9.13);
#229=CYLINDRICAL_SURFACE('',#1552,11.);
#230=CYLINDRICAL_SURFACE('',#1566,4.);
#231=CYLINDRICAL_SURFACE('',#1571,5.87);
#232=CYLINDRICAL_SURFACE('',#1573,5.87);
#233=CYLINDRICAL_SURFACE('',#1601,6.121);
#234=CYLINDRICAL_SURFACE('',#1604,6.685);
#235=CYLINDRICAL_SURFACE('',#1607,5.87);
#236=CYLINDRICAL_SURFACE('',#1610,9.13);
#237=CYLINDRICAL_SURFACE('',#1613,5.98);
#238=CYLINDRICAL_SURFACE('',#1621,6.121);
#239=CYLINDRICAL_SURFACE('',#1624,6.685);
#240=CYLINDRICAL_SURFACE('',#1627,5.87);
#241=CYLINDRICAL_SURFACE('',#1630,9.13);
#242=CYLINDRICAL_SURFACE('',#1633,5.98);
#243=FACE_OUTER_BOUND('',#343,.T.);
#244=FACE_OUTER_BOUND('',#344,.T.);
#245=FACE_OUTER_BOUND('',#345,.T.);
#246=FACE_OUTER_BOUND('',#346,.T.);
#247=FACE_OUTER_BOUND('',#347,.T.);
#248=FACE_OUTER_BOUND('',#348,.T.);
#249=FACE_OUTER_BOUND('',#349,.T.);
#250=FACE_OUTER_BOUND('',#350,.T.);
#251=FACE_OUTER_BOUND('',#351,.T.);
#252=FACE_OUTER_BOUND('',#353,.T.);
#253=FACE_OUTER_BOUND('',#355,.T.);
#254=FACE_OUTER_BOUND('',#356,.T.);
#255=FACE_OUTER_BOUND('',#357,.T.);
#256=FACE_OUTER_BOUND('',#358,.T.);
#257=FACE_OUTER_BOUND('',#359,.T.);
#258=FACE_OUTER_BOUND('',#360,.T.);
#259=FACE_OUTER_BOUND('',#361,.T.);
#260=FACE_OUTER_BOUND('',#363,.T.);
#261=FACE_OUTER_BOUND('',#365,.T.);
#262=FACE_OUTER_BOUND('',#366,.T.);
#263=FACE_OUTER_BOUND('',#367,.T.);
#264=FACE_OUTER_BOUND('',#368,.T.);
#265=FACE_OUTER_BOUND('',#369,.T.);
#266=FACE_OUTER_BOUND('',#370,.T.);
#267=FACE_OUTER_BOUND('',#371,.T.);
#268=FACE_OUTER_BOUND('',#372,.T.);
#269=FACE_OUTER_BOUND('',#373,.T.);
#270=FACE_OUTER_BOUND('',#374,.T.);
#271=FACE_OUTER_BOUND('',#375,.T.);
#272=FACE_OUTER_BOUND('',#376,.T.);
#273=FACE_OUTER_BOUND('',#377,.T.);
#274=FACE_OUTER_BOUND('',#378,.T.);
#275=FACE_OUTER_BOUND('',#379,.T.);
#276=FACE_OUTER_BOUND('',#380,.T.);
#277=FACE_OUTER_BOUND('',#381,.T.);
#278=FACE_OUTER_BOUND('',#382,.T.);
#279=FACE_OUTER_BOUND('',#384,.T.);
#280=FACE_OUTER_BOUND('',#386,.T.);
#281=FACE_OUTER_BOUND('',#388,.T.);
#282=FACE_OUTER_BOUND('',#390,.T.);
#283=FACE_OUTER_BOUND('',#392,.T.);
#284=FACE_OUTER_BOUND('',#393,.T.);
#285=FACE_OUTER_BOUND('',#394,.T.);
#286=FACE_OUTER_BOUND('',#395,.T.);
#287=FACE_OUTER_BOUND('',#396,.T.);
#288=FACE_OUTER_BOUND('',#397,.T.);
#289=FACE_OUTER_BOUND('',#399,.T.);
#290=FACE_OUTER_BOUND('',#401,.T.);
#291=FACE_OUTER_BOUND('',#403,.T.);
#292=FACE_OUTER_BOUND('',#405,.T.);
#293=FACE_OUTER_BOUND('',#407,.T.);
#294=FACE_OUTER_BOUND('',#408,.T.);
#295=FACE_OUTER_BOUND('',#409,.T.);
#296=FACE_OUTER_BOUND('',#410,.T.);
#297=FACE_OUTER_BOUND('',#411,.T.);
#298=FACE_OUTER_BOUND('',#412,.T.);
#299=FACE_OUTER_BOUND('',#413,.T.);
#300=FACE_OUTER_BOUND('',#414,.T.);
#301=FACE_OUTER_BOUND('',#415,.T.);
#302=FACE_OUTER_BOUND('',#417,.T.);
#303=FACE_OUTER_BOUND('',#419,.T.);
#304=FACE_OUTER_BOUND('',#420,.T.);
#305=FACE_OUTER_BOUND('',#421,.T.);
#306=FACE_OUTER_BOUND('',#422,.T.);
#307=FACE_OUTER_BOUND('',#423,.T.);
#308=FACE_OUTER_BOUND('',#424,.T.);
#309=FACE_OUTER_BOUND('',#425,.T.);
#310=FACE_OUTER_BOUND('',#427,.T.);
#311=FACE_OUTER_BOUND('',#429,.T.);
#312=FACE_OUTER_BOUND('',#430,.T.);
#313=FACE_OUTER_BOUND('',#431,.T.);
#314=FACE_OUTER_BOUND('',#432,.T.);
#315=FACE_OUTER_BOUND('',#433,.T.);
#316=FACE_OUTER_BOUND('',#434,.T.);
#317=FACE_OUTER_BOUND('',#435,.T.);
#318=FACE_OUTER_BOUND('',#436,.T.);
#319=FACE_OUTER_BOUND('',#437,.T.);
#320=FACE_OUTER_BOUND('',#438,.T.);
#321=FACE_OUTER_BOUND('',#439,.T.);
#322=FACE_OUTER_BOUND('',#440,.T.);
#323=FACE_OUTER_BOUND('',#441,.T.);
#324=FACE_OUTER_BOUND('',#442,.T.);
#325=FACE_OUTER_BOUND('',#443,.T.);
#326=FACE_OUTER_BOUND('',#444,.T.);
#327=FACE_OUTER_BOUND('',#445,.T.);
#328=FACE_OUTER_BOUND('',#446,.T.);
#329=FACE_OUTER_BOUND('',#448,.T.);
#330=FACE_OUTER_BOUND('',#450,.T.);
#331=FACE_OUTER_BOUND('',#452,.T.);
#332=FACE_OUTER_BOUND('',#454,.T.);
#333=FACE_OUTER_BOUND('',#456,.T.);
#334=FACE_OUTER_BOUND('',#457,.T.);
#335=FACE_OUTER_BOUND('',#458,.T.);
#336=FACE_OUTER_BOUND('',#459,.T.);
#337=FACE_OUTER_BOUND('',#460,.T.);
#338=FACE_OUTER_BOUND('',#461,.T.);
#339=FACE_OUTER_BOUND('',#463,.T.);
#340=FACE_OUTER_BOUND('',#465,.T.);
#341=FACE_OUTER_BOUND('',#467,.T.);
#342=FACE_OUTER_BOUND('',#469,.T.);
#343=EDGE_LOOP('',(#953,#954,#955,#956));
#344=EDGE_LOOP('',(#957,#958,#959,#960,#961));
#345=EDGE_LOOP('',(#962,#963,#964,#965));
#346=EDGE_LOOP('',(#966,#967,#968,#969));
#347=EDGE_LOOP('',(#970,#971,#972,#973,#974));
#348=EDGE_LOOP('',(#975,#976,#977,#978));
#349=EDGE_LOOP('',(#979,#980,#981,#982,#983));
#350=EDGE_LOOP('',(#984,#985,#986,#987,#988));
#351=EDGE_LOOP('',(#989));
#352=EDGE_LOOP('',(#990));
#353=EDGE_LOOP('',(#991));
#354=EDGE_LOOP('',(#992));
#355=EDGE_LOOP('',(#993,#994,#995,#996));
#356=EDGE_LOOP('',(#997,#998,#999,#1000));
#357=EDGE_LOOP('',(#1001,#1002,#1003,#1004,#1005));
#358=EDGE_LOOP('',(#1006,#1007,#1008,#1009,#1010));
#359=EDGE_LOOP('',(#1011,#1012,#1013,#1014));
#360=EDGE_LOOP('',(#1015,#1016,#1017,#1018));
#361=EDGE_LOOP('',(#1019));
#362=EDGE_LOOP('',(#1020));
#363=EDGE_LOOP('',(#1021));
#364=EDGE_LOOP('',(#1022));
#365=EDGE_LOOP('',(#1023,#1024));
#366=EDGE_LOOP('',(#1025,#1026));
#367=EDGE_LOOP('',(#1027,#1028));
#368=EDGE_LOOP('',(#1029,#1030));
#369=EDGE_LOOP('',(#1031,#1032));
#370=EDGE_LOOP('',(#1033,#1034));
#371=EDGE_LOOP('',(#1035,#1036));
#372=EDGE_LOOP('',(#1037,#1038));
#373=EDGE_LOOP('',(#1039,#1040));
#374=EDGE_LOOP('',(#1041,#1042));
#375=EDGE_LOOP('',(#1043,#1044));
#376=EDGE_LOOP('',(#1045,#1046));
#377=EDGE_LOOP('',(#1047,#1048,#1049,#1050));
#378=EDGE_LOOP('',(#1051,#1052,#1053,#1054));
#379=EDGE_LOOP('',(#1055,#1056,#1057,#1058));
#380=EDGE_LOOP('',(#1059,#1060,#1061,#1062));
#381=EDGE_LOOP('',(#1063,#1064,#1065,#1066));
#382=EDGE_LOOP('',(#1067));
#383=EDGE_LOOP('',(#1068));
#384=EDGE_LOOP('',(#1069));
#385=EDGE_LOOP('',(#1070));
#386=EDGE_LOOP('',(#1071));
#387=EDGE_LOOP('',(#1072));
#388=EDGE_LOOP('',(#1073));
#389=EDGE_LOOP('',(#1074));
#390=EDGE_LOOP('',(#1075));
#391=EDGE_LOOP('',(#1076));
#392=EDGE_LOOP('',(#1077,#1078,#1079,#1080));
#393=EDGE_LOOP('',(#1081,#1082,#1083,#1084));
#394=EDGE_LOOP('',(#1085,#1086,#1087,#1088));
#395=EDGE_LOOP('',(#1089,#1090,#1091,#1092));
#396=EDGE_LOOP('',(#1093,#1094,#1095,#1096));
#397=EDGE_LOOP('',(#1097));
#398=EDGE_LOOP('',(#1098));
#399=EDGE_LOOP('',(#1099));
#400=EDGE_LOOP('',(#1100));
#401=EDGE_LOOP('',(#1101));
#402=EDGE_LOOP('',(#1102));
#403=EDGE_LOOP('',(#1103));
#404=EDGE_LOOP('',(#1104));
#405=EDGE_LOOP('',(#1105));
#406=EDGE_LOOP('',(#1106));
#407=EDGE_LOOP('',(#1107,#1108,#1109,#1110));
#408=EDGE_LOOP('',(#1111,#1112,#1113,#1114,#1115));
#409=EDGE_LOOP('',(#1116,#1117,#1118,#1119));
#410=EDGE_LOOP('',(#1120,#1121,#1122,#1123));
#411=EDGE_LOOP('',(#1124,#1125,#1126,#1127,#1128));
#412=EDGE_LOOP('',(#1129,#1130,#1131,#1132));
#413=EDGE_LOOP('',(#1133,#1134,#1135,#1136,#1137));
#414=EDGE_LOOP('',(#1138,#1139,#1140,#1141,#1142));
#415=EDGE_LOOP('',(#1143));
#416=EDGE_LOOP('',(#1144));
#417=EDGE_LOOP('',(#1145));
#418=EDGE_LOOP('',(#1146));
#419=EDGE_LOOP('',(#1147,#1148,#1149,#1150));
#420=EDGE_LOOP('',(#1151,#1152,#1153,#1154));
#421=EDGE_LOOP('',(#1155,#1156,#1157,#1158,#1159));
#422=EDGE_LOOP('',(#1160,#1161,#1162,#1163,#1164));
#423=EDGE_LOOP('',(#1165,#1166,#1167,#1168));
#424=EDGE_LOOP('',(#1169,#1170,#1171,#1172));
#425=EDGE_LOOP('',(#1173));
#426=EDGE_LOOP('',(#1174));
#427=EDGE_LOOP('',(#1175));
#428=EDGE_LOOP('',(#1176));
#429=EDGE_LOOP('',(#1177,#1178));
#430=EDGE_LOOP('',(#1179,#1180));
#431=EDGE_LOOP('',(#1181,#1182));
#432=EDGE_LOOP('',(#1183,#1184));
#433=EDGE_LOOP('',(#1185,#1186));
#434=EDGE_LOOP('',(#1187,#1188));
#435=EDGE_LOOP('',(#1189,#1190));
#436=EDGE_LOOP('',(#1191,#1192));
#437=EDGE_LOOP('',(#1193,#1194));
#438=EDGE_LOOP('',(#1195,#1196));
#439=EDGE_LOOP('',(#1197,#1198));
#440=EDGE_LOOP('',(#1199,#1200));
#441=EDGE_LOOP('',(#1201,#1202,#1203,#1204));
#442=EDGE_LOOP('',(#1205,#1206,#1207,#1208));
#443=EDGE_LOOP('',(#1209,#1210,#1211,#1212));
#444=EDGE_LOOP('',(#1213,#1214,#1215,#1216));
#445=EDGE_LOOP('',(#1217,#1218,#1219,#1220));
#446=EDGE_LOOP('',(#1221));
#447=EDGE_LOOP('',(#1222));
#448=EDGE_LOOP('',(#1223));
#449=EDGE_LOOP('',(#1224));
#450=EDGE_LOOP('',(#1225));
#451=EDGE_LOOP('',(#1226));
#452=EDGE_LOOP('',(#1227));
#453=EDGE_LOOP('',(#1228));
#454=EDGE_LOOP('',(#1229));
#455=EDGE_LOOP('',(#1230));
#456=EDGE_LOOP('',(#1231,#1232,#1233,#1234));
#457=EDGE_LOOP('',(#1235,#1236,#1237,#1238));
#458=EDGE_LOOP('',(#1239,#1240,#1241,#1242));
#459=EDGE_LOOP('',(#1243,#1244,#1245,#1246));
#460=EDGE_LOOP('',(#1247,#1248,#1249,#1250));
#461=EDGE_LOOP('',(#1251));
#462=EDGE_LOOP('',(#1252));
#463=EDGE_LOOP('',(#1253));
#464=EDGE_LOOP('',(#1254));
#465=EDGE_LOOP('',(#1255));
#466=EDGE_LOOP('',(#1256));
#467=EDGE_LOOP('',(#1257));
#468=EDGE_LOOP('',(#1258));
#469=EDGE_LOOP('',(#1259));
#470=EDGE_LOOP('',(#1260));
#471=LINE('',#2153,#515);
#472=LINE('',#2161,#516);
#473=LINE('',#2166,#517);
#474=LINE('',#2172,#518);
#475=LINE('',#2177,#519);
#476=LINE('',#2184,#520);
#477=LINE('',#2187,#521);
#478=LINE('',#2201,#522);
#479=LINE('',#2208,#523);
#480=LINE('',#2211,#524);
#481=LINE('',#2215,#525);
#482=LINE('',#2220,#526);
#483=LINE('',#2275,#527);
#484=LINE('',#2281,#528);
#485=LINE('',#2287,#529);
#486=LINE('',#2293,#530);
#487=LINE('',#2299,#531);
#488=LINE('',#2310,#532);
#489=LINE('',#2316,#533);
#490=LINE('',#2322,#534);
#491=LINE('',#2328,#535);
#492=LINE('',#2334,#536);
#493=LINE('',#2346,#537);
#494=LINE('',#2353,#538);
#495=LINE('',#2359,#539);
#496=LINE('',#2365,#540);
#497=LINE('',#2370,#541);
#498=LINE('',#2376,#542);
#499=LINE('',#2380,#543);
#500=LINE('',#2394,#544);
#501=LINE('',#2400,#545);
#502=LINE('',#2404,#546);
#503=LINE('',#2408,#547);
#504=LINE('',#2413,#548);
#505=LINE('',#2468,#549);
#506=LINE('',#2474,#550);
#507=LINE('',#2480,#551);
#508=LINE('',#2486,#552);
#509=LINE('',#2492,#553);
#510=LINE('',#2503,#554);
#511=LINE('',#2509,#555);
#512=LINE('',#2515,#556);
#513=LINE('',#2521,#557);
#514=LINE('',#2527,#558);
#515=VECTOR('',#1661,9.13);
#516=VECTOR('',#1670,9.305);
#517=VECTOR('',#1677,9.13);
#518=VECTOR('',#1686,9.13);
#519=VECTOR('',#1691,10.65);
#520=VECTOR('',#1700,11.);
#521=VECTOR('',#1703,11.);
#522=VECTOR('',#1722,4.35);
#523=VECTOR('',#1731,4.);
#524=VECTOR('',#1734,4.);
#525=VECTOR('',#1739,5.87);
#526=VECTOR('',#1746,5.87);
#527=VECTOR('',#1803,6.121);
#528=VECTOR('',#1810,6.685);
#529=VECTOR('',#1817,5.87);
#530=VECTOR('',#1824,9.13);
#531=VECTOR('',#1831,5.98);
#532=VECTOR('',#1848,6.121);
#533=VECTOR('',#1855,6.685);
#534=VECTOR('',#1862,5.87);
#535=VECTOR('',#1869,9.13);
#536=VECTOR('',#1876,5.98);
#537=VECTOR('',#1895,9.13);
#538=VECTOR('',#1902,9.305);
#539=VECTOR('',#1911,9.13);
#540=VECTOR('',#1920,9.13);
#541=VECTOR('',#1925,10.65);
#542=VECTOR('',#1932,11.);
#543=VECTOR('',#1937,11.);
#544=VECTOR('',#1956,4.35);
#545=VECTOR('',#1963,4.);
#546=VECTOR('',#1968,4.);
#547=VECTOR('',#1973,5.87);
#548=VECTOR('',#1980,5.87);
#549=VECTOR('',#2037,6.121);
#550=VECTOR('',#2044,6.685);
#551=VECTOR('',#2051,5.87);
#552=VECTOR('',#2058,9.13);
#553=VECTOR('',#2065,5.98);
#554=VECTOR('',#2082,6.121);
#555=VECTOR('',#2089,6.685);
#556=VECTOR('',#2096,5.87);
#557=VECTOR('',#2103,9.13);
#558=VECTOR('',#2110,5.98);
#559=CIRCLE('',#1431,9.13);
#560=CIRCLE('',#1432,9.30500000000001);
#561=CIRCLE('',#1434,9.13);
#562=CIRCLE('',#1435,9.13);
#563=CIRCLE('',#1436,9.305);
#564=CIRCLE('',#1438,9.13);
#565=CIRCLE('',#1440,9.13);
#566=CIRCLE('',#1441,1.68952158656808);
#567=CIRCLE('',#1444,11.);
#568=CIRCLE('',#1445,10.65);
#569=CIRCLE('',#1447,11.);
#570=CIRCLE('',#1448,11.);
#571=CIRCLE('',#1450,10.65);
#572=CIRCLE('',#1454,5.87);
#573=CIRCLE('',#1455,3.03037655953488);
#574=CIRCLE('',#1456,5.87);
#575=CIRCLE('',#1458,4.);
#576=CIRCLE('',#1459,4.35);
#577=CIRCLE('',#1461,4.);
#578=CIRCLE('',#1462,4.);
#579=CIRCLE('',#1464,4.35);
#580=CIRCLE('',#1466,5.87);
#581=CIRCLE('',#1468,5.87);
#582=CIRCLE('',#1472,1.55555555555555);
#583=CIRCLE('',#1474,1.55555555555555);
#584=CIRCLE('',#1476,1.55555555555555);
#585=CIRCLE('',#1478,1.55555555555555);
#586=CIRCLE('',#1480,1.55555555555555);
#587=CIRCLE('',#1482,1.55555555555556);
#588=CIRCLE('',#1484,1.55555555555555);
#589=CIRCLE('',#1486,1.55555555555556);
#590=CIRCLE('',#1488,1.55555555555556);
#591=CIRCLE('',#1490,1.55555555555555);
#592=CIRCLE('',#1492,1.55555555555556);
#593=CIRCLE('',#1494,1.55555555555555);
#594=CIRCLE('',#1496,6.121);
#595=CIRCLE('',#1497,6.121);
#596=CIRCLE('',#1499,6.685);
#597=CIRCLE('',#1500,6.685);
#598=CIRCLE('',#1502,5.87);
#599=CIRCLE('',#1503,5.87);
#600=CIRCLE('',#1505,9.13);
#601=CIRCLE('',#1506,9.13);
#602=CIRCLE('',#1508,5.98);
#603=CIRCLE('',#1509,5.98);
#604=CIRCLE('',#1516,6.121);
#605=CIRCLE('',#1517,6.121);
#606=CIRCLE('',#1519,6.685);
#607=CIRCLE('',#1520,6.685);
#608=CIRCLE('',#1522,5.87);
#609=CIRCLE('',#1523,5.87);
#610=CIRCLE('',#1525,9.13);
#611=CIRCLE('',#1526,9.13);
#612=CIRCLE('',#1528,5.98);
#613=CIRCLE('',#1529,5.98);
#614=CIRCLE('',#1537,9.13);
#615=CIRCLE('',#1538,9.30500000000001);
#616=CIRCLE('',#1540,9.13);
#617=CIRCLE('',#1541,9.305);
#618=CIRCLE('',#1542,9.13);
#619=CIRCLE('',#1544,9.13);
#620=CIRCLE('',#1546,9.13);
#621=CIRCLE('',#1547,1.68952158656808);
#622=CIRCLE('',#1550,11.);
#623=CIRCLE('',#1551,10.65);
#624=CIRCLE('',#1553,11.);
#625=CIRCLE('',#1554,11.);
#626=CIRCLE('',#1556,10.65);
#627=CIRCLE('',#1560,5.87);
#628=CIRCLE('',#1561,3.03037655953488);
#629=CIRCLE('',#1562,5.87);
#630=CIRCLE('',#1564,4.);
#631=CIRCLE('',#1565,4.35);
#632=CIRCLE('',#1567,4.);
#633=CIRCLE('',#1568,4.);
#634=CIRCLE('',#1570,4.35);
#635=CIRCLE('',#1572,5.87);
#636=CIRCLE('',#1574,5.87);
#637=CIRCLE('',#1578,1.55555555555555);
#638=CIRCLE('',#1580,1.55555555555555);
#639=CIRCLE('',#1582,1.55555555555555);
#640=CIRCLE('',#1584,1.55555555555555);
#641=CIRCLE('',#1586,1.55555555555555);
#642=CIRCLE('',#1588,1.55555555555556);
#643=CIRCLE('',#1590,1.55555555555555);
#644=CIRCLE('',#1592,1.55555555555556);
#645=CIRCLE('',#1594,1.55555555555556);
#646=CIRCLE('',#1596,1.55555555555555);
#647=CIRCLE('',#1598,1.55555555555556);
#648=CIRCLE('',#1600,1.55555555555555);
#649=CIRCLE('',#1602,6.121);
#650=CIRCLE('',#1603,6.121);
#651=CIRCLE('',#1605,6.685);
#652=CIRCLE('',#1606,6.685);
#653=CIRCLE('',#1608,5.87);
#654=CIRCLE('',#1609,5.87);
#655=CIRCLE('',#1611,9.13);
#656=CIRCLE('',#1612,9.13);
#657=CIRCLE('',#1614,5.98);
#658=CIRCLE('',#1615,5.98);
#659=CIRCLE('',#1622,6.121);
#660=CIRCLE('',#1623,6.121);
#661=CIRCLE('',#1625,6.685);
#662=CIRCLE('',#1626,6.685);
#663=CIRCLE('',#1628,5.87);
#664=CIRCLE('',#1629,5.87);
#665=CIRCLE('',#1631,9.13);
#666=CIRCLE('',#1632,9.13);
#667=CIRCLE('',#1634,5.98);
#668=CIRCLE('',#1635,5.98);
#669=VERTEX_POINT('',#2150);
#670=VERTEX_POINT('',#2152);
#671=VERTEX_POINT('',#2156);
#672=VERTEX_POINT('',#2157);
#673=VERTEX_POINT('',#2160);
#674=VERTEX_POINT('',#2164);
#675=VERTEX_POINT('',#2168);
#676=VERTEX_POINT('',#2174);
#677=VERTEX_POINT('',#2176);
#678=VERTEX_POINT('',#2180);
#679=VERTEX_POINT('',#2181);
#680=VERTEX_POINT('',#2186);
#681=VERTEX_POINT('',#2192);
#682=VERTEX_POINT('',#2194);
#683=VERTEX_POINT('',#2198);
#684=VERTEX_POINT('',#2200);
#685=VERTEX_POINT('',#2204);
#686=VERTEX_POINT('',#2205);
#687=VERTEX_POINT('',#2210);
#688=VERTEX_POINT('',#2214);
#689=VERTEX_POINT('',#2218);
#690=VERTEX_POINT('',#2224);
#691=VERTEX_POINT('',#2225);
#692=VERTEX_POINT('',#2228);
#693=VERTEX_POINT('',#2229);
#694=VERTEX_POINT('',#2232);
#695=VERTEX_POINT('',#2233);
#696=VERTEX_POINT('',#2236);
#697=VERTEX_POINT('',#2237);
#698=VERTEX_POINT('',#2240);
#699=VERTEX_POINT('',#2241);
#700=VERTEX_POINT('',#2244);
#701=VERTEX_POINT('',#2245);
#702=VERTEX_POINT('',#2248);
#703=VERTEX_POINT('',#2249);
#704=VERTEX_POINT('',#2252);
#705=VERTEX_POINT('',#2253);
#706=VERTEX_POINT('',#2256);
#707=VERTEX_POINT('',#2257);
#708=VERTEX_POINT('',#2260);
#709=VERTEX_POINT('',#2261);
#710=VERTEX_POINT('',#2264);
#711=VERTEX_POINT('',#2265);
#712=VERTEX_POINT('',#2268);
#713=VERTEX_POINT('',#2269);
#714=VERTEX_POINT('',#2272);
#715=VERTEX_POINT('',#2274);
#716=VERTEX_POINT('',#2278);
#717=VERTEX_POINT('',#2280);
#718=VERTEX_POINT('',#2284);
#719=VERTEX_POINT('',#2286);
#720=VERTEX_POINT('',#2290);
#721=VERTEX_POINT('',#2292);
#722=VERTEX_POINT('',#2296);
#723=VERTEX_POINT('',#2298);
#724=VERTEX_POINT('',#2307);
#725=VERTEX_POINT('',#2309);
#726=VERTEX_POINT('',#2313);
#727=VERTEX_POINT('',#2315);
#728=VERTEX_POINT('',#2319);
#729=VERTEX_POINT('',#2321);
#730=VERTEX_POINT('',#2325);
#731=VERTEX_POINT('',#2327);
#732=VERTEX_POINT('',#2331);
#733=VERTEX_POINT('',#2333);
#734=VERTEX_POINT('',#2343);
#735=VERTEX_POINT('',#2345);
#736=VERTEX_POINT('',#2349);
#737=VERTEX_POINT('',#2350);
#738=VERTEX_POINT('',#2352);
#739=VERTEX_POINT('',#2357);
#740=VERTEX_POINT('',#2361);
#741=VERTEX_POINT('',#2367);
#742=VERTEX_POINT('',#2369);
#743=VERTEX_POINT('',#2373);
#744=VERTEX_POINT('',#2374);
#745=VERTEX_POINT('',#2379);
#746=VERTEX_POINT('',#2385);
#747=VERTEX_POINT('',#2387);
#748=VERTEX_POINT('',#2391);
#749=VERTEX_POINT('',#2393);
#750=VERTEX_POINT('',#2397);
#751=VERTEX_POINT('',#2398);
#752=VERTEX_POINT('',#2403);
#753=VERTEX_POINT('',#2407);
#754=VERTEX_POINT('',#2411);
#755=VERTEX_POINT('',#2417);
#756=VERTEX_POINT('',#2418);
#757=VERTEX_POINT('',#2421);
#758=VERTEX_POINT('',#2422);
#759=VERTEX_POINT('',#2425);
#760=VERTEX_POINT('',#2426);
#761=VERTEX_POINT('',#2429);
#762=VERTEX_POINT('',#2430);
#763=VERTEX_POINT('',#2433);
#764=VERTEX_POINT('',#2434);
#765=VERTEX_POINT('',#2437);
#766=VERTEX_POINT('',#2438);
#767=VERTEX_POINT('',#2441);
#768=VERTEX_POINT('',#2442);
#769=VERTEX_POINT('',#2445);
#770=VERTEX_POINT('',#2446);
#771=VERTEX_POINT('',#2449);
#772=VERTEX_POINT('',#2450);
#773=VERTEX_POINT('',#2453);
#774=VERTEX_POINT('',#2454);
#775=VERTEX_POINT('',#2457);
#776=VERTEX_POINT('',#2458);
#777=VERTEX_POINT('',#2461);
#778=VERTEX_POINT('',#2462);
#779=VERTEX_POINT('',#2465);
#780=VERTEX_POINT('',#2467);
#781=VERTEX_POINT('',#2471);
#782=VERTEX_POINT('',#2473);
#783=VERTEX_POINT('',#2477);
#784=VERTEX_POINT('',#2479);
#785=VERTEX_POINT('',#2483);
#786=VERTEX_POINT('',#2485);
#787=VERTEX_POINT('',#2489);
#788=VERTEX_POINT('',#2491);
#789=VERTEX_POINT('',#2500);
#790=VERTEX_POINT('',#2502);
#791=VERTEX_POINT('',#2506);
#792=VERTEX_POINT('',#2508);
#793=VERTEX_POINT('',#2512);
#794=VERTEX_POINT('',#2514);
#795=VERTEX_POINT('',#2518);
#796=VERTEX_POINT('',#2520);
#797=VERTEX_POINT('',#2524);
#798=VERTEX_POINT('',#2526);
#799=EDGE_CURVE('',#669,#669,#559,.T.);
#800=EDGE_CURVE('',#669,#670,#471,.T.);
#801=EDGE_CURVE('',#670,#670,#560,.T.);
#802=EDGE_CURVE('',#671,#672,#561,.T.);
#803=EDGE_CURVE('',#672,#671,#562,.T.);
#804=EDGE_CURVE('',#672,#673,#472,.T.);
#805=EDGE_CURVE('',#673,#673,#563,.T.);
#806=EDGE_CURVE('',#674,#674,#564,.T.);
#807=EDGE_CURVE('',#674,#669,#473,.T.);
#808=EDGE_CURVE('',#675,#675,#565,.T.);
#809=EDGE_CURVE('',#675,#674,#566,.T.);
#810=EDGE_CURVE('',#671,#675,#474,.T.);
#811=EDGE_CURVE('',#676,#676,#567,.T.);
#812=EDGE_CURVE('',#676,#677,#475,.T.);
#813=EDGE_CURVE('',#677,#677,#568,.T.);
#814=EDGE_CURVE('',#678,#679,#569,.T.);
#815=EDGE_CURVE('',#679,#678,#570,.T.);
#816=EDGE_CURVE('',#679,#676,#476,.T.);
#817=EDGE_CURVE('',#678,#680,#477,.T.);
#818=EDGE_CURVE('',#680,#680,#571,.T.);
#819=EDGE_CURVE('',#681,#681,#572,.T.);
#820=EDGE_CURVE('',#681,#682,#573,.T.);
#821=EDGE_CURVE('',#682,#682,#574,.T.);
#822=EDGE_CURVE('',#683,#683,#575,.T.);
#823=EDGE_CURVE('',#683,#684,#478,.T.);
#824=EDGE_CURVE('',#684,#684,#576,.T.);
#825=EDGE_CURVE('',#685,#686,#577,.T.);
#826=EDGE_CURVE('',#686,#685,#578,.T.);
#827=EDGE_CURVE('',#686,#683,#479,.T.);
#828=EDGE_CURVE('',#685,#687,#480,.T.);
#829=EDGE_CURVE('',#687,#687,#579,.T.);
#830=EDGE_CURVE('',#682,#688,#481,.T.);
#831=EDGE_CURVE('',#688,#688,#580,.T.);
#832=EDGE_CURVE('',#689,#689,#581,.T.);
#833=EDGE_CURVE('',#689,#681,#482,.T.);
#834=EDGE_CURVE('',#690,#691,#582,.T.);
#835=EDGE_CURVE('',#692,#693,#583,.T.);
#836=EDGE_CURVE('',#694,#695,#584,.T.);
#837=EDGE_CURVE('',#696,#697,#585,.T.);
#838=EDGE_CURVE('',#698,#699,#586,.T.);
#839=EDGE_CURVE('',#700,#701,#587,.T.);
#840=EDGE_CURVE('',#702,#703,#588,.T.);
#841=EDGE_CURVE('',#704,#705,#589,.T.);
#842=EDGE_CURVE('',#706,#707,#590,.T.);
#843=EDGE_CURVE('',#708,#709,#591,.T.);
#844=EDGE_CURVE('',#710,#711,#592,.T.);
#845=EDGE_CURVE('',#712,#713,#593,.T.);
#846=EDGE_CURVE('',#714,#714,#594,.T.);
#847=EDGE_CURVE('',#714,#715,#483,.T.);
#848=EDGE_CURVE('',#715,#715,#595,.T.);
#849=EDGE_CURVE('',#716,#716,#596,.T.);
#850=EDGE_CURVE('',#716,#717,#484,.T.);
#851=EDGE_CURVE('',#717,#717,#597,.T.);
#852=EDGE_CURVE('',#718,#718,#598,.T.);
#853=EDGE_CURVE('',#718,#719,#485,.T.);
#854=EDGE_CURVE('',#719,#719,#599,.T.);
#855=EDGE_CURVE('',#720,#720,#600,.T.);
#856=EDGE_CURVE('',#720,#721,#486,.T.);
#857=EDGE_CURVE('',#721,#721,#601,.T.);
#858=EDGE_CURVE('',#722,#722,#602,.T.);
#859=EDGE_CURVE('',#722,#723,#487,.T.);
#860=EDGE_CURVE('',#723,#723,#603,.T.);
#861=EDGE_CURVE('',#724,#724,#604,.T.);
#862=EDGE_CURVE('',#724,#725,#488,.T.);
#863=EDGE_CURVE('',#725,#725,#605,.T.);
#864=EDGE_CURVE('',#726,#726,#606,.T.);
#865=EDGE_CURVE('',#726,#727,#489,.T.);
#866=EDGE_CURVE('',#727,#727,#607,.T.);
#867=EDGE_CURVE('',#728,#728,#608,.T.);
#868=EDGE_CURVE('',#728,#729,#490,.T.);
#869=EDGE_CURVE('',#729,#729,#609,.T.);
#870=EDGE_CURVE('',#730,#730,#610,.T.);
#871=EDGE_CURVE('',#730,#731,#491,.T.);
#872=EDGE_CURVE('',#731,#731,#611,.T.);
#873=EDGE_CURVE('',#732,#732,#612,.T.);
#874=EDGE_CURVE('',#732,#733,#492,.T.);
#875=EDGE_CURVE('',#733,#733,#613,.T.);
#876=EDGE_CURVE('',#734,#734,#614,.T.);
#877=EDGE_CURVE('',#734,#735,#493,.T.);
#878=EDGE_CURVE('',#735,#735,#615,.T.);
#879=EDGE_CURVE('',#736,#737,#616,.T.);
#880=EDGE_CURVE('',#737,#738,#494,.T.);
#881=EDGE_CURVE('',#738,#738,#617,.T.);
#882=EDGE_CURVE('',#737,#736,#618,.T.);
#883=EDGE_CURVE('',#739,#739,#619,.T.);
#884=EDGE_CURVE('',#739,#734,#495,.T.);
#885=EDGE_CURVE('',#740,#740,#620,.T.);
#886=EDGE_CURVE('',#740,#739,#621,.T.);
#887=EDGE_CURVE('',#736,#740,#496,.T.);
#888=EDGE_CURVE('',#741,#741,#622,.T.);
#889=EDGE_CURVE('',#741,#742,#497,.T.);
#890=EDGE_CURVE('',#742,#742,#623,.T.);
#891=EDGE_CURVE('',#743,#744,#624,.T.);
#892=EDGE_CURVE('',#744,#741,#498,.T.);
#893=EDGE_CURVE('',#744,#743,#625,.T.);
#894=EDGE_CURVE('',#743,#745,#499,.T.);
#895=EDGE_CURVE('',#745,#745,#626,.T.);
#896=EDGE_CURVE('',#746,#746,#627,.T.);
#897=EDGE_CURVE('',#746,#747,#628,.T.);
#898=EDGE_CURVE('',#747,#747,#629,.T.);
#899=EDGE_CURVE('',#748,#748,#630,.T.);
#900=EDGE_CURVE('',#748,#749,#500,.T.);
#901=EDGE_CURVE('',#749,#749,#631,.T.);
#902=EDGE_CURVE('',#750,#751,#632,.T.);
#903=EDGE_CURVE('',#751,#748,#501,.T.);
#904=EDGE_CURVE('',#751,#750,#633,.T.);
#905=EDGE_CURVE('',#750,#752,#502,.T.);
#906=EDGE_CURVE('',#752,#752,#634,.T.);
#907=EDGE_CURVE('',#747,#753,#503,.T.);
#908=EDGE_CURVE('',#753,#753,#635,.T.);
#909=EDGE_CURVE('',#754,#754,#636,.T.);
#910=EDGE_CURVE('',#754,#746,#504,.T.);
#911=EDGE_CURVE('',#755,#756,#637,.T.);
#912=EDGE_CURVE('',#757,#758,#638,.T.);
#913=EDGE_CURVE('',#759,#760,#639,.T.);
#914=EDGE_CURVE('',#761,#762,#640,.T.);
#915=EDGE_CURVE('',#763,#764,#641,.T.);
#916=EDGE_CURVE('',#765,#766,#642,.T.);
#917=EDGE_CURVE('',#767,#768,#643,.T.);
#918=EDGE_CURVE('',#769,#770,#644,.T.);
#919=EDGE_CURVE('',#771,#772,#645,.T.);
#920=EDGE_CURVE('',#773,#774,#646,.T.);
#921=EDGE_CURVE('',#775,#776,#647,.T.);
#922=EDGE_CURVE('',#777,#778,#648,.T.);
#923=EDGE_CURVE('',#779,#779,#649,.T.);
#924=EDGE_CURVE('',#779,#780,#505,.T.);
#925=EDGE_CURVE('',#780,#780,#650,.T.);
#926=EDGE_CURVE('',#781,#781,#651,.T.);
#927=EDGE_CURVE('',#781,#782,#506,.T.);
#928=EDGE_CURVE('',#782,#782,#652,.T.);
#929=EDGE_CURVE('',#783,#783,#653,.T.);
#930=EDGE_CURVE('',#783,#784,#507,.T.);
#931=EDGE_CURVE('',#784,#784,#654,.T.);
#932=EDGE_CURVE('',#785,#785,#655,.T.);
#933=EDGE_CURVE('',#785,#786,#508,.T.);
#934=EDGE_CURVE('',#786,#786,#656,.T.);
#935=EDGE_CURVE('',#787,#787,#657,.T.);
#936=EDGE_CURVE('',#787,#788,#509,.T.);
#937=EDGE_CURVE('',#788,#788,#658,.T.);
#938=EDGE_CURVE('',#789,#789,#659,.T.);
#939=EDGE_CURVE('',#789,#790,#510,.T.);
#940=EDGE_CURVE('',#790,#790,#660,.T.);
#941=EDGE_CURVE('',#791,#791,#661,.T.);
#942=EDGE_CURVE('',#791,#792,#511,.T.);
#943=EDGE_CURVE('',#792,#792,#662,.T.);
#944=EDGE_CURVE('',#793,#793,#663,.T.);
#945=EDGE_CURVE('',#793,#794,#512,.T.);
#946=EDGE_CURVE('',#794,#794,#664,.T.);
#947=EDGE_CURVE('',#795,#795,#665,.T.);
#948=EDGE_CURVE('',#795,#796,#513,.T.);
#949=EDGE_CURVE('',#796,#796,#666,.T.);
#950=EDGE_CURVE('',#797,#797,#667,.T.);
#951=EDGE_CURVE('',#797,#798,#514,.T.);
#952=EDGE_CURVE('',#798,#798,#668,.T.);
#953=ORIENTED_EDGE('',*,*,#799,.F.);
#954=ORIENTED_EDGE('',*,*,#800,.T.);
#955=ORIENTED_EDGE('',*,*,#801,.F.);
#956=ORIENTED_EDGE('',*,*,#800,.F.);
#957=ORIENTED_EDGE('',*,*,#802,.F.);
#958=ORIENTED_EDGE('',*,*,#803,.F.);
#959=ORIENTED_EDGE('',*,*,#804,.T.);
#960=ORIENTED_EDGE('',*,*,#805,.F.);
#961=ORIENTED_EDGE('',*,*,#804,.F.);
#962=ORIENTED_EDGE('',*,*,#806,.F.);
#963=ORIENTED_EDGE('',*,*,#807,.T.);
#964=ORIENTED_EDGE('',*,*,#799,.T.);
#965=ORIENTED_EDGE('',*,*,#807,.F.);
#966=ORIENTED_EDGE('',*,*,#808,.F.);
#967=ORIENTED_EDGE('',*,*,#809,.T.);
#968=ORIENTED_EDGE('',*,*,#806,.T.);
#969=ORIENTED_EDGE('',*,*,#809,.F.);
#970=ORIENTED_EDGE('',*,*,#802,.T.);
#971=ORIENTED_EDGE('',*,*,#803,.T.);
#972=ORIENTED_EDGE('',*,*,#810,.T.);
#973=ORIENTED_EDGE('',*,*,#808,.T.);
#974=ORIENTED_EDGE('',*,*,#810,.F.);
#975=ORIENTED_EDGE('',*,*,#811,.F.);
#976=ORIENTED_EDGE('',*,*,#812,.T.);
#977=ORIENTED_EDGE('',*,*,#813,.T.);
#978=ORIENTED_EDGE('',*,*,#812,.F.);
#979=ORIENTED_EDGE('',*,*,#814,.F.);
#980=ORIENTED_EDGE('',*,*,#815,.F.);
#981=ORIENTED_EDGE('',*,*,#816,.T.);
#982=ORIENTED_EDGE('',*,*,#811,.T.);
#983=ORIENTED_EDGE('',*,*,#816,.F.);
#984=ORIENTED_EDGE('',*,*,#814,.T.);
#985=ORIENTED_EDGE('',*,*,#815,.T.);
#986=ORIENTED_EDGE('',*,*,#817,.T.);
#987=ORIENTED_EDGE('',*,*,#818,.F.);
#988=ORIENTED_EDGE('',*,*,#817,.F.);
#989=ORIENTED_EDGE('',*,*,#813,.F.);
#990=ORIENTED_EDGE('',*,*,#805,.T.);
#991=ORIENTED_EDGE('',*,*,#818,.T.);
#992=ORIENTED_EDGE('',*,*,#801,.T.);
#993=ORIENTED_EDGE('',*,*,#819,.F.);
#994=ORIENTED_EDGE('',*,*,#820,.T.);
#995=ORIENTED_EDGE('',*,*,#821,.T.);
#996=ORIENTED_EDGE('',*,*,#820,.F.);
#997=ORIENTED_EDGE('',*,*,#822,.F.);
#998=ORIENTED_EDGE('',*,*,#823,.T.);
#999=ORIENTED_EDGE('',*,*,#824,.T.);
#1000=ORIENTED_EDGE('',*,*,#823,.F.);
#1001=ORIENTED_EDGE('',*,*,#825,.F.);
#1002=ORIENTED_EDGE('',*,*,#826,.F.);
#1003=ORIENTED_EDGE('',*,*,#827,.T.);
#1004=ORIENTED_EDGE('',*,*,#822,.T.);
#1005=ORIENTED_EDGE('',*,*,#827,.F.);
#1006=ORIENTED_EDGE('',*,*,#825,.T.);
#1007=ORIENTED_EDGE('',*,*,#826,.T.);
#1008=ORIENTED_EDGE('',*,*,#828,.T.);
#1009=ORIENTED_EDGE('',*,*,#829,.F.);
#1010=ORIENTED_EDGE('',*,*,#828,.F.);
#1011=ORIENTED_EDGE('',*,*,#821,.F.);
#1012=ORIENTED_EDGE('',*,*,#830,.T.);
#1013=ORIENTED_EDGE('',*,*,#831,.T.);
#1014=ORIENTED_EDGE('',*,*,#830,.F.);
#1015=ORIENTED_EDGE('',*,*,#832,.F.);
#1016=ORIENTED_EDGE('',*,*,#833,.T.);
#1017=ORIENTED_EDGE('',*,*,#819,.T.);
#1018=ORIENTED_EDGE('',*,*,#833,.F.);
#1019=ORIENTED_EDGE('',*,*,#832,.T.);
#1020=ORIENTED_EDGE('',*,*,#824,.F.);
#1021=ORIENTED_EDGE('',*,*,#831,.F.);
#1022=ORIENTED_EDGE('',*,*,#829,.T.);
#1023=ORIENTED_EDGE('',*,*,#834,.T.);
#1024=ORIENTED_EDGE('',*,*,#834,.F.);
#1025=ORIENTED_EDGE('',*,*,#835,.T.);
#1026=ORIENTED_EDGE('',*,*,#835,.F.);
#1027=ORIENTED_EDGE('',*,*,#836,.T.);
#1028=ORIENTED_EDGE('',*,*,#836,.F.);
#1029=ORIENTED_EDGE('',*,*,#837,.T.);
#1030=ORIENTED_EDGE('',*,*,#837,.F.);
#1031=ORIENTED_EDGE('',*,*,#838,.T.);
#1032=ORIENTED_EDGE('',*,*,#838,.F.);
#1033=ORIENTED_EDGE('',*,*,#839,.T.);
#1034=ORIENTED_EDGE('',*,*,#839,.F.);
#1035=ORIENTED_EDGE('',*,*,#840,.T.);
#1036=ORIENTED_EDGE('',*,*,#840,.F.);
#1037=ORIENTED_EDGE('',*,*,#841,.T.);
#1038=ORIENTED_EDGE('',*,*,#841,.F.);
#1039=ORIENTED_EDGE('',*,*,#842,.T.);
#1040=ORIENTED_EDGE('',*,*,#842,.F.);
#1041=ORIENTED_EDGE('',*,*,#843,.T.);
#1042=ORIENTED_EDGE('',*,*,#843,.F.);
#1043=ORIENTED_EDGE('',*,*,#844,.T.);
#1044=ORIENTED_EDGE('',*,*,#844,.F.);
#1045=ORIENTED_EDGE('',*,*,#845,.T.);
#1046=ORIENTED_EDGE('',*,*,#845,.F.);
#1047=ORIENTED_EDGE('',*,*,#846,.F.);
#1048=ORIENTED_EDGE('',*,*,#847,.T.);
#1049=ORIENTED_EDGE('',*,*,#848,.T.);
#1050=ORIENTED_EDGE('',*,*,#847,.F.);
#1051=ORIENTED_EDGE('',*,*,#849,.T.);
#1052=ORIENTED_EDGE('',*,*,#850,.T.);
#1053=ORIENTED_EDGE('',*,*,#851,.T.);
#1054=ORIENTED_EDGE('',*,*,#850,.F.);
#1055=ORIENTED_EDGE('',*,*,#852,.F.);
#1056=ORIENTED_EDGE('',*,*,#853,.T.);
#1057=ORIENTED_EDGE('',*,*,#854,.T.);
#1058=ORIENTED_EDGE('',*,*,#853,.F.);
#1059=ORIENTED_EDGE('',*,*,#855,.F.);
#1060=ORIENTED_EDGE('',*,*,#856,.T.);
#1061=ORIENTED_EDGE('',*,*,#857,.T.);
#1062=ORIENTED_EDGE('',*,*,#856,.F.);
#1063=ORIENTED_EDGE('',*,*,#858,.F.);
#1064=ORIENTED_EDGE('',*,*,#859,.T.);
#1065=ORIENTED_EDGE('',*,*,#860,.T.);
#1066=ORIENTED_EDGE('',*,*,#859,.F.);
#1067=ORIENTED_EDGE('',*,*,#851,.F.);
#1068=ORIENTED_EDGE('',*,*,#846,.T.);
#1069=ORIENTED_EDGE('',*,*,#857,.F.);
#1070=ORIENTED_EDGE('',*,*,#849,.F.);
#1071=ORIENTED_EDGE('',*,*,#855,.T.);
#1072=ORIENTED_EDGE('',*,*,#854,.F.);
#1073=ORIENTED_EDGE('',*,*,#860,.F.);
#1074=ORIENTED_EDGE('',*,*,#852,.T.);
#1075=ORIENTED_EDGE('',*,*,#848,.F.);
#1076=ORIENTED_EDGE('',*,*,#858,.T.);
#1077=ORIENTED_EDGE('',*,*,#861,.F.);
#1078=ORIENTED_EDGE('',*,*,#862,.T.);
#1079=ORIENTED_EDGE('',*,*,#863,.T.);
#1080=ORIENTED_EDGE('',*,*,#862,.F.);
#1081=ORIENTED_EDGE('',*,*,#864,.F.);
#1082=ORIENTED_EDGE('',*,*,#865,.T.);
#1083=ORIENTED_EDGE('',*,*,#866,.T.);
#1084=ORIENTED_EDGE('',*,*,#865,.F.);
#1085=ORIENTED_EDGE('',*,*,#867,.F.);
#1086=ORIENTED_EDGE('',*,*,#868,.T.);
#1087=ORIENTED_EDGE('',*,*,#869,.T.);
#1088=ORIENTED_EDGE('',*,*,#868,.F.);
#1089=ORIENTED_EDGE('',*,*,#870,.F.);
#1090=ORIENTED_EDGE('',*,*,#871,.T.);
#1091=ORIENTED_EDGE('',*,*,#872,.T.);
#1092=ORIENTED_EDGE('',*,*,#871,.F.);
#1093=ORIENTED_EDGE('',*,*,#873,.F.);
#1094=ORIENTED_EDGE('',*,*,#874,.T.);
#1095=ORIENTED_EDGE('',*,*,#875,.T.);
#1096=ORIENTED_EDGE('',*,*,#874,.F.);
#1097=ORIENTED_EDGE('',*,*,#870,.T.);
#1098=ORIENTED_EDGE('',*,*,#866,.F.);
#1099=ORIENTED_EDGE('',*,*,#872,.F.);
#1100=ORIENTED_EDGE('',*,*,#867,.T.);
#1101=ORIENTED_EDGE('',*,*,#873,.T.);
#1102=ORIENTED_EDGE('',*,*,#869,.F.);
#1103=ORIENTED_EDGE('',*,*,#864,.T.);
#1104=ORIENTED_EDGE('',*,*,#863,.F.);
#1105=ORIENTED_EDGE('',*,*,#861,.T.);
#1106=ORIENTED_EDGE('',*,*,#875,.F.);
#1107=ORIENTED_EDGE('',*,*,#876,.T.);
#1108=ORIENTED_EDGE('',*,*,#877,.T.);
#1109=ORIENTED_EDGE('',*,*,#878,.T.);
#1110=ORIENTED_EDGE('',*,*,#877,.F.);
#1111=ORIENTED_EDGE('',*,*,#879,.T.);
#1112=ORIENTED_EDGE('',*,*,#880,.T.);
#1113=ORIENTED_EDGE('',*,*,#881,.T.);
#1114=ORIENTED_EDGE('',*,*,#880,.F.);
#1115=ORIENTED_EDGE('',*,*,#882,.T.);
#1116=ORIENTED_EDGE('',*,*,#883,.T.);
#1117=ORIENTED_EDGE('',*,*,#884,.T.);
#1118=ORIENTED_EDGE('',*,*,#876,.F.);
#1119=ORIENTED_EDGE('',*,*,#884,.F.);
#1120=ORIENTED_EDGE('',*,*,#885,.T.);
#1121=ORIENTED_EDGE('',*,*,#886,.T.);
#1122=ORIENTED_EDGE('',*,*,#883,.F.);
#1123=ORIENTED_EDGE('',*,*,#886,.F.);
#1124=ORIENTED_EDGE('',*,*,#879,.F.);
#1125=ORIENTED_EDGE('',*,*,#887,.T.);
#1126=ORIENTED_EDGE('',*,*,#885,.F.);
#1127=ORIENTED_EDGE('',*,*,#887,.F.);
#1128=ORIENTED_EDGE('',*,*,#882,.F.);
#1129=ORIENTED_EDGE('',*,*,#888,.T.);
#1130=ORIENTED_EDGE('',*,*,#889,.T.);
#1131=ORIENTED_EDGE('',*,*,#890,.F.);
#1132=ORIENTED_EDGE('',*,*,#889,.F.);
#1133=ORIENTED_EDGE('',*,*,#891,.T.);
#1134=ORIENTED_EDGE('',*,*,#892,.T.);
#1135=ORIENTED_EDGE('',*,*,#888,.F.);
#1136=ORIENTED_EDGE('',*,*,#892,.F.);
#1137=ORIENTED_EDGE('',*,*,#893,.T.);
#1138=ORIENTED_EDGE('',*,*,#891,.F.);
#1139=ORIENTED_EDGE('',*,*,#894,.T.);
#1140=ORIENTED_EDGE('',*,*,#895,.T.);
#1141=ORIENTED_EDGE('',*,*,#894,.F.);
#1142=ORIENTED_EDGE('',*,*,#893,.F.);
#1143=ORIENTED_EDGE('',*,*,#890,.T.);
#1144=ORIENTED_EDGE('',*,*,#881,.F.);
#1145=ORIENTED_EDGE('',*,*,#895,.F.);
#1146=ORIENTED_EDGE('',*,*,#878,.F.);
#1147=ORIENTED_EDGE('',*,*,#896,.T.);
#1148=ORIENTED_EDGE('',*,*,#897,.T.);
#1149=ORIENTED_EDGE('',*,*,#898,.F.);
#1150=ORIENTED_EDGE('',*,*,#897,.F.);
#1151=ORIENTED_EDGE('',*,*,#899,.T.);
#1152=ORIENTED_EDGE('',*,*,#900,.T.);
#1153=ORIENTED_EDGE('',*,*,#901,.F.);
#1154=ORIENTED_EDGE('',*,*,#900,.F.);
#1155=ORIENTED_EDGE('',*,*,#902,.T.);
#1156=ORIENTED_EDGE('',*,*,#903,.T.);
#1157=ORIENTED_EDGE('',*,*,#899,.F.);
#1158=ORIENTED_EDGE('',*,*,#903,.F.);
#1159=ORIENTED_EDGE('',*,*,#904,.T.);
#1160=ORIENTED_EDGE('',*,*,#902,.F.);
#1161=ORIENTED_EDGE('',*,*,#905,.T.);
#1162=ORIENTED_EDGE('',*,*,#906,.T.);
#1163=ORIENTED_EDGE('',*,*,#905,.F.);
#1164=ORIENTED_EDGE('',*,*,#904,.F.);
#1165=ORIENTED_EDGE('',*,*,#898,.T.);
#1166=ORIENTED_EDGE('',*,*,#907,.T.);
#1167=ORIENTED_EDGE('',*,*,#908,.F.);
#1168=ORIENTED_EDGE('',*,*,#907,.F.);
#1169=ORIENTED_EDGE('',*,*,#909,.T.);
#1170=ORIENTED_EDGE('',*,*,#910,.T.);
#1171=ORIENTED_EDGE('',*,*,#896,.F.);
#1172=ORIENTED_EDGE('',*,*,#910,.F.);
#1173=ORIENTED_EDGE('',*,*,#909,.F.);
#1174=ORIENTED_EDGE('',*,*,#901,.T.);
#1175=ORIENTED_EDGE('',*,*,#908,.T.);
#1176=ORIENTED_EDGE('',*,*,#906,.F.);
#1177=ORIENTED_EDGE('',*,*,#911,.T.);
#1178=ORIENTED_EDGE('',*,*,#911,.F.);
#1179=ORIENTED_EDGE('',*,*,#912,.T.);
#1180=ORIENTED_EDGE('',*,*,#912,.F.);
#1181=ORIENTED_EDGE('',*,*,#913,.T.);
#1182=ORIENTED_EDGE('',*,*,#913,.F.);
#1183=ORIENTED_EDGE('',*,*,#914,.T.);
#1184=ORIENTED_EDGE('',*,*,#914,.F.);
#1185=ORIENTED_EDGE('',*,*,#915,.T.);
#1186=ORIENTED_EDGE('',*,*,#915,.F.);
#1187=ORIENTED_EDGE('',*,*,#916,.T.);
#1188=ORIENTED_EDGE('',*,*,#916,.F.);
#1189=ORIENTED_EDGE('',*,*,#917,.T.);
#1190=ORIENTED_EDGE('',*,*,#917,.F.);
#1191=ORIENTED_EDGE('',*,*,#918,.T.);
#1192=ORIENTED_EDGE('',*,*,#918,.F.);
#1193=ORIENTED_EDGE('',*,*,#919,.T.);
#1194=ORIENTED_EDGE('',*,*,#919,.F.);
#1195=ORIENTED_EDGE('',*,*,#920,.T.);
#1196=ORIENTED_EDGE('',*,*,#920,.F.);
#1197=ORIENTED_EDGE('',*,*,#921,.T.);
#1198=ORIENTED_EDGE('',*,*,#921,.F.);
#1199=ORIENTED_EDGE('',*,*,#922,.T.);
#1200=ORIENTED_EDGE('',*,*,#922,.F.);
#1201=ORIENTED_EDGE('',*,*,#923,.T.);
#1202=ORIENTED_EDGE('',*,*,#924,.T.);
#1203=ORIENTED_EDGE('',*,*,#925,.F.);
#1204=ORIENTED_EDGE('',*,*,#924,.F.);
#1205=ORIENTED_EDGE('',*,*,#926,.F.);
#1206=ORIENTED_EDGE('',*,*,#927,.T.);
#1207=ORIENTED_EDGE('',*,*,#928,.F.);
#1208=ORIENTED_EDGE('',*,*,#927,.F.);
#1209=ORIENTED_EDGE('',*,*,#929,.T.);
#1210=ORIENTED_EDGE('',*,*,#930,.T.);
#1211=ORIENTED_EDGE('',*,*,#931,.F.);
#1212=ORIENTED_EDGE('',*,*,#930,.F.);
#1213=ORIENTED_EDGE('',*,*,#932,.T.);
#1214=ORIENTED_EDGE('',*,*,#933,.T.);
#1215=ORIENTED_EDGE('',*,*,#934,.F.);
#1216=ORIENTED_EDGE('',*,*,#933,.F.);
#1217=ORIENTED_EDGE('',*,*,#935,.T.);
#1218=ORIENTED_EDGE('',*,*,#936,.T.);
#1219=ORIENTED_EDGE('',*,*,#937,.F.);
#1220=ORIENTED_EDGE('',*,*,#936,.F.);
#1221=ORIENTED_EDGE('',*,*,#928,.T.);
#1222=ORIENTED_EDGE('',*,*,#923,.F.);
#1223=ORIENTED_EDGE('',*,*,#934,.T.);
#1224=ORIENTED_EDGE('',*,*,#926,.T.);
#1225=ORIENTED_EDGE('',*,*,#932,.F.);
#1226=ORIENTED_EDGE('',*,*,#931,.T.);
#1227=ORIENTED_EDGE('',*,*,#937,.T.);
#1228=ORIENTED_EDGE('',*,*,#929,.F.);
#1229=ORIENTED_EDGE('',*,*,#925,.T.);
#1230=ORIENTED_EDGE('',*,*,#935,.F.);
#1231=ORIENTED_EDGE('',*,*,#938,.T.);
#1232=ORIENTED_EDGE('',*,*,#939,.T.);
#1233=ORIENTED_EDGE('',*,*,#940,.F.);
#1234=ORIENTED_EDGE('',*,*,#939,.F.);
#1235=ORIENTED_EDGE('',*,*,#941,.T.);
#1236=ORIENTED_EDGE('',*,*,#942,.T.);
#1237=ORIENTED_EDGE('',*,*,#943,.F.);
#1238=ORIENTED_EDGE('',*,*,#942,.F.);
#1239=ORIENTED_EDGE('',*,*,#944,.T.);
#1240=ORIENTED_EDGE('',*,*,#945,.T.);
#1241=ORIENTED_EDGE('',*,*,#946,.F.);
#1242=ORIENTED_EDGE('',*,*,#945,.F.);
#1243=ORIENTED_EDGE('',*,*,#947,.T.);
#1244=ORIENTED_EDGE('',*,*,#948,.T.);
#1245=ORIENTED_EDGE('',*,*,#949,.F.);
#1246=ORIENTED_EDGE('',*,*,#948,.F.);
#1247=ORIENTED_EDGE('',*,*,#950,.T.);
#1248=ORIENTED_EDGE('',*,*,#951,.T.);
#1249=ORIENTED_EDGE('',*,*,#952,.F.);
#1250=ORIENTED_EDGE('',*,*,#951,.F.);
#1251=ORIENTED_EDGE('',*,*,#947,.F.);
#1252=ORIENTED_EDGE('',*,*,#943,.T.);
#1253=ORIENTED_EDGE('',*,*,#949,.T.);
#1254=ORIENTED_EDGE('',*,*,#944,.F.);
#1255=ORIENTED_EDGE('',*,*,#950,.F.);
#1256=ORIENTED_EDGE('',*,*,#946,.T.);
#1257=ORIENTED_EDGE('',*,*,#941,.F.);
#1258=ORIENTED_EDGE('',*,*,#940,.T.);
#1259=ORIENTED_EDGE('',*,*,#938,.F.);
#1260=ORIENTED_EDGE('',*,*,#952,.T.);
#1261=CONICAL_SURFACE('',#1430,9.13,0.78539816339744);
#1262=CONICAL_SURFACE('',#1433,9.305,0.785398163397448);
#1263=CONICAL_SURFACE('',#1443,10.65,0.785398163397448);
#1264=CONICAL_SURFACE('',#1449,11.,0.785398163397448);
#1265=CONICAL_SURFACE('',#1457,4.35,0.785398163397449);
#1266=CONICAL_SURFACE('',#1463,4.,0.785398163397448);
#1267=CONICAL_SURFACE('',#1536,9.13,0.78539816339744);
#1268=CONICAL_SURFACE('',#1539,9.305,0.785398163397448);
#1269=CONICAL_SURFACE('',#1549,10.65,0.785398163397448);
#1270=CONICAL_SURFACE('',#1555,11.,0.785398163397448);
#1271=CONICAL_SURFACE('',#1563,4.35,0.785398163397449);
#1272=CONICAL_SURFACE('',#1569,4.,0.785398163397448);
#1273=ADVANCED_FACE('',(#243),#1261,.F.);
#1274=ADVANCED_FACE('',(#244),#1262,.F.);
#1275=ADVANCED_FACE('',(#245),#211,.F.);
#1276=ADVANCED_FACE('',(#246),#207,.F.);
#1277=ADVANCED_FACE('',(#247),#212,.F.);
#1278=ADVANCED_FACE('',(#248),#1263,.T.);
#1279=ADVANCED_FACE('',(#249),#213,.T.);
#1280=ADVANCED_FACE('',(#250),#1264,.T.);
#1281=ADVANCED_FACE('',(#251,#151),#179,.F.);
#1282=ADVANCED_FACE('',(#252,#152),#180,.F.);
#1283=ADVANCED_FACE('',(#253),#208,.F.);
#1284=ADVANCED_FACE('',(#254),#1265,.F.);
#1285=ADVANCED_FACE('',(#255),#214,.F.);
#1286=ADVANCED_FACE('',(#256),#1266,.F.);
#1287=ADVANCED_FACE('',(#257),#215,.T.);
#1288=ADVANCED_FACE('',(#258),#216,.T.);
#1289=ADVANCED_FACE('',(#259,#153),#181,.F.);
#1290=ADVANCED_FACE('',(#260,#154),#182,.F.);
#1291=ADVANCED_FACE('',(#261),#63,.T.);
#1292=ADVANCED_FACE('',(#262),#64,.T.);
#1293=ADVANCED_FACE('',(#263),#65,.T.);
#1294=ADVANCED_FACE('',(#264),#66,.T.);
#1295=ADVANCED_FACE('',(#265),#67,.T.);
#1296=ADVANCED_FACE('',(#266),#68,.T.);
#1297=ADVANCED_FACE('',(#267),#69,.T.);
#1298=ADVANCED_FACE('',(#268),#70,.T.);
#1299=ADVANCED_FACE('',(#269),#71,.T.);
#1300=ADVANCED_FACE('',(#270),#72,.T.);
#1301=ADVANCED_FACE('',(#271),#73,.T.);
#1302=ADVANCED_FACE('',(#272),#74,.T.);
#1303=ADVANCED_FACE('',(#273),#217,.T.);
#1304=ADVANCED_FACE('',(#274),#218,.F.);
#1305=ADVANCED_FACE('',(#275),#219,.F.);
#1306=ADVANCED_FACE('',(#276),#220,.T.);
#1307=ADVANCED_FACE('',(#277),#221,.F.);
#1308=ADVANCED_FACE('',(#278,#155),#183,.T.);
#1309=ADVANCED_FACE('',(#279,#156),#184,.F.);
#1310=ADVANCED_FACE('',(#280,#157),#185,.F.);
#1311=ADVANCED_FACE('',(#281,#158),#186,.F.);
#1312=ADVANCED_FACE('',(#282,#159),#187,.F.);
#1313=ADVANCED_FACE('',(#283),#222,.T.);
#1314=ADVANCED_FACE('',(#284),#223,.F.);
#1315=ADVANCED_FACE('',(#285),#224,.F.);
#1316=ADVANCED_FACE('',(#286),#225,.T.);
#1317=ADVANCED_FACE('',(#287),#226,.F.);
#1318=ADVANCED_FACE('',(#288,#160),#188,.F.);
#1319=ADVANCED_FACE('',(#289,#161),#189,.F.);
#1320=ADVANCED_FACE('',(#290,#162),#190,.F.);
#1321=ADVANCED_FACE('',(#291,#163),#191,.T.);
#1322=ADVANCED_FACE('',(#292,#164),#192,.F.);
#1323=ADVANCED_FACE('',(#293),#1267,.F.);
#1324=ADVANCED_FACE('',(#294),#1268,.F.);
#1325=ADVANCED_FACE('',(#295),#227,.F.);
#1326=ADVANCED_FACE('',(#296),#209,.F.);
#1327=ADVANCED_FACE('',(#297),#228,.F.);
#1328=ADVANCED_FACE('',(#298),#1269,.T.);
#1329=ADVANCED_FACE('',(#299),#229,.T.);
#1330=ADVANCED_FACE('',(#300),#1270,.T.);
#1331=ADVANCED_FACE('',(#301,#165),#193,.T.);
#1332=ADVANCED_FACE('',(#302,#166),#194,.T.);
#1333=ADVANCED_FACE('',(#303),#210,.F.);
#1334=ADVANCED_FACE('',(#304),#1271,.F.);
#1335=ADVANCED_FACE('',(#305),#230,.F.);
#1336=ADVANCED_FACE('',(#306),#1272,.F.);
#1337=ADVANCED_FACE('',(#307),#231,.T.);
#1338=ADVANCED_FACE('',(#308),#232,.T.);
#1339=ADVANCED_FACE('',(#309,#167),#195,.T.);
#1340=ADVANCED_FACE('',(#310,#168),#196,.T.);
#1341=ADVANCED_FACE('',(#311),#75,.T.);
#1342=ADVANCED_FACE('',(#312),#76,.T.);
#1343=ADVANCED_FACE('',(#313),#77,.T.);
#1344=ADVANCED_FACE('',(#314),#78,.T.);
#1345=ADVANCED_FACE('',(#315),#79,.T.);
#1346=ADVANCED_FACE('',(#316),#80,.T.);
#1347=ADVANCED_FACE('',(#317),#81,.T.);
#1348=ADVANCED_FACE('',(#318),#82,.T.);
#1349=ADVANCED_FACE('',(#319),#83,.T.);
#1350=ADVANCED_FACE('',(#320),#84,.T.);
#1351=ADVANCED_FACE('',(#321),#85,.T.);
#1352=ADVANCED_FACE('',(#322),#86,.T.);
#1353=ADVANCED_FACE('',(#323),#233,.T.);
#1354=ADVANCED_FACE('',(#324),#234,.F.);
#1355=ADVANCED_FACE('',(#325),#235,.F.);
#1356=ADVANCED_FACE('',(#326),#236,.T.);
#1357=ADVANCED_FACE('',(#327),#237,.F.);
#1358=ADVANCED_FACE('',(#328,#169),#197,.F.);
#1359=ADVANCED_FACE('',(#329,#170),#198,.T.);
#1360=ADVANCED_FACE('',(#330,#171),#199,.T.);
#1361=ADVANCED_FACE('',(#331,#172),#200,.T.);
#1362=ADVANCED_FACE('',(#332,#173),#201,.T.);
#1363=ADVANCED_FACE('',(#333),#238,.T.);
#1364=ADVANCED_FACE('',(#334),#239,.F.);
#1365=ADVANCED_FACE('',(#335),#240,.F.);
#1366=ADVANCED_FACE('',(#336),#241,.T.);
#1367=ADVANCED_FACE('',(#337),#242,.F.);
#1368=ADVANCED_FACE('',(#338,#174),#202,.T.);
#1369=ADVANCED_FACE('',(#339,#175),#203,.T.);
#1370=ADVANCED_FACE('',(#340,#176),#204,.T.);
#1371=ADVANCED_FACE('',(#341,#177),#205,.F.);
#1372=ADVANCED_FACE('',(#342,#178),#206,.T.);
#1373=CLOSED_SHELL('',(#1273,#1274,#1275,#1276,#1277,#1278,#1279,#1280,
#1281,#1282));
#1374=CLOSED_SHELL('',(#1283,#1284,#1285,#1286,#1287,#1288,#1289,#1290));
#1375=CLOSED_SHELL('',(#1291));
#1376=CLOSED_SHELL('',(#1292));
#1377=CLOSED_SHELL('',(#1293));
#1378=CLOSED_SHELL('',(#1294));
#1379=CLOSED_SHELL('',(#1295));
#1380=CLOSED_SHELL('',(#1296));
#1381=CLOSED_SHELL('',(#1297));
#1382=CLOSED_SHELL('',(#1298));
#1383=CLOSED_SHELL('',(#1299));
#1384=CLOSED_SHELL('',(#1300));
#1385=CLOSED_SHELL('',(#1301));
#1386=CLOSED_SHELL('',(#1302));
#1387=CLOSED_SHELL('',(#1303,#1304,#1305,#1306,#1307,#1308,#1309,#1310,
#1311,#1312));
#1388=CLOSED_SHELL('',(#1313,#1314,#1315,#1316,#1317,#1318,#1319,#1320,
#1321,#1322));
#1389=CLOSED_SHELL('',(#1323,#1324,#1325,#1326,#1327,#1328,#1329,#1330,
#1331,#1332));
#1390=CLOSED_SHELL('',(#1333,#1334,#1335,#1336,#1337,#1338,#1339,#1340));
#1391=CLOSED_SHELL('',(#1341));
#1392=CLOSED_SHELL('',(#1342));
#1393=CLOSED_SHELL('',(#1343));
#1394=CLOSED_SHELL('',(#1344));
#1395=CLOSED_SHELL('',(#1345));
#1396=CLOSED_SHELL('',(#1346));
#1397=CLOSED_SHELL('',(#1347));
#1398=CLOSED_SHELL('',(#1348));
#1399=CLOSED_SHELL('',(#1349));
#1400=CLOSED_SHELL('',(#1350));
#1401=CLOSED_SHELL('',(#1351));
#1402=CLOSED_SHELL('',(#1352));
#1403=CLOSED_SHELL('',(#1353,#1354,#1355,#1356,#1357,#1358,#1359,#1360,
#1361,#1362));
#1404=CLOSED_SHELL('',(#1363,#1364,#1365,#1366,#1367,#1368,#1369,#1370,
#1371,#1372));
#1405=DERIVED_UNIT_ELEMENT(#1409,1.);
#1406=DERIVED_UNIT_ELEMENT(#2555,-3.);
#1407=DERIVED_UNIT_ELEMENT(#1409,1.);
#1408=DERIVED_UNIT_ELEMENT(#2555,-3.);
#1409=(
MASS_UNIT()
NAMED_UNIT(*)
SI_UNIT(.KILO.,.GRAM.)
);
#1410=DERIVED_UNIT((#1405,#1406));
#1411=DERIVED_UNIT((#1407,#1408));
#1412=MEASURE_REPRESENTATION_ITEM('density measure',
POSITIVE_RATIO_MEASURE(7850.),#1410);
#1413=MEASURE_REPRESENTATION_ITEM('density measure',
POSITIVE_RATIO_MEASURE(7850.),#1411);
#1414=PROPERTY_DEFINITION_REPRESENTATION(#1424,#1418);
#1415=PROPERTY_DEFINITION_REPRESENTATION(#1425,#1419);
#1416=PROPERTY_DEFINITION_REPRESENTATION(#1426,#1420);
#1417=PROPERTY_DEFINITION_REPRESENTATION(#1427,#1421);
#1418=REPRESENTATION('material name',(#1422),#2551);
#1419=REPRESENTATION('density',(#1412),#2551);
#1420=REPRESENTATION('material name',(#1423),#2552);
#1421=REPRESENTATION('density',(#1413),#2552);
#1422=DESCRIPTIVE_REPRESENTATION_ITEM('A\X\E7o','A\X\E7o');
#1423=DESCRIPTIVE_REPRESENTATION_ITEM('A\X\E7o','A\X\E7o');
#1424=PROPERTY_DEFINITION('material property','material name',#2581);
#1425=PROPERTY_DEFINITION('material property','density of part',#2581);
#1426=PROPERTY_DEFINITION('material property','material name',#2582);
#1427=PROPERTY_DEFINITION('material property','density of part',#2582);
#1428=AXIS2_PLACEMENT_3D('',#2147,#1653,#1654);
#1429=AXIS2_PLACEMENT_3D('',#2148,#1655,#1656);
#1430=AXIS2_PLACEMENT_3D('',#2149,#1657,#1658);
#1431=AXIS2_PLACEMENT_3D('',#2151,#1659,#1660);
#1432=AXIS2_PLACEMENT_3D('',#2154,#1662,#1663);
#1433=AXIS2_PLACEMENT_3D('',#2155,#1664,#1665);
#1434=AXIS2_PLACEMENT_3D('',#2158,#1666,#1667);
#1435=AXIS2_PLACEMENT_3D('',#2159,#1668,#1669);
#1436=AXIS2_PLACEMENT_3D('',#2162,#1671,#1672);
#1437=AXIS2_PLACEMENT_3D('',#2163,#1673,#1674);
#1438=AXIS2_PLACEMENT_3D('',#2165,#1675,#1676);
#1439=AXIS2_PLACEMENT_3D('',#2167,#1678,#1679);
#1440=AXIS2_PLACEMENT_3D('',#2169,#1680,#1681);
#1441=AXIS2_PLACEMENT_3D('',#2170,#1682,#1683);
#1442=AXIS2_PLACEMENT_3D('',#2171,#1684,#1685);
#1443=AXIS2_PLACEMENT_3D('',#2173,#1687,#1688);
#1444=AXIS2_PLACEMENT_3D('',#2175,#1689,#1690);
#1445=AXIS2_PLACEMENT_3D('',#2178,#1692,#1693);
#1446=AXIS2_PLACEMENT_3D('',#2179,#1694,#1695);
#1447=AXIS2_PLACEMENT_3D('',#2182,#1696,#1697);
#1448=AXIS2_PLACEMENT_3D('',#2183,#1698,#1699);
#1449=AXIS2_PLACEMENT_3D('',#2185,#1701,#1702);
#1450=AXIS2_PLACEMENT_3D('',#2188,#1704,#1705);
#1451=AXIS2_PLACEMENT_3D('',#2189,#1706,#1707);
#1452=AXIS2_PLACEMENT_3D('',#2190,#1708,#1709);
#1453=AXIS2_PLACEMENT_3D('',#2191,#1710,#1711);
#1454=AXIS2_PLACEMENT_3D('',#2193,#1712,#1713);
#1455=AXIS2_PLACEMENT_3D('',#2195,#1714,#1715);
#1456=AXIS2_PLACEMENT_3D('',#2196,#1716,#1717);
#1457=AXIS2_PLACEMENT_3D('',#2197,#1718,#1719);
#1458=AXIS2_PLACEMENT_3D('',#2199,#1720,#1721);
#1459=AXIS2_PLACEMENT_3D('',#2202,#1723,#1724);
#1460=AXIS2_PLACEMENT_3D('',#2203,#1725,#1726);
#1461=AXIS2_PLACEMENT_3D('',#2206,#1727,#1728);
#1462=AXIS2_PLACEMENT_3D('',#2207,#1729,#1730);
#1463=AXIS2_PLACEMENT_3D('',#2209,#1732,#1733);
#1464=AXIS2_PLACEMENT_3D('',#2212,#1735,#1736);
#1465=AXIS2_PLACEMENT_3D('',#2213,#1737,#1738);
#1466=AXIS2_PLACEMENT_3D('',#2216,#1740,#1741);
#1467=AXIS2_PLACEMENT_3D('',#2217,#1742,#1743);
#1468=AXIS2_PLACEMENT_3D('',#2219,#1744,#1745);
#1469=AXIS2_PLACEMENT_3D('',#2221,#1747,#1748);
#1470=AXIS2_PLACEMENT_3D('',#2222,#1749,#1750);
#1471=AXIS2_PLACEMENT_3D('',#2223,#1751,#1752);
#1472=AXIS2_PLACEMENT_3D('',#2226,#1753,#1754);
#1473=AXIS2_PLACEMENT_3D('',#2227,#1755,#1756);
#1474=AXIS2_PLACEMENT_3D('',#2230,#1757,#1758);
#1475=AXIS2_PLACEMENT_3D('',#2231,#1759,#1760);
#1476=AXIS2_PLACEMENT_3D('',#2234,#1761,#1762);
#1477=AXIS2_PLACEMENT_3D('',#2235,#1763,#1764);
#1478=AXIS2_PLACEMENT_3D('',#2238,#1765,#1766);
#1479=AXIS2_PLACEMENT_3D('',#2239,#1767,#1768);
#1480=AXIS2_PLACEMENT_3D('',#2242,#1769,#1770);
#1481=AXIS2_PLACEMENT_3D('',#2243,#1771,#1772);
#1482=AXIS2_PLACEMENT_3D('',#2246,#1773,#1774);
#1483=AXIS2_PLACEMENT_3D('',#2247,#1775,#1776);
#1484=AXIS2_PLACEMENT_3D('',#2250,#1777,#1778);
#1485=AXIS2_PLACEMENT_3D('',#2251,#1779,#1780);
#1486=AXIS2_PLACEMENT_3D('',#2254,#1781,#1782);
#1487=AXIS2_PLACEMENT_3D('',#2255,#1783,#1784);
#1488=AXIS2_PLACEMENT_3D('',#2258,#1785,#1786);
#1489=AXIS2_PLACEMENT_3D('',#2259,#1787,#1788);
#1490=AXIS2_PLACEMENT_3D('',#2262,#1789,#1790);
#1491=AXIS2_PLACEMENT_3D('',#2263,#1791,#1792);
#1492=AXIS2_PLACEMENT_3D('',#2266,#1793,#1794);
#1493=AXIS2_PLACEMENT_3D('',#2267,#1795,#1796);
#1494=AXIS2_PLACEMENT_3D('',#2270,#1797,#1798);
#1495=AXIS2_PLACEMENT_3D('',#2271,#1799,#1800);
#1496=AXIS2_PLACEMENT_3D('',#2273,#1801,#1802);
#1497=AXIS2_PLACEMENT_3D('',#2276,#1804,#1805);
#1498=AXIS2_PLACEMENT_3D('',#2277,#1806,#1807);
#1499=AXIS2_PLACEMENT_3D('',#2279,#1808,#1809);
#1500=AXIS2_PLACEMENT_3D('',#2282,#1811,#1812);
#1501=AXIS2_PLACEMENT_3D('',#2283,#1813,#1814);
#1502=AXIS2_PLACEMENT_3D('',#2285,#1815,#1816);
#1503=AXIS2_PLACEMENT_3D('',#2288,#1818,#1819);
#1504=AXIS2_PLACEMENT_3D('',#2289,#1820,#1821);
#1505=AXIS2_PLACEMENT_3D('',#2291,#1822,#1823);
#1506=AXIS2_PLACEMENT_3D('',#2294,#1825,#1826);
#1507=AXIS2_PLACEMENT_3D('',#2295,#1827,#1828);
#1508=AXIS2_PLACEMENT_3D('',#2297,#1829,#1830);
#1509=AXIS2_PLACEMENT_3D('',#2300,#1832,#1833);
#1510=AXIS2_PLACEMENT_3D('',#2301,#1834,#1835);
#1511=AXIS2_PLACEMENT_3D('',#2302,#1836,#1837);
#1512=AXIS2_PLACEMENT_3D('',#2303,#1838,#1839);
#1513=AXIS2_PLACEMENT_3D('',#2304,#1840,#1841);
#1514=AXIS2_PLACEMENT_3D('',#2305,#1842,#1843);
#1515=AXIS2_PLACEMENT_3D('',#2306,#1844,#1845);
#1516=AXIS2_PLACEMENT_3D('',#2308,#1846,#1847);
#1517=AXIS2_PLACEMENT_3D('',#2311,#1849,#1850);
#1518=AXIS2_PLACEMENT_3D('',#2312,#1851,#1852);
#1519=AXIS2_PLACEMENT_3D('',#2314,#1853,#1854);
#1520=AXIS2_PLACEMENT_3D('',#2317,#1856,#1857);
#1521=AXIS2_PLACEMENT_3D('',#2318,#1858,#1859);
#1522=AXIS2_PLACEMENT_3D('',#2320,#1860,#1861);
#1523=AXIS2_PLACEMENT_3D('',#2323,#1863,#1864);
#1524=AXIS2_PLACEMENT_3D('',#2324,#1865,#1866);
#1525=AXIS2_PLACEMENT_3D('',#2326,#1867,#1868);
#1526=AXIS2_PLACEMENT_3D('',#2329,#1870,#1871);
#1527=AXIS2_PLACEMENT_3D('',#2330,#1872,#1873);
#1528=AXIS2_PLACEMENT_3D('',#2332,#1874,#1875);
#1529=AXIS2_PLACEMENT_3D('',#2335,#1877,#1878);
#1530=AXIS2_PLACEMENT_3D('',#2336,#1879,#1880);
#1531=AXIS2_PLACEMENT_3D('',#2337,#1881,#1882);
#1532=AXIS2_PLACEMENT_3D('',#2338,#1883,#1884);
#1533=AXIS2_PLACEMENT_3D('',#2339,#1885,#1886);
#1534=AXIS2_PLACEMENT_3D('',#2340,#1887,#1888);
#1535=AXIS2_PLACEMENT_3D('',#2341,#1889,#1890);
#1536=AXIS2_PLACEMENT_3D('',#2342,#1891,#1892);
#1537=AXIS2_PLACEMENT_3D('',#2344,#1893,#1894);
#1538=AXIS2_PLACEMENT_3D('',#2347,#1896,#1897);
#1539=AXIS2_PLACEMENT_3D('',#2348,#1898,#1899);
#1540=AXIS2_PLACEMENT_3D('',#2351,#1900,#1901);
#1541=AXIS2_PLACEMENT_3D('',#2354,#1903,#1904);
#1542=AXIS2_PLACEMENT_3D('',#2355,#1905,#1906);
#1543=AXIS2_PLACEMENT_3D('',#2356,#1907,#1908);
#1544=AXIS2_PLACEMENT_3D('',#2358,#1909,#1910);
#1545=AXIS2_PLACEMENT_3D('',#2360,#1912,#1913);
#1546=AXIS2_PLACEMENT_3D('',#2362,#1914,#1915);
#1547=AXIS2_PLACEMENT_3D('',#2363,#1916,#1917);
#1548=AXIS2_PLACEMENT_3D('',#2364,#1918,#1919);
#1549=AXIS2_PLACEMENT_3D('',#2366,#1921,#1922);
#1550=AXIS2_PLACEMENT_3D('',#2368,#1923,#1924);
#1551=AXIS2_PLACEMENT_3D('',#2371,#1926,#1927);
#1552=AXIS2_PLACEMENT_3D('',#2372,#1928,#1929);
#1553=AXIS2_PLACEMENT_3D('',#2375,#1930,#1931);
#1554=AXIS2_PLACEMENT_3D('',#2377,#1933,#1934);
#1555=AXIS2_PLACEMENT_3D('',#2378,#1935,#1936);
#1556=AXIS2_PLACEMENT_3D('',#2381,#1938,#1939);
#1557=AXIS2_PLACEMENT_3D('',#2382,#1940,#1941);
#1558=AXIS2_PLACEMENT_3D('',#2383,#1942,#1943);
#1559=AXIS2_PLACEMENT_3D('',#2384,#1944,#1945);
#1560=AXIS2_PLACEMENT_3D('',#2386,#1946,#1947);
#1561=AXIS2_PLACEMENT_3D('',#2388,#1948,#1949);
#1562=AXIS2_PLACEMENT_3D('',#2389,#1950,#1951);
#1563=AXIS2_PLACEMENT_3D('',#2390,#1952,#1953);
#1564=AXIS2_PLACEMENT_3D('',#2392,#1954,#1955);
#1565=AXIS2_PLACEMENT_3D('',#2395,#1957,#1958);
#1566=AXIS2_PLACEMENT_3D('',#2396,#1959,#1960);
#1567=AXIS2_PLACEMENT_3D('',#2399,#1961,#1962);
#1568=AXIS2_PLACEMENT_3D('',#2401,#1964,#1965);
#1569=AXIS2_PLACEMENT_3D('',#2402,#1966,#1967);
#1570=AXIS2_PLACEMENT_3D('',#2405,#1969,#1970);
#1571=AXIS2_PLACEMENT_3D('',#2406,#1971,#1972);
#1572=AXIS2_PLACEMENT_3D('',#2409,#1974,#1975);
#1573=AXIS2_PLACEMENT_3D('',#2410,#1976,#1977);
#1574=AXIS2_PLACEMENT_3D('',#2412,#1978,#1979);
#1575=AXIS2_PLACEMENT_3D('',#2414,#1981,#1982);
#1576=AXIS2_PLACEMENT_3D('',#2415,#1983,#1984);
#1577=AXIS2_PLACEMENT_3D('',#2416,#1985,#1986);
#1578=AXIS2_PLACEMENT_3D('',#2419,#1987,#1988);
#1579=AXIS2_PLACEMENT_3D('',#2420,#1989,#1990);
#1580=AXIS2_PLACEMENT_3D('',#2423,#1991,#1992);
#1581=AXIS2_PLACEMENT_3D('',#2424,#1993,#1994);
#1582=AXIS2_PLACEMENT_3D('',#2427,#1995,#1996);
#1583=AXIS2_PLACEMENT_3D('',#2428,#1997,#1998);
#1584=AXIS2_PLACEMENT_3D('',#2431,#1999,#2000);
#1585=AXIS2_PLACEMENT_3D('',#2432,#2001,#2002);
#1586=AXIS2_PLACEMENT_3D('',#2435,#2003,#2004);
#1587=AXIS2_PLACEMENT_3D('',#2436,#2005,#2006);
#1588=AXIS2_PLACEMENT_3D('',#2439,#2007,#2008);
#1589=AXIS2_PLACEMENT_3D('',#2440,#2009,#2010);
#1590=AXIS2_PLACEMENT_3D('',#2443,#2011,#2012);
#1591=AXIS2_PLACEMENT_3D('',#2444,#2013,#2014);
#1592=AXIS2_PLACEMENT_3D('',#2447,#2015,#2016);
#1593=AXIS2_PLACEMENT_3D('',#2448,#2017,#2018);
#1594=AXIS2_PLACEMENT_3D('',#2451,#2019,#2020);
#1595=AXIS2_PLACEMENT_3D('',#2452,#2021,#2022);
#1596=AXIS2_PLACEMENT_3D('',#2455,#2023,#2024);
#1597=AXIS2_PLACEMENT_3D('',#2456,#2025,#2026);
#1598=AXIS2_PLACEMENT_3D('',#2459,#2027,#2028);
#1599=AXIS2_PLACEMENT_3D('',#2460,#2029,#2030);
#1600=AXIS2_PLACEMENT_3D('',#2463,#2031,#2032);
#1601=AXIS2_PLACEMENT_3D('',#2464,#2033,#2034);
#1602=AXIS2_PLACEMENT_3D('',#2466,#2035,#2036);
#1603=AXIS2_PLACEMENT_3D('',#2469,#2038,#2039);
#1604=AXIS2_PLACEMENT_3D('',#2470,#2040,#2041);
#1605=AXIS2_PLACEMENT_3D('',#2472,#2042,#2043);
#1606=AXIS2_PLACEMENT_3D('',#2475,#2045,#2046);
#1607=AXIS2_PLACEMENT_3D('',#2476,#2047,#2048);
#1608=AXIS2_PLACEMENT_3D('',#2478,#2049,#2050);
#1609=AXIS2_PLACEMENT_3D('',#2481,#2052,#2053);
#1610=AXIS2_PLACEMENT_3D('',#2482,#2054,#2055);
#1611=AXIS2_PLACEMENT_3D('',#2484,#2056,#2057);
#1612=AXIS2_PLACEMENT_3D('',#2487,#2059,#2060);
#1613=AXIS2_PLACEMENT_3D('',#2488,#2061,#2062);
#1614=AXIS2_PLACEMENT_3D('',#2490,#2063,#2064);
#1615=AXIS2_PLACEMENT_3D('',#2493,#2066,#2067);
#1616=AXIS2_PLACEMENT_3D('',#2494,#2068,#2069);
#1617=AXIS2_PLACEMENT_3D('',#2495,#2070,#2071);
#1618=AXIS2_PLACEMENT_3D('',#2496,#2072,#2073);
#1619=AXIS2_PLACEMENT_3D('',#2497,#2074,#2075);
#1620=AXIS2_PLACEMENT_3D('',#2498,#2076,#2077);
#1621=AXIS2_PLACEMENT_3D('',#2499,#2078,#2079);
#1622=AXIS2_PLACEMENT_3D('',#2501,#2080,#2081);
#1623=AXIS2_PLACEMENT_3D('',#2504,#2083,#2084);
#1624=AXIS2_PLACEMENT_3D('',#2505,#2085,#2086);
#1625=AXIS2_PLACEMENT_3D('',#2507,#2087,#2088);
#1626=AXIS2_PLACEMENT_3D('',#2510,#2090,#2091);
#1627=AXIS2_PLACEMENT_3D('',#2511,#2092,#2093);
#1628=AXIS2_PLACEMENT_3D('',#2513,#2094,#2095);
#1629=AXIS2_PLACEMENT_3D('',#2516,#2097,#2098);
#1630=AXIS2_PLACEMENT_3D('',#2517,#2099,#2100);
#1631=AXIS2_PLACEMENT_3D('',#2519,#2101,#2102);
#1632=AXIS2_PLACEMENT_3D('',#2522,#2104,#2105);
#1633=AXIS2_PLACEMENT_3D('',#2523,#2106,#2107);
#1634=AXIS2_PLACEMENT_3D('',#2525,#2108,#2109);
#1635=AXIS2_PLACEMENT_3D('',#2528,#2111,#2112);
#1636=AXIS2_PLACEMENT_3D('',#2529,#2113,#2114);
#1637=AXIS2_PLACEMENT_3D('',#2530,#2115,#2116);
#1638=AXIS2_PLACEMENT_3D('',#2531,#2117,#2118);
#1639=AXIS2_PLACEMENT_3D('',#2532,#2119,#2120);
#1640=AXIS2_PLACEMENT_3D('',#2533,#2121,#2122);
#1641=AXIS2_PLACEMENT_3D('',#2534,#2123,#2124);
#1642=AXIS2_PLACEMENT_3D('',#2535,#2125,#2126);
#1643=AXIS2_PLACEMENT_3D('',#2536,#2127,#2128);
#1644=AXIS2_PLACEMENT_3D('',#2537,#2129,#2130);
#1645=AXIS2_PLACEMENT_3D('',#2538,#2131,#2132);
#1646=AXIS2_PLACEMENT_3D('',#2539,#2133,#2134);
#1647=AXIS2_PLACEMENT_3D('',#2540,#2135,#2136);
#1648=AXIS2_PLACEMENT_3D('',#2541,#2137,#2138);
#1649=AXIS2_PLACEMENT_3D('',#2542,#2139,#2140);
#1650=AXIS2_PLACEMENT_3D('',#2543,#2141,#2142);
#1651=AXIS2_PLACEMENT_3D('',#2544,#2143,#2144);
#1652=AXIS2_PLACEMENT_3D('',#2545,#2145,#2146);
#1653=DIRECTION('axis',(0.,0.,1.));
#1654=DIRECTION('refdir',(1.,0.,0.));
#1655=DIRECTION('axis',(0.,0.,1.));
#1656=DIRECTION('refdir',(1.,0.,0.));
#1657=DIRECTION('center_axis',(0.,-1.83697019872103E-16,1.));
#1658=DIRECTION('ref_axis',(0.,-1.,-1.83697019872103E-16));
#1659=DIRECTION('center_axis',(0.,-1.83697019872103E-16,1.));
#1660=DIRECTION('ref_axis',(0.,1.,1.83697019872103E-16));
#1661=DIRECTION('',(-8.65956056235486E-17,0.707106781186541,0.707106781186554));
#1662=DIRECTION('center_axis',(0.,1.83697019872103E-16,-1.));
#1663=DIRECTION('ref_axis',(0.,1.,1.83697019872103E-16));
#1664=DIRECTION('center_axis',(0.,1.83697019872103E-16,-1.));
#1665=DIRECTION('ref_axis',(0.,1.,1.83697019872103E-16));
#1666=DIRECTION('center_axis',(0.,1.83697019872103E-16,-1.));
#1667=DIRECTION('ref_axis',(0.,-1.,-1.83697019872103E-16));
#1668=DIRECTION('center_axis',(0.,1.83697019872103E-16,-1.));
#1669=DIRECTION('ref_axis',(0.,-1.,-1.83697019872103E-16));
#1670=DIRECTION('',(-8.65956056235493E-17,-0.707106781186547,-0.707106781186548));
#1671=DIRECTION('center_axis',(0.,-1.83697019872103E-16,1.));
#1672=DIRECTION('ref_axis',(0.,-1.,-1.83697019872103E-16));
#1673=DIRECTION('center_axis',(0.,-1.83697019872103E-16,1.));
#1674=DIRECTION('ref_axis',(0.,-1.,-1.83697019872103E-16));
#1675=DIRECTION('center_axis',(0.,-1.83697019872103E-16,1.));
#1676=DIRECTION('ref_axis',(0.,-1.,-1.83697019872103E-16));
#1677=DIRECTION('',(0.,-1.83697019872103E-16,1.));
#1678=DIRECTION('center_axis',(0.,-1.83697019872103E-16,1.));
#1679=DIRECTION('ref_axis',(0.,-1.,0.));
#1680=DIRECTION('center_axis',(0.,-1.83697019872103E-16,1.));
#1681=DIRECTION('ref_axis',(0.,-1.,-1.83697019872103E-16));
#1682=DIRECTION('center_axis',(1.,0.,0.));
#1683=DIRECTION('ref_axis',(0.,1.,0.));
#1684=DIRECTION('center_axis',(0.,-1.83697019872103E-16,1.));
#1685=DIRECTION('ref_axis',(0.,-1.,-1.83697019872103E-16));
#1686=DIRECTION('',(0.,-1.83697019872103E-16,1.));
#1687=DIRECTION('center_axis',(0.,-1.83697019872103E-16,1.));
#1688=DIRECTION('ref_axis',(0.,-1.,-1.83697019872103E-16));
#1689=DIRECTION('center_axis',(0.,-1.83697019872103E-16,1.));
#1690=DIRECTION('ref_axis',(0.,-1.,-1.83697019872103E-16));
#1691=DIRECTION('',(8.65956056235493E-17,-0.707106781186547,-0.707106781186548));
#1692=DIRECTION('center_axis',(0.,-1.83697019872103E-16,1.));
#1693=DIRECTION('ref_axis',(0.,-1.,-1.83697019872103E-16));
#1694=DIRECTION('center_axis',(0.,-1.83697019872103E-16,1.));
#1695=DIRECTION('ref_axis',(0.,-1.,-1.83697019872103E-16));
#1696=DIRECTION('center_axis',(0.,-1.83697019872103E-16,1.));
#1697=DIRECTION('ref_axis',(0.,-1.,-1.83697019872103E-16));
#1698=DIRECTION('center_axis',(0.,-1.83697019872103E-16,1.));
#1699=DIRECTION('ref_axis',(0.,-1.,-1.83697019872103E-16));
#1700=DIRECTION('',(0.,1.83697019872103E-16,-1.));
#1701=DIRECTION('center_axis',(0.,1.83697019872103E-16,-1.));
#1702=DIRECTION('ref_axis',(0.,1.,1.83697019872103E-16));
#1703=DIRECTION('',(8.65956056235493E-17,0.707106781186547,0.707106781186548));
#1704=DIRECTION('center_axis',(0.,-1.83697019872103E-16,1.));
#1705=DIRECTION('ref_axis',(0.,-1.,-1.83697019872103E-16));
#1706=DIRECTION('center_axis',(0.,-1.83697019872103E-16,1.));
#1707=DIRECTION('ref_axis',(0.,-1.,-1.83697019872103E-16));
#1708=DIRECTION('center_axis',(0.,1.83697019872103E-16,-1.));
#1709=DIRECTION('ref_axis',(0.,1.,1.83697019872103E-16));
#1710=DIRECTION('center_axis',(0.,-1.83697019872103E-16,1.));
#1711=DIRECTION('ref_axis',(0.,-1.,0.));
#1712=DIRECTION('center_axis',(0.,-1.83697019872103E-16,1.));
#1713=DIRECTION('ref_axis',(0.,-1.,-1.83697019872103E-16));
#1714=DIRECTION('center_axis',(1.,0.,0.));
#1715=DIRECTION('ref_axis',(0.,1.,0.));
#1716=DIRECTION('center_axis',(0.,-1.83697019872103E-16,1.));
#1717=DIRECTION('ref_axis',(0.,-1.,-1.83697019872103E-16));
#1718=DIRECTION('center_axis',(0.,-1.83697019872103E-16,1.));
#1719=DIRECTION('ref_axis',(0.,-1.,-1.83697019872103E-16));
#1720=DIRECTION('center_axis',(0.,-1.83697019872103E-16,1.));
#1721=DIRECTION('ref_axis',(0.,-1.,-1.83697019872103E-16));
#1722=DIRECTION('',(-8.65956056235494E-17,0.707106781186548,0.707106781186547));
#1723=DIRECTION('center_axis',(0.,-1.83697019872103E-16,1.));
#1724=DIRECTION('ref_axis',(0.,-1.,-1.83697019872103E-16));
#1725=DIRECTION('center_axis',(0.,-1.83697019872103E-16,1.));
#1726=DIRECTION('ref_axis',(0.,-1.,-1.83697019872103E-16));
#1727=DIRECTION('center_axis',(0.,-1.83697019872103E-16,1.));
#1728=DIRECTION('ref_axis',(0.,-1.,-1.83697019872103E-16));
#1729=DIRECTION('center_axis',(0.,-1.83697019872103E-16,1.));
#1730=DIRECTION('ref_axis',(0.,-1.,-1.83697019872103E-16));
#1731=DIRECTION('',(0.,-1.83697019872103E-16,1.));
#1732=DIRECTION('center_axis',(0.,1.83697019872103E-16,-1.));
#1733=DIRECTION('ref_axis',(0.,1.,1.83697019872103E-16));
#1734=DIRECTION('',(-8.65956056235494E-17,-0.707106781186547,-0.707106781186548));
#1735=DIRECTION('center_axis',(0.,-1.83697019872103E-16,1.));
#1736=DIRECTION('ref_axis',(0.,-1.,-1.83697019872103E-16));
#1737=DIRECTION('center_axis',(0.,-1.83697019872103E-16,1.));
#1738=DIRECTION('ref_axis',(0.,-1.,-1.83697019872103E-16));
#1739=DIRECTION('',(0.,1.83697019872103E-16,-1.));
#1740=DIRECTION('center_axis',(0.,-1.83697019872103E-16,1.));
#1741=DIRECTION('ref_axis',(0.,-1.,-1.83697019872103E-16));
#1742=DIRECTION('center_axis',(0.,-1.83697019872103E-16,1.));
#1743=DIRECTION('ref_axis',(0.,-1.,-1.83697019872103E-16));
#1744=DIRECTION('center_axis',(0.,-1.83697019872103E-16,1.));
#1745=DIRECTION('ref_axis',(0.,-1.,-1.83697019872103E-16));
#1746=DIRECTION('',(0.,1.83697019872103E-16,-1.));
#1747=DIRECTION('center_axis',(0.,1.83697019872103E-16,-1.));
#1748=DIRECTION('ref_axis',(0.,1.,1.83697019872103E-16));
#1749=DIRECTION('center_axis',(0.,-1.83697019872103E-16,1.));
#1750=DIRECTION('ref_axis',(0.,-1.,-1.83697019872103E-16));
#1751=DIRECTION('center_axis',(-1.,0.,0.));
#1752=DIRECTION('ref_axis',(0.,1.,0.));
#1753=DIRECTION('center_axis',(0.,0.,1.));
#1754=DIRECTION('ref_axis',(0.,-1.,0.));
#1755=DIRECTION('center_axis',(-0.866025403784437,0.500000000000002,0.));
#1756=DIRECTION('ref_axis',(0.499999999999997,0.86602540378444,0.));
#1757=DIRECTION('center_axis',(7.95431429043682E-17,-4.59242549680258E-17,
1.));
#1758=DIRECTION('ref_axis',(-0.499999999999999,-0.866025403784439,0.));
#1759=DIRECTION('center_axis',(-0.499999999999997,0.86602540378444,0.));
#1760=DIRECTION('ref_axis',(0.866025403784439,0.499999999999999,0.));
#1761=DIRECTION('center_axis',(7.95431429043682E-17,-1.37772764904077E-16,
1.));
#1762=DIRECTION('ref_axis',(-0.866025403784438,-0.500000000000001,0.));
#1763=DIRECTION('center_axis',(0.,1.,0.));
#1764=DIRECTION('ref_axis',(1.,-4.5677747298864E-15,0.));
#1765=DIRECTION('center_axis',(-5.24429128329517E-31,-1.83697019872103E-16,
1.));
#1766=DIRECTION('ref_axis',(-1.,2.85485920617898E-15,0.));
#1767=DIRECTION('center_axis',(0.499999999999998,0.86602540378444,0.));
#1768=DIRECTION('ref_axis',(0.866025403784436,-0.500000000000004,0.));
#1769=DIRECTION('center_axis',(-7.95431429043686E-17,-1.37772764904076E-16,
1.));
#1770=DIRECTION('ref_axis',(-0.866025403784436,0.500000000000005,0.));
#1771=DIRECTION('center_axis',(0.86602540378444,0.499999999999997,0.));
#1772=DIRECTION('ref_axis',(0.499999999999996,-0.866025403784441,0.));
#1773=DIRECTION('center_axis',(-7.95431429043672E-17,-4.59242549680249E-17,
1.));
#1774=DIRECTION('ref_axis',(-0.499999999999997,0.86602540378444,0.));
#1775=DIRECTION('center_axis',(1.,0.,0.));
#1776=DIRECTION('ref_axis',(0.,-1.,0.));
#1777=DIRECTION('center_axis',(0.,0.,1.));
#1778=DIRECTION('ref_axis',(0.,1.,0.));
#1779=DIRECTION('center_axis',(0.866025403784434,-0.500000000000008,0.));
#1780=DIRECTION('ref_axis',(-0.500000000000013,-0.866025403784431,0.));
#1781=DIRECTION('center_axis',(7.95431429043686E-17,-4.59242549680272E-17,
1.));
#1782=DIRECTION('ref_axis',(0.500000000000009,0.866025403784433,0.));
#1783=DIRECTION('center_axis',(0.499999999999995,-0.866025403784442,0.));
#1784=DIRECTION('ref_axis',(-0.866025403784441,-0.499999999999996,0.));
#1785=DIRECTION('center_axis',(7.95431429043671E-17,-1.37772764904079E-16,
1.));
#1786=DIRECTION('ref_axis',(0.866025403784444,0.499999999999992,0.));
#1787=DIRECTION('center_axis',(-1.82710989195455E-14,-1.,0.));
#1788=DIRECTION('ref_axis',(-1.,1.1419436824716E-14,0.));
#1789=DIRECTION('center_axis',(-2.09771651331807E-30,-1.83697019872103E-16,
1.));
#1790=DIRECTION('ref_axis',(1.,-1.14194368247159E-14,0.));
#1791=DIRECTION('center_axis',(-0.500000000000013,-0.866025403784431,0.));
#1792=DIRECTION('ref_axis',(-0.866025403784433,0.500000000000009,0.));
#1793=DIRECTION('center_axis',(-7.95431429043689E-17,-1.37772764904075E-16,
1.));
#1794=DIRECTION('ref_axis',(0.866025403784433,-0.500000000000009,0.));
#1795=DIRECTION('center_axis',(-0.866025403784448,-0.499999999999984,0.));
#1796=DIRECTION('ref_axis',(-0.499999999999995,0.866025403784442,0.));
#1797=DIRECTION('center_axis',(-7.95431429043669E-17,-4.59242549680235E-17,
1.));
#1798=DIRECTION('ref_axis',(0.499999999999987,-0.866025403784446,0.));
#1799=DIRECTION('center_axis',(0.,-1.83697019872103E-16,1.));
#1800=DIRECTION('ref_axis',(0.,-1.,-1.83697019872103E-16));
#1801=DIRECTION('center_axis',(0.,-1.83697019872103E-16,1.));
#1802=DIRECTION('ref_axis',(0.,-1.,-1.83697019872103E-16));
#1803=DIRECTION('',(0.,1.83697019872103E-16,-1.));
#1804=DIRECTION('center_axis',(0.,-1.83697019872103E-16,1.));
#1805=DIRECTION('ref_axis',(0.,-1.,-1.83697019872103E-16));
#1806=DIRECTION('center_axis',(0.,-1.83697019872103E-16,1.));
#1807=DIRECTION('ref_axis',(0.,-1.,-1.83697019872103E-16));
#1808=DIRECTION('center_axis',(0.,1.83697019872103E-16,-1.));
#1809=DIRECTION('ref_axis',(0.,-1.,-1.83697019872103E-16));
#1810=DIRECTION('',(0.,-1.83697019872103E-16,1.));
#1811=DIRECTION('center_axis',(0.,-1.83697019872103E-16,1.));
#1812=DIRECTION('ref_axis',(0.,-1.,-1.83697019872103E-16));
#1813=DIRECTION('center_axis',(0.,-1.83697019872103E-16,1.));
#1814=DIRECTION('ref_axis',(0.,-1.,-1.83697019872103E-16));
#1815=DIRECTION('center_axis',(0.,-1.83697019872103E-16,1.));
#1816=DIRECTION('ref_axis',(0.,-1.,-1.83697019872103E-16));
#1817=DIRECTION('',(0.,-1.83697019872103E-16,1.));
#1818=DIRECTION('center_axis',(0.,-1.83697019872103E-16,1.));
#1819=DIRECTION('ref_axis',(0.,-1.,-1.83697019872103E-16));
#1820=DIRECTION('center_axis',(0.,-1.83697019872103E-16,1.));
#1821=DIRECTION('ref_axis',(0.,-1.,-1.83697019872103E-16));
#1822=DIRECTION('center_axis',(0.,-1.83697019872103E-16,1.));
#1823=DIRECTION('ref_axis',(0.,-1.,-1.83697019872103E-16));
#1824=DIRECTION('',(0.,1.83697019872103E-16,-1.));
#1825=DIRECTION('center_axis',(0.,-1.83697019872103E-16,1.));
#1826=DIRECTION('ref_axis',(0.,-1.,-1.83697019872103E-16));
#1827=DIRECTION('center_axis',(0.,-1.83697019872103E-16,1.));
#1828=DIRECTION('ref_axis',(0.,-1.,-1.83697019872103E-16));
#1829=DIRECTION('center_axis',(0.,-1.83697019872103E-16,1.));
#1830=DIRECTION('ref_axis',(0.,-1.,-1.83697019872103E-16));
#1831=DIRECTION('',(0.,-1.83697019872103E-16,1.));
#1832=DIRECTION('center_axis',(0.,-1.83697019872103E-16,1.));
#1833=DIRECTION('ref_axis',(0.,-1.,-1.83697019872103E-16));
#1834=DIRECTION('center_axis',(0.,1.83697019872103E-16,-1.));
#1835=DIRECTION('ref_axis',(0.,1.,1.83697019872103E-16));
#1836=DIRECTION('center_axis',(0.,-1.83697019872103E-16,1.));
#1837=DIRECTION('ref_axis',(0.,-1.,-1.83697019872103E-16));
#1838=DIRECTION('center_axis',(0.,1.83697019872103E-16,-1.));
#1839=DIRECTION('ref_axis',(0.,1.,1.83697019872103E-16));
#1840=DIRECTION('center_axis',(0.,-1.83697019872103E-16,1.));
#1841=DIRECTION('ref_axis',(0.,-1.,-1.83697019872103E-16));
#1842=DIRECTION('center_axis',(0.,-1.83697019872103E-16,1.));
#1843=DIRECTION('ref_axis',(0.,-1.,-1.83697019872103E-16));
#1844=DIRECTION('center_axis',(0.,-1.83697019872103E-16,1.));
#1845=DIRECTION('ref_axis',(0.,-1.,-1.83697019872103E-16));
#1846=DIRECTION('center_axis',(0.,-1.83697019872103E-16,1.));
#1847=DIRECTION('ref_axis',(0.,-1.,-1.83697019872103E-16));
#1848=DIRECTION('',(0.,1.83697019872103E-16,-1.));
#1849=DIRECTION('center_axis',(0.,-1.83697019872103E-16,1.));
#1850=DIRECTION('ref_axis',(0.,-1.,-1.83697019872103E-16));
#1851=DIRECTION('center_axis',(0.,-1.83697019872103E-16,1.));
#1852=DIRECTION('ref_axis',(0.,-1.,-1.83697019872103E-16));
#1853=DIRECTION('center_axis',(0.,-1.83697019872103E-16,1.));
#1854=DIRECTION('ref_axis',(0.,-1.,-1.83697019872103E-16));
#1855=DIRECTION('',(0.,-1.83697019872103E-16,1.));
#1856=DIRECTION('center_axis',(0.,-1.83697019872103E-16,1.));
#1857=DIRECTION('ref_axis',(0.,1.,1.83697019872103E-16));
#1858=DIRECTION('center_axis',(0.,-1.83697019872103E-16,1.));
#1859=DIRECTION('ref_axis',(0.,-1.,-1.83697019872103E-16));
#1860=DIRECTION('center_axis',(0.,-1.83697019872103E-16,1.));
#1861=DIRECTION('ref_axis',(0.,-1.,-1.83697019872103E-16));
#1862=DIRECTION('',(0.,-1.83697019872103E-16,1.));
#1863=DIRECTION('center_axis',(0.,-1.83697019872103E-16,1.));
#1864=DIRECTION('ref_axis',(0.,-1.,-1.83697019872103E-16));
#1865=DIRECTION('center_axis',(0.,-1.83697019872103E-16,1.));
#1866=DIRECTION('ref_axis',(0.,-1.,-1.83697019872103E-16));
#1867=DIRECTION('center_axis',(0.,-1.83697019872103E-16,1.));
#1868=DIRECTION('ref_axis',(0.,-1.,-1.83697019872103E-16));
#1869=DIRECTION('',(0.,1.83697019872103E-16,-1.));
#1870=DIRECTION('center_axis',(0.,-1.83697019872103E-16,1.));
#1871=DIRECTION('ref_axis',(0.,-1.,-1.83697019872103E-16));
#1872=DIRECTION('center_axis',(0.,-1.83697019872103E-16,1.));
#1873=DIRECTION('ref_axis',(0.,-1.,-1.83697019872103E-16));
#1874=DIRECTION('center_axis',(0.,-1.83697019872103E-16,1.));
#1875=DIRECTION('ref_axis',(0.,-1.,-1.83697019872103E-16));
#1876=DIRECTION('',(0.,-1.83697019872103E-16,1.));
#1877=DIRECTION('center_axis',(0.,-1.83697019872103E-16,1.));
#1878=DIRECTION('ref_axis',(0.,-1.,-1.83697019872103E-16));
#1879=DIRECTION('center_axis',(0.,1.83697019872103E-16,-1.));
#1880=DIRECTION('ref_axis',(0.,1.,1.83697019872103E-16));
#1881=DIRECTION('center_axis',(0.,-1.83697019872103E-16,1.));
#1882=DIRECTION('ref_axis',(0.,-1.,-1.83697019872103E-16));
#1883=DIRECTION('center_axis',(0.,1.83697019872103E-16,-1.));
#1884=DIRECTION('ref_axis',(0.,1.,1.83697019872103E-16));
#1885=DIRECTION('center_axis',(0.,-1.83697019872103E-16,1.));
#1886=DIRECTION('ref_axis',(0.,-1.,-1.83697019872103E-16));
#1887=DIRECTION('center_axis',(0.,1.83697019872103E-16,-1.));
#1888=DIRECTION('ref_axis',(0.,1.,1.83697019872103E-16));
#1889=DIRECTION('axis',(0.,0.,1.));
#1890=DIRECTION('refdir',(1.,0.,0.));
#1891=DIRECTION('center_axis',(0.,-1.83697019872103E-16,-1.));
#1892=DIRECTION('ref_axis',(0.,-1.,1.83697019872103E-16));
#1893=DIRECTION('center_axis',(0.,1.83697019872103E-16,1.));
#1894=DIRECTION('ref_axis',(0.,1.,-1.83697019872103E-16));
#1895=DIRECTION('',(-8.65956056235486E-17,0.707106781186541,-0.707106781186554));
#1896=DIRECTION('center_axis',(0.,-1.83697019872103E-16,-1.));
#1897=DIRECTION('ref_axis',(0.,1.,-1.83697019872103E-16));
#1898=DIRECTION('center_axis',(0.,1.83697019872103E-16,1.));
#1899=DIRECTION('ref_axis',(0.,1.,-1.83697019872103E-16));
#1900=DIRECTION('center_axis',(0.,-1.83697019872103E-16,-1.));
#1901=DIRECTION('ref_axis',(0.,-1.,1.83697019872103E-16));
#1902=DIRECTION('',(-8.65956056235493E-17,-0.707106781186547,0.707106781186548));
#1903=DIRECTION('center_axis',(0.,1.83697019872103E-16,1.));
#1904=DIRECTION('ref_axis',(0.,-1.,1.83697019872103E-16));
#1905=DIRECTION('center_axis',(0.,-1.83697019872103E-16,-1.));
#1906=DIRECTION('ref_axis',(0.,-1.,1.83697019872103E-16));
#1907=DIRECTION('center_axis',(0.,1.83697019872103E-16,1.));
#1908=DIRECTION('ref_axis',(0.,-1.,1.83697019872103E-16));
#1909=DIRECTION('center_axis',(0.,1.83697019872103E-16,1.));
#1910=DIRECTION('ref_axis',(0.,-1.,1.83697019872103E-16));
#1911=DIRECTION('',(0.,-1.83697019872103E-16,-1.));
#1912=DIRECTION('center_axis',(0.,-1.83697019872103E-16,-1.));
#1913=DIRECTION('ref_axis',(0.,-1.,0.));
#1914=DIRECTION('center_axis',(0.,1.83697019872103E-16,1.));
#1915=DIRECTION('ref_axis',(0.,-1.,1.83697019872103E-16));
#1916=DIRECTION('center_axis',(-1.,0.,0.));
#1917=DIRECTION('ref_axis',(0.,1.,0.));
#1918=DIRECTION('center_axis',(0.,1.83697019872103E-16,1.));
#1919=DIRECTION('ref_axis',(0.,-1.,1.83697019872103E-16));
#1920=DIRECTION('',(0.,-1.83697019872103E-16,-1.));
#1921=DIRECTION('center_axis',(0.,-1.83697019872103E-16,-1.));
#1922=DIRECTION('ref_axis',(0.,-1.,1.83697019872103E-16));
#1923=DIRECTION('center_axis',(0.,1.83697019872103E-16,1.));
#1924=DIRECTION('ref_axis',(0.,-1.,1.83697019872103E-16));
#1925=DIRECTION('',(8.65956056235493E-17,-0.707106781186547,0.707106781186548));
#1926=DIRECTION('center_axis',(0.,1.83697019872103E-16,1.));
#1927=DIRECTION('ref_axis',(0.,-1.,1.83697019872103E-16));
#1928=DIRECTION('center_axis',(0.,1.83697019872103E-16,1.));
#1929=DIRECTION('ref_axis',(0.,-1.,1.83697019872103E-16));
#1930=DIRECTION('center_axis',(0.,1.83697019872103E-16,1.));
#1931=DIRECTION('ref_axis',(0.,-1.,1.83697019872103E-16));
#1932=DIRECTION('',(0.,1.83697019872103E-16,1.));
#1933=DIRECTION('center_axis',(0.,1.83697019872103E-16,1.));
#1934=DIRECTION('ref_axis',(0.,-1.,1.83697019872103E-16));
#1935=DIRECTION('center_axis',(0.,1.83697019872103E-16,1.));
#1936=DIRECTION('ref_axis',(0.,1.,-1.83697019872103E-16));
#1937=DIRECTION('',(8.65956056235493E-17,0.707106781186547,-0.707106781186548));
#1938=DIRECTION('center_axis',(0.,1.83697019872103E-16,1.));
#1939=DIRECTION('ref_axis',(0.,-1.,1.83697019872103E-16));
#1940=DIRECTION('center_axis',(0.,1.83697019872103E-16,1.));
#1941=DIRECTION('ref_axis',(0.,-1.,1.83697019872103E-16));
#1942=DIRECTION('center_axis',(0.,-1.83697019872103E-16,-1.));
#1943=DIRECTION('ref_axis',(0.,1.,-1.83697019872103E-16));
#1944=DIRECTION('center_axis',(0.,-1.83697019872103E-16,-1.));
#1945=DIRECTION('ref_axis',(0.,-1.,0.));
#1946=DIRECTION('center_axis',(0.,1.83697019872103E-16,1.));
#1947=DIRECTION('ref_axis',(0.,-1.,1.83697019872103E-16));
#1948=DIRECTION('center_axis',(-1.,0.,0.));
#1949=DIRECTION('ref_axis',(0.,1.,0.));
#1950=DIRECTION('center_axis',(0.,1.83697019872103E-16,1.));
#1951=DIRECTION('ref_axis',(0.,-1.,1.83697019872103E-16));
#1952=DIRECTION('center_axis',(0.,-1.83697019872103E-16,-1.));
#1953=DIRECTION('ref_axis',(0.,-1.,1.83697019872103E-16));
#1954=DIRECTION('center_axis',(0.,1.83697019872103E-16,1.));
#1955=DIRECTION('ref_axis',(0.,-1.,1.83697019872103E-16));
#1956=DIRECTION('',(-8.65956056235494E-17,0.707106781186548,-0.707106781186547));
#1957=DIRECTION('center_axis',(0.,1.83697019872103E-16,1.));
#1958=DIRECTION('ref_axis',(0.,-1.,1.83697019872103E-16));
#1959=DIRECTION('center_axis',(0.,1.83697019872103E-16,1.));
#1960=DIRECTION('ref_axis',(0.,-1.,1.83697019872103E-16));
#1961=DIRECTION('center_axis',(0.,1.83697019872103E-16,1.));
#1962=DIRECTION('ref_axis',(0.,-1.,1.83697019872103E-16));
#1963=DIRECTION('',(0.,-1.83697019872103E-16,-1.));
#1964=DIRECTION('center_axis',(0.,1.83697019872103E-16,1.));
#1965=DIRECTION('ref_axis',(0.,-1.,1.83697019872103E-16));
#1966=DIRECTION('center_axis',(0.,1.83697019872103E-16,1.));
#1967=DIRECTION('ref_axis',(0.,1.,-1.83697019872103E-16));
#1968=DIRECTION('',(-8.65956056235494E-17,-0.707106781186547,0.707106781186548));
#1969=DIRECTION('center_axis',(0.,1.83697019872103E-16,1.));
#1970=DIRECTION('ref_axis',(0.,-1.,1.83697019872103E-16));
#1971=DIRECTION('center_axis',(0.,1.83697019872103E-16,1.));
#1972=DIRECTION('ref_axis',(0.,-1.,1.83697019872103E-16));
#1973=DIRECTION('',(0.,1.83697019872103E-16,1.));
#1974=DIRECTION('center_axis',(0.,1.83697019872103E-16,1.));
#1975=DIRECTION('ref_axis',(0.,-1.,1.83697019872103E-16));
#1976=DIRECTION('center_axis',(0.,1.83697019872103E-16,1.));
#1977=DIRECTION('ref_axis',(0.,-1.,1.83697019872103E-16));
#1978=DIRECTION('center_axis',(0.,1.83697019872103E-16,1.));
#1979=DIRECTION('ref_axis',(0.,-1.,1.83697019872103E-16));
#1980=DIRECTION('',(0.,1.83697019872103E-16,1.));
#1981=DIRECTION('center_axis',(0.,-1.83697019872103E-16,-1.));
#1982=DIRECTION('ref_axis',(0.,1.,-1.83697019872103E-16));
#1983=DIRECTION('center_axis',(0.,1.83697019872103E-16,1.));
#1984=DIRECTION('ref_axis',(0.,-1.,1.83697019872103E-16));
#1985=DIRECTION('center_axis',(-1.,0.,0.));
#1986=DIRECTION('ref_axis',(0.,1.,0.));
#1987=DIRECTION('center_axis',(0.,0.,1.));
#1988=DIRECTION('ref_axis',(0.,-1.,0.));
#1989=DIRECTION('center_axis',(-0.866025403784437,0.500000000000002,0.));
#1990=DIRECTION('ref_axis',(0.499999999999997,0.86602540378444,0.));
#1991=DIRECTION('center_axis',(-7.95431429043682E-17,4.59242549680258E-17,
1.));
#1992=DIRECTION('ref_axis',(-0.499999999999999,-0.866025403784439,0.));
#1993=DIRECTION('center_axis',(-0.499999999999997,0.86602540378444,0.));
#1994=DIRECTION('ref_axis',(0.866025403784439,0.499999999999999,0.));
#1995=DIRECTION('center_axis',(-7.95431429043682E-17,1.37772764904077E-16,
1.));
#1996=DIRECTION('ref_axis',(-0.866025403784438,-0.500000000000001,0.));
#1997=DIRECTION('center_axis',(0.,1.,0.));
#1998=DIRECTION('ref_axis',(1.,-4.5677747298864E-15,0.));
#1999=DIRECTION('center_axis',(5.24429128329517E-31,1.83697019872103E-16,
1.));
#2000=DIRECTION('ref_axis',(-1.,2.85485920617898E-15,0.));
#2001=DIRECTION('center_axis',(0.499999999999998,0.86602540378444,0.));
#2002=DIRECTION('ref_axis',(0.866025403784436,-0.500000000000004,0.));
#2003=DIRECTION('center_axis',(7.95431429043686E-17,1.37772764904076E-16,
1.));
#2004=DIRECTION('ref_axis',(-0.866025403784436,0.500000000000005,0.));
#2005=DIRECTION('center_axis',(0.86602540378444,0.499999999999997,0.));
#2006=DIRECTION('ref_axis',(0.499999999999996,-0.866025403784441,0.));
#2007=DIRECTION('center_axis',(7.95431429043672E-17,4.59242549680249E-17,
1.));
#2008=DIRECTION('ref_axis',(-0.499999999999997,0.86602540378444,0.));
#2009=DIRECTION('center_axis',(1.,0.,0.));
#2010=DIRECTION('ref_axis',(0.,-1.,0.));
#2011=DIRECTION('center_axis',(0.,0.,1.));
#2012=DIRECTION('ref_axis',(0.,1.,0.));
#2013=DIRECTION('center_axis',(0.866025403784434,-0.500000000000008,0.));
#2014=DIRECTION('ref_axis',(-0.500000000000013,-0.866025403784431,0.));
#2015=DIRECTION('center_axis',(-7.95431429043686E-17,4.59242549680272E-17,
1.));
#2016=DIRECTION('ref_axis',(0.500000000000009,0.866025403784433,0.));
#2017=DIRECTION('center_axis',(0.499999999999995,-0.866025403784442,0.));
#2018=DIRECTION('ref_axis',(-0.866025403784441,-0.499999999999996,0.));
#2019=DIRECTION('center_axis',(-7.95431429043671E-17,1.37772764904079E-16,
1.));
#2020=DIRECTION('ref_axis',(0.866025403784444,0.499999999999992,0.));
#2021=DIRECTION('center_axis',(-1.82710989195455E-14,-1.,0.));
#2022=DIRECTION('ref_axis',(-1.,1.1419436824716E-14,0.));
#2023=DIRECTION('center_axis',(2.09771651331807E-30,1.83697019872103E-16,
1.));
#2024=DIRECTION('ref_axis',(1.,-1.14194368247159E-14,0.));
#2025=DIRECTION('center_axis',(-0.500000000000013,-0.866025403784431,0.));
#2026=DIRECTION('ref_axis',(-0.866025403784433,0.500000000000009,0.));
#2027=DIRECTION('center_axis',(7.95431429043689E-17,1.37772764904075E-16,
1.));
#2028=DIRECTION('ref_axis',(0.866025403784433,-0.500000000000009,0.));
#2029=DIRECTION('center_axis',(-0.866025403784448,-0.499999999999984,0.));
#2030=DIRECTION('ref_axis',(-0.499999999999995,0.866025403784442,0.));
#2031=DIRECTION('center_axis',(7.95431429043669E-17,4.59242549680235E-17,
1.));
#2032=DIRECTION('ref_axis',(0.499999999999987,-0.866025403784446,0.));
#2033=DIRECTION('center_axis',(0.,1.83697019872103E-16,1.));
#2034=DIRECTION('ref_axis',(0.,-1.,1.83697019872103E-16));
#2035=DIRECTION('center_axis',(0.,1.83697019872103E-16,1.));
#2036=DIRECTION('ref_axis',(0.,-1.,1.83697019872103E-16));
#2037=DIRECTION('',(0.,1.83697019872103E-16,1.));
#2038=DIRECTION('center_axis',(0.,1.83697019872103E-16,1.));
#2039=DIRECTION('ref_axis',(0.,-1.,1.83697019872103E-16));
#2040=DIRECTION('center_axis',(0.,1.83697019872103E-16,1.));
#2041=DIRECTION('ref_axis',(0.,-1.,1.83697019872103E-16));
#2042=DIRECTION('center_axis',(0.,-1.83697019872103E-16,-1.));
#2043=DIRECTION('ref_axis',(0.,-1.,1.83697019872103E-16));
#2044=DIRECTION('',(0.,-1.83697019872103E-16,-1.));
#2045=DIRECTION('center_axis',(0.,1.83697019872103E-16,1.));
#2046=DIRECTION('ref_axis',(0.,-1.,1.83697019872103E-16));
#2047=DIRECTION('center_axis',(0.,1.83697019872103E-16,1.));
#2048=DIRECTION('ref_axis',(0.,-1.,1.83697019872103E-16));
#2049=DIRECTION('center_axis',(0.,1.83697019872103E-16,1.));
#2050=DIRECTION('ref_axis',(0.,-1.,1.83697019872103E-16));
#2051=DIRECTION('',(0.,-1.83697019872103E-16,-1.));
#2052=DIRECTION('center_axis',(0.,1.83697019872103E-16,1.));
#2053=DIRECTION('ref_axis',(0.,-1.,1.83697019872103E-16));
#2054=DIRECTION('center_axis',(0.,1.83697019872103E-16,1.));
#2055=DIRECTION('ref_axis',(0.,-1.,1.83697019872103E-16));
#2056=DIRECTION('center_axis',(0.,1.83697019872103E-16,1.));
#2057=DIRECTION('ref_axis',(0.,-1.,1.83697019872103E-16));
#2058=DIRECTION('',(0.,1.83697019872103E-16,1.));
#2059=DIRECTION('center_axis',(0.,1.83697019872103E-16,1.));
#2060=DIRECTION('ref_axis',(0.,-1.,1.83697019872103E-16));
#2061=DIRECTION('center_axis',(0.,1.83697019872103E-16,1.));
#2062=DIRECTION('ref_axis',(0.,-1.,1.83697019872103E-16));
#2063=DIRECTION('center_axis',(0.,1.83697019872103E-16,1.));
#2064=DIRECTION('ref_axis',(0.,-1.,1.83697019872103E-16));
#2065=DIRECTION('',(0.,-1.83697019872103E-16,-1.));
#2066=DIRECTION('center_axis',(0.,1.83697019872103E-16,1.));
#2067=DIRECTION('ref_axis',(0.,-1.,1.83697019872103E-16));
#2068=DIRECTION('center_axis',(0.,-1.83697019872103E-16,-1.));
#2069=DIRECTION('ref_axis',(0.,1.,-1.83697019872103E-16));
#2070=DIRECTION('center_axis',(0.,1.83697019872103E-16,1.));
#2071=DIRECTION('ref_axis',(0.,-1.,1.83697019872103E-16));
#2072=DIRECTION('center_axis',(0.,-1.83697019872103E-16,-1.));
#2073=DIRECTION('ref_axis',(0.,1.,-1.83697019872103E-16));
#2074=DIRECTION('center_axis',(0.,1.83697019872103E-16,1.));
#2075=DIRECTION('ref_axis',(0.,-1.,1.83697019872103E-16));
#2076=DIRECTION('center_axis',(0.,1.83697019872103E-16,1.));
#2077=DIRECTION('ref_axis',(0.,-1.,1.83697019872103E-16));
#2078=DIRECTION('center_axis',(0.,1.83697019872103E-16,1.));
#2079=DIRECTION('ref_axis',(0.,-1.,1.83697019872103E-16));
#2080=DIRECTION('center_axis',(0.,1.83697019872103E-16,1.));
#2081=DIRECTION('ref_axis',(0.,-1.,1.83697019872103E-16));
#2082=DIRECTION('',(0.,1.83697019872103E-16,1.));
#2083=DIRECTION('center_axis',(0.,1.83697019872103E-16,1.));
#2084=DIRECTION('ref_axis',(0.,-1.,1.83697019872103E-16));
#2085=DIRECTION('center_axis',(0.,1.83697019872103E-16,1.));
#2086=DIRECTION('ref_axis',(0.,-1.,1.83697019872103E-16));
#2087=DIRECTION('center_axis',(0.,1.83697019872103E-16,1.));
#2088=DIRECTION('ref_axis',(0.,-1.,1.83697019872103E-16));
#2089=DIRECTION('',(0.,-1.83697019872103E-16,-1.));
#2090=DIRECTION('center_axis',(0.,1.83697019872103E-16,1.));
#2091=DIRECTION('ref_axis',(0.,1.,-1.83697019872103E-16));
#2092=DIRECTION('center_axis',(0.,1.83697019872103E-16,1.));
#2093=DIRECTION('ref_axis',(0.,-1.,1.83697019872103E-16));
#2094=DIRECTION('center_axis',(0.,1.83697019872103E-16,1.));
#2095=DIRECTION('ref_axis',(0.,-1.,1.83697019872103E-16));
#2096=DIRECTION('',(0.,-1.83697019872103E-16,-1.));
#2097=DIRECTION('center_axis',(0.,1.83697019872103E-16,1.));
#2098=DIRECTION('ref_axis',(0.,-1.,1.83697019872103E-16));
#2099=DIRECTION('center_axis',(0.,1.83697019872103E-16,1.));
#2100=DIRECTION('ref_axis',(0.,-1.,1.83697019872103E-16));
#2101=DIRECTION('center_axis',(0.,1.83697019872103E-16,1.));
#2102=DIRECTION('ref_axis',(0.,-1.,1.83697019872103E-16));
#2103=DIRECTION('',(0.,1.83697019872103E-16,1.));
#2104=DIRECTION('center_axis',(0.,1.83697019872103E-16,1.));
#2105=DIRECTION('ref_axis',(0.,-1.,1.83697019872103E-16));
#2106=DIRECTION('center_axis',(0.,1.83697019872103E-16,1.));
#2107=DIRECTION('ref_axis',(0.,-1.,1.83697019872103E-16));
#2108=DIRECTION('center_axis',(0.,1.83697019872103E-16,1.));
#2109=DIRECTION('ref_axis',(0.,-1.,1.83697019872103E-16));
#2110=DIRECTION('',(0.,-1.83697019872103E-16,-1.));
#2111=DIRECTION('center_axis',(0.,1.83697019872103E-16,1.));
#2112=DIRECTION('ref_axis',(0.,-1.,1.83697019872103E-16));
#2113=DIRECTION('center_axis',(0.,-1.83697019872103E-16,-1.));
#2114=DIRECTION('ref_axis',(0.,1.,-1.83697019872103E-16));
#2115=DIRECTION('center_axis',(0.,1.83697019872103E-16,1.));
#2116=DIRECTION('ref_axis',(0.,-1.,1.83697019872103E-16));
#2117=DIRECTION('center_axis',(0.,-1.83697019872103E-16,-1.));
#2118=DIRECTION('ref_axis',(0.,1.,-1.83697019872103E-16));
#2119=DIRECTION('center_axis',(0.,1.83697019872103E-16,1.));
#2120=DIRECTION('ref_axis',(0.,-1.,1.83697019872103E-16));
#2121=DIRECTION('center_axis',(0.,-1.83697019872103E-16,-1.));
#2122=DIRECTION('ref_axis',(0.,1.,-1.83697019872103E-16));
#2123=DIRECTION('',(0.,0.,1.));
#2124=DIRECTION('',(1.,0.,0.));
#2125=DIRECTION('',(2.77571426356608E-16,1.36451477993108E-17,0.999999999999999));
#2126=DIRECTION('',(1.,-2.77555756156209E-17,-2.75821032680313E-16));
#2127=DIRECTION('',(1.41748443906901E-31,-8.38164711797323E-31,1.));
#2128=DIRECTION('',(0.999999999999999,-2.37745261331036E-47,4.93038065763139E-32));
#2129=DIRECTION('',(2.77571426356608E-16,1.36451477993108E-17,0.999999999999999));
#2130=DIRECTION('',(1.,-2.77555756156209E-17,-2.75821032680313E-16));
#2131=DIRECTION('',(2.77571426356607E-16,1.36451477993108E-17,0.999999999999999));
#2132=DIRECTION('',(1.,-2.77555756156208E-17,-2.75821032680313E-16));
#2133=DIRECTION('',(2.77571426356608E-16,1.36451477993108E-17,0.999999999999999));
#2134=DIRECTION('',(1.,-2.77555756156209E-17,-2.75821032680313E-16));
#2135=DIRECTION('',(0.,0.,1.));
#2136=DIRECTION('',(1.,0.,0.));
#2137=DIRECTION('',(-2.77571426356607E-16,-1.36451477993108E-17,0.999999999999999));
#2138=DIRECTION('',(1.,-2.77555756156208E-17,2.75821032680313E-16));
#2139=DIRECTION('',(-2.77571426356608E-16,-1.36451477993108E-17,0.999999999999999));
#2140=DIRECTION('',(1.,-2.77555756156209E-17,2.75821032680313E-16));
#2141=DIRECTION('',(-2.77571426356608E-16,-1.36451477993108E-17,0.999999999999999));
#2142=DIRECTION('',(1.,-2.77555756156209E-17,2.75821032680313E-16));
#2143=DIRECTION('',(-2.77571426356608E-16,-1.36451477993108E-17,0.999999999999999));
#2144=DIRECTION('',(1.,-2.77555756156209E-17,2.75821032680313E-16));
#2145=DIRECTION('',(-1.41748443906901E-31,8.38164711797323E-31,1.));
#2146=DIRECTION('',(0.999999999999999,-2.37745261331036E-47,-4.93038065763139E-32));
#2147=CARTESIAN_POINT('',(0.,0.,0.));
#2148=CARTESIAN_POINT('',(0.,0.,0.));
#2149=CARTESIAN_POINT('Origin',(150.,31.000000089407,201.825));
#2150=CARTESIAN_POINT('',(150.,40.130000089407,201.825));
#2151=CARTESIAN_POINT('Origin',(150.,31.000000089407,201.825));
#2152=CARTESIAN_POINT('',(150.,40.305000089407,202.));
#2153=CARTESIAN_POINT('',(150.,40.130000089407,201.825));
#2154=CARTESIAN_POINT('Origin',(150.,31.000000089407,202.));
#2155=CARTESIAN_POINT('Origin',(150.,31.000000089407,195.));
#2156=CARTESIAN_POINT('',(150.,40.130000089407,195.175));
#2157=CARTESIAN_POINT('',(150.,21.870000089407,195.175));
#2158=CARTESIAN_POINT('Origin',(150.,31.000000089407,195.175));
#2159=CARTESIAN_POINT('Origin',(150.,31.000000089407,195.175));
#2160=CARTESIAN_POINT('',(150.,21.695000089407,195.));
#2161=CARTESIAN_POINT('',(150.,21.695000089407,195.));
#2162=CARTESIAN_POINT('Origin',(150.,31.000000089407,195.));
#2163=CARTESIAN_POINT('Origin',(150.,31.000000089407,202.));
#2164=CARTESIAN_POINT('',(150.,40.130000089407,200.055555555556));
#2165=CARTESIAN_POINT('Origin',(150.,31.000000089407,200.055555555556));
#2166=CARTESIAN_POINT('',(150.,40.130000089407,202.));
#2167=CARTESIAN_POINT('Origin',(150.,31.000000089407,198.5));
#2168=CARTESIAN_POINT('',(150.,40.130000089407,196.944444444445));
#2169=CARTESIAN_POINT('Origin',(150.,31.000000089407,196.944444444445));
#2170=CARTESIAN_POINT('Origin',(150.,39.4706594300663,198.5));
#2171=CARTESIAN_POINT('Origin',(150.,31.000000089407,202.));
#2172=CARTESIAN_POINT('',(150.,40.130000089407,202.));
#2173=CARTESIAN_POINT('Origin',(150.,31.000000089407,195.));
#2174=CARTESIAN_POINT('',(150.,42.000000089407,195.35));
#2175=CARTESIAN_POINT('Origin',(150.,31.000000089407,195.35));
#2176=CARTESIAN_POINT('',(150.,41.650000089407,195.));
#2177=CARTESIAN_POINT('',(150.,41.650000089407,195.));
#2178=CARTESIAN_POINT('Origin',(150.,31.000000089407,195.));
#2179=CARTESIAN_POINT('Origin',(150.,31.000000089407,202.));
#2180=CARTESIAN_POINT('',(150.,20.000000089407,201.65));
#2181=CARTESIAN_POINT('',(150.,42.000000089407,201.65));
#2182=CARTESIAN_POINT('Origin',(150.,31.000000089407,201.65));
#2183=CARTESIAN_POINT('Origin',(150.,31.000000089407,201.65));
#2184=CARTESIAN_POINT('',(150.,42.000000089407,202.));
#2185=CARTESIAN_POINT('Origin',(150.,31.000000089407,201.65));
#2186=CARTESIAN_POINT('',(150.,20.350000089407,202.));
#2187=CARTESIAN_POINT('',(150.,20.000000089407,201.65));
#2188=CARTESIAN_POINT('Origin',(150.,31.000000089407,202.));
#2189=CARTESIAN_POINT('Origin',(150.,41.650000089407,195.));
#2190=CARTESIAN_POINT('Origin',(150.,41.650000089407,202.));
#2191=CARTESIAN_POINT('Origin',(150.,31.000000089407,198.5));
#2192=CARTESIAN_POINT('',(150.,36.870000089407,200.055555555556));
#2193=CARTESIAN_POINT('Origin',(150.,31.000000089407,200.055555555556));
#2194=CARTESIAN_POINT('',(150.,36.870000089407,196.944444444445));
#2195=CARTESIAN_POINT('Origin',(150.,39.4706594300663,198.5));
#2196=CARTESIAN_POINT('Origin',(150.,31.000000089407,196.944444444445));
#2197=CARTESIAN_POINT('Origin',(150.,31.000000089407,202.));
#2198=CARTESIAN_POINT('',(150.,35.000000089407,201.65));
#2199=CARTESIAN_POINT('Origin',(150.,31.000000089407,201.65));
#2200=CARTESIAN_POINT('',(150.,35.350000089407,202.));
#2201=CARTESIAN_POINT('',(150.,35.350000089407,202.));
#2202=CARTESIAN_POINT('Origin',(150.,31.000000089407,202.));
#2203=CARTESIAN_POINT('Origin',(150.,31.000000089407,202.));
#2204=CARTESIAN_POINT('',(150.,27.000000089407,195.35));
#2205=CARTESIAN_POINT('',(150.,35.000000089407,195.35));
#2206=CARTESIAN_POINT('Origin',(150.,31.000000089407,195.35));
#2207=CARTESIAN_POINT('Origin',(150.,31.000000089407,195.35));
#2208=CARTESIAN_POINT('',(150.,35.000000089407,202.));
#2209=CARTESIAN_POINT('Origin',(150.,31.000000089407,195.35));
#2210=CARTESIAN_POINT('',(150.,26.650000089407,195.));
#2211=CARTESIAN_POINT('',(150.,27.000000089407,195.35));
#2212=CARTESIAN_POINT('Origin',(150.,31.000000089407,195.));
#2213=CARTESIAN_POINT('Origin',(150.,31.000000089407,202.));
#2214=CARTESIAN_POINT('',(150.,36.870000089407,195.));
#2215=CARTESIAN_POINT('',(150.,36.870000089407,202.));
#2216=CARTESIAN_POINT('Origin',(150.,31.000000089407,195.));
#2217=CARTESIAN_POINT('Origin',(150.,31.000000089407,202.));
#2218=CARTESIAN_POINT('',(150.,36.870000089407,202.));
#2219=CARTESIAN_POINT('Origin',(150.,31.000000089407,202.));
#2220=CARTESIAN_POINT('',(150.,36.870000089407,202.));
#2221=CARTESIAN_POINT('Origin',(150.,36.870000089407,202.));
#2222=CARTESIAN_POINT('Origin',(150.,35.350000089407,195.));
#2223=CARTESIAN_POINT('Origin',(150.,38.8002319435829,198.5));
#2224=CARTESIAN_POINT('',(148.444444444444,38.8002319435829,198.5));
#2225=CARTESIAN_POINT('',(151.555555555556,38.8002319435829,198.5));
#2226=CARTESIAN_POINT('Origin',(150.,38.8002319435829,198.5));
#2227=CARTESIAN_POINT('Origin',(153.900115927088,37.7551990305319,198.5));
#2228=CARTESIAN_POINT('',(152.552965298979,38.5329768083097,198.5));
#2229=CARTESIAN_POINT('',(155.247266555197,36.9774212527541,198.5));
#2230=CARTESIAN_POINT('Origin',(153.900115927088,37.7551990305319,198.5));
#2231=CARTESIAN_POINT('Origin',(156.755198941125,34.9001160164949,198.5));
#2232=CARTESIAN_POINT('',(155.977421163347,36.247266644604,198.5));
#2233=CARTESIAN_POINT('',(157.532976718903,33.5529653883858,198.5));
#2234=CARTESIAN_POINT('Origin',(156.755198941125,34.9001160164949,198.5));
#2235=CARTESIAN_POINT('Origin',(157.800231854176,31.0000000894069,198.5));
#2236=CARTESIAN_POINT('',(157.800231854176,32.5555556449625,198.5));
#2237=CARTESIAN_POINT('',(157.800231854176,29.4444445338514,198.5));
#2238=CARTESIAN_POINT('Origin',(157.800231854176,31.0000000894069,198.5));
#2239=CARTESIAN_POINT('Origin',(156.755198941125,27.099884162319,198.5));
#2240=CARTESIAN_POINT('',(157.532976718903,28.4470347904281,198.5));
#2241=CARTESIAN_POINT('',(155.977421163347,25.7527335342098,198.5));
#2242=CARTESIAN_POINT('Origin',(156.755198941125,27.099884162319,198.5));
#2243=CARTESIAN_POINT('Origin',(153.900115927088,24.244801148282,198.5));
#2244=CARTESIAN_POINT('',(155.247266555197,25.0225789260598,198.5));
#2245=CARTESIAN_POINT('',(152.552965298979,23.4670233705042,198.5));
#2246=CARTESIAN_POINT('Origin',(153.900115927088,24.244801148282,198.5));
#2247=CARTESIAN_POINT('Origin',(150.,23.199768235231,198.5));
#2248=CARTESIAN_POINT('',(151.555555555556,23.199768235231,198.5));
#2249=CARTESIAN_POINT('',(148.444444444444,23.199768235231,198.5));
#2250=CARTESIAN_POINT('Origin',(150.,23.199768235231,198.5));
#2251=CARTESIAN_POINT('Origin',(146.099884072912,24.244801148282,198.5));
#2252=CARTESIAN_POINT('',(147.447034701021,23.4670233705042,198.5));
#2253=CARTESIAN_POINT('',(144.752733444803,25.0225789260598,198.5));
#2254=CARTESIAN_POINT('Origin',(146.099884072912,24.244801148282,198.5));
#2255=CARTESIAN_POINT('Origin',(143.244801058875,27.0998841623191,198.5));
#2256=CARTESIAN_POINT('',(144.022578836653,25.7527335342099,198.5));
#2257=CARTESIAN_POINT('',(142.467023281097,28.4470347904282,198.5));
#2258=CARTESIAN_POINT('Origin',(143.244801058875,27.0998841623191,198.5));
#2259=CARTESIAN_POINT('Origin',(142.199768145824,31.000000089407,198.5));
#2260=CARTESIAN_POINT('',(142.199768145824,29.4444445338515,198.5));
#2261=CARTESIAN_POINT('',(142.199768145824,32.5555556449626,198.5));
#2262=CARTESIAN_POINT('Origin',(142.199768145824,31.000000089407,198.5));
#2263=CARTESIAN_POINT('Origin',(143.244801058875,34.900116016495,198.5));
#2264=CARTESIAN_POINT('',(142.467023281097,33.5529653883859,198.5));
#2265=CARTESIAN_POINT('',(144.022578836653,36.2472666446041,198.5));
#2266=CARTESIAN_POINT('Origin',(143.244801058875,34.900116016495,198.5));
#2267=CARTESIAN_POINT('Origin',(146.099884072912,37.755199030532,198.5));
#2268=CARTESIAN_POINT('',(144.752733444803,36.9774212527542,198.5));
#2269=CARTESIAN_POINT('',(147.447034701021,38.5329768083097,198.5));
#2270=CARTESIAN_POINT('Origin',(146.099884072912,37.755199030532,198.5));
#2271=CARTESIAN_POINT('Origin',(150.,31.000000089407,202.));
#2272=CARTESIAN_POINT('',(150.,37.121000089407,195.35));
#2273=CARTESIAN_POINT('Origin',(150.,31.000000089407,195.35));
#2274=CARTESIAN_POINT('',(150.,37.121000089407,195.2625));
#2275=CARTESIAN_POINT('',(150.,37.121000089407,202.));
#2276=CARTESIAN_POINT('Origin',(150.,31.000000089407,195.2625));
#2277=CARTESIAN_POINT('Origin',(150.,31.000000089407,202.));
#2278=CARTESIAN_POINT('',(150.,37.685000089407,195.175));
#2279=CARTESIAN_POINT('Origin',(150.,31.000000089407,195.175));
#2280=CARTESIAN_POINT('',(150.,37.685000089407,195.35));
#2281=CARTESIAN_POINT('',(150.,37.685000089407,202.));
#2282=CARTESIAN_POINT('Origin',(150.,31.000000089407,195.35));
#2283=CARTESIAN_POINT('Origin',(150.,31.000000089407,202.));
#2284=CARTESIAN_POINT('',(150.,36.870000089407,195.992739206716));
#2285=CARTESIAN_POINT('Origin',(150.,31.000000089407,195.992739206716));
#2286=CARTESIAN_POINT('',(150.,36.870000089407,196.810478413432));
#2287=CARTESIAN_POINT('',(150.,36.870000089407,202.));
#2288=CARTESIAN_POINT('Origin',(150.,31.000000089407,196.810478413432));
#2289=CARTESIAN_POINT('Origin',(150.,31.000000089407,202.));
#2290=CARTESIAN_POINT('',(150.,40.130000089407,196.810478413432));
#2291=CARTESIAN_POINT('Origin',(150.,31.000000089407,196.810478413432));
#2292=CARTESIAN_POINT('',(150.,40.130000089407,195.175));
#2293=CARTESIAN_POINT('',(150.,40.130000089407,202.));
#2294=CARTESIAN_POINT('Origin',(150.,31.000000089407,195.175));
#2295=CARTESIAN_POINT('Origin',(150.,31.000000089407,202.));
#2296=CARTESIAN_POINT('',(150.,36.980000089407,195.2625));
#2297=CARTESIAN_POINT('Origin',(150.,31.000000089407,195.2625));
#2298=CARTESIAN_POINT('',(150.,36.980000089407,195.992739206716));
#2299=CARTESIAN_POINT('',(150.,36.980000089407,202.));
#2300=CARTESIAN_POINT('Origin',(150.,31.000000089407,195.992739206716));
#2301=CARTESIAN_POINT('Origin',(150.,36.870000089407,195.35));
#2302=CARTESIAN_POINT('Origin',(150.,40.130000089407,195.175));
#2303=CARTESIAN_POINT('Origin',(150.,40.130000089407,196.810478413432));
#2304=CARTESIAN_POINT('Origin',(150.,36.870000089407,195.992739206716));
#2305=CARTESIAN_POINT('Origin',(150.,37.121000089407,195.2625));
#2306=CARTESIAN_POINT('Origin',(150.,31.000000089407,202.));
#2307=CARTESIAN_POINT('',(150.,37.121000089407,201.7375));
#2308=CARTESIAN_POINT('Origin',(150.,31.000000089407,201.7375));
#2309=CARTESIAN_POINT('',(150.,37.121000089407,201.65));
#2310=CARTESIAN_POINT('',(150.,37.121000089407,202.));
#2311=CARTESIAN_POINT('Origin',(150.,31.000000089407,201.65));
#2312=CARTESIAN_POINT('Origin',(150.,31.000000089407,202.));
#2313=CARTESIAN_POINT('',(150.,37.685000089407,201.65));
#2314=CARTESIAN_POINT('Origin',(150.,31.000000089407,201.65));
#2315=CARTESIAN_POINT('',(150.,37.685000089407,201.825));
#2316=CARTESIAN_POINT('',(150.,37.685000089407,202.));
#2317=CARTESIAN_POINT('Origin',(150.,31.000000089407,201.825));
#2318=CARTESIAN_POINT('Origin',(150.,31.000000089407,202.));
#2319=CARTESIAN_POINT('',(150.,36.870000089407,200.189521586568));
#2320=CARTESIAN_POINT('Origin',(150.,31.000000089407,200.189521586568));
#2321=CARTESIAN_POINT('',(150.,36.870000089407,201.007260793284));
#2322=CARTESIAN_POINT('',(150.,36.870000089407,202.));
#2323=CARTESIAN_POINT('Origin',(150.,31.000000089407,201.007260793284));
#2324=CARTESIAN_POINT('Origin',(150.,31.000000089407,202.));
#2325=CARTESIAN_POINT('',(150.,40.130000089407,201.825));
#2326=CARTESIAN_POINT('Origin',(150.,31.000000089407,201.825));
#2327=CARTESIAN_POINT('',(150.,40.130000089407,200.189521586568));
#2328=CARTESIAN_POINT('',(150.,40.130000089407,202.));
#2329=CARTESIAN_POINT('Origin',(150.,31.000000089407,200.189521586568));
#2330=CARTESIAN_POINT('Origin',(150.,31.000000089407,202.));
#2331=CARTESIAN_POINT('',(150.,36.980000089407,201.007260793284));
#2332=CARTESIAN_POINT('Origin',(150.,31.000000089407,201.007260793284));
#2333=CARTESIAN_POINT('',(150.,36.980000089407,201.7375));
#2334=CARTESIAN_POINT('',(150.,36.980000089407,202.));
#2335=CARTESIAN_POINT('Origin',(150.,31.000000089407,201.7375));
#2336=CARTESIAN_POINT('Origin',(150.,36.980000089407,201.825));
#2337=CARTESIAN_POINT('Origin',(150.,40.130000089407,200.189521586568));
#2338=CARTESIAN_POINT('Origin',(150.,36.870000089407,201.007260793284));
#2339=CARTESIAN_POINT('Origin',(150.,37.685000089407,201.65));
#2340=CARTESIAN_POINT('Origin',(150.,37.121000089407,201.7375));
#2341=CARTESIAN_POINT('',(0.,0.,0.));
#2342=CARTESIAN_POINT('Origin',(150.,31.000000089407,-201.825));
#2343=CARTESIAN_POINT('',(150.,40.130000089407,-201.825));
#2344=CARTESIAN_POINT('Origin',(150.,31.000000089407,-201.825));
#2345=CARTESIAN_POINT('',(150.,40.305000089407,-202.));
#2346=CARTESIAN_POINT('',(150.,40.130000089407,-201.825));
#2347=CARTESIAN_POINT('Origin',(150.,31.000000089407,-202.));
#2348=CARTESIAN_POINT('Origin',(150.,31.000000089407,-195.));
#2349=CARTESIAN_POINT('',(150.,40.130000089407,-195.175));
#2350=CARTESIAN_POINT('',(150.,21.870000089407,-195.175));
#2351=CARTESIAN_POINT('Origin',(150.,31.000000089407,-195.175));
#2352=CARTESIAN_POINT('',(150.,21.695000089407,-195.));
#2353=CARTESIAN_POINT('',(150.,21.695000089407,-195.));
#2354=CARTESIAN_POINT('Origin',(150.,31.000000089407,-195.));
#2355=CARTESIAN_POINT('Origin',(150.,31.000000089407,-195.175));
#2356=CARTESIAN_POINT('Origin',(150.,31.000000089407,-202.));
#2357=CARTESIAN_POINT('',(150.,40.130000089407,-200.055555555556));
#2358=CARTESIAN_POINT('Origin',(150.,31.000000089407,-200.055555555556));
#2359=CARTESIAN_POINT('',(150.,40.130000089407,-202.));
#2360=CARTESIAN_POINT('Origin',(150.,31.000000089407,-198.5));
#2361=CARTESIAN_POINT('',(150.,40.130000089407,-196.944444444445));
#2362=CARTESIAN_POINT('Origin',(150.,31.000000089407,-196.944444444445));
#2363=CARTESIAN_POINT('Origin',(150.,39.4706594300663,-198.5));
#2364=CARTESIAN_POINT('Origin',(150.,31.000000089407,-202.));
#2365=CARTESIAN_POINT('',(150.,40.130000089407,-202.));
#2366=CARTESIAN_POINT('Origin',(150.,31.000000089407,-195.));
#2367=CARTESIAN_POINT('',(150.,42.000000089407,-195.35));
#2368=CARTESIAN_POINT('Origin',(150.,31.000000089407,-195.35));
#2369=CARTESIAN_POINT('',(150.,41.650000089407,-195.));
#2370=CARTESIAN_POINT('',(150.,41.650000089407,-195.));
#2371=CARTESIAN_POINT('Origin',(150.,31.000000089407,-195.));
#2372=CARTESIAN_POINT('Origin',(150.,31.000000089407,-202.));
#2373=CARTESIAN_POINT('',(150.,20.000000089407,-201.65));
#2374=CARTESIAN_POINT('',(150.,42.000000089407,-201.65));
#2375=CARTESIAN_POINT('Origin',(150.,31.000000089407,-201.65));
#2376=CARTESIAN_POINT('',(150.,42.000000089407,-202.));
#2377=CARTESIAN_POINT('Origin',(150.,31.000000089407,-201.65));
#2378=CARTESIAN_POINT('Origin',(150.,31.000000089407,-201.65));
#2379=CARTESIAN_POINT('',(150.,20.350000089407,-202.));
#2380=CARTESIAN_POINT('',(150.,20.000000089407,-201.65));
#2381=CARTESIAN_POINT('Origin',(150.,31.000000089407,-202.));
#2382=CARTESIAN_POINT('Origin',(150.,41.650000089407,-195.));
#2383=CARTESIAN_POINT('Origin',(150.,41.650000089407,-202.));
#2384=CARTESIAN_POINT('Origin',(150.,31.000000089407,-198.5));
#2385=CARTESIAN_POINT('',(150.,36.870000089407,-200.055555555556));
#2386=CARTESIAN_POINT('Origin',(150.,31.000000089407,-200.055555555556));
#2387=CARTESIAN_POINT('',(150.,36.870000089407,-196.944444444445));
#2388=CARTESIAN_POINT('Origin',(150.,39.4706594300663,-198.5));
#2389=CARTESIAN_POINT('Origin',(150.,31.000000089407,-196.944444444445));
#2390=CARTESIAN_POINT('Origin',(150.,31.000000089407,-202.));
#2391=CARTESIAN_POINT('',(150.,35.000000089407,-201.65));
#2392=CARTESIAN_POINT('Origin',(150.,31.000000089407,-201.65));
#2393=CARTESIAN_POINT('',(150.,35.350000089407,-202.));
#2394=CARTESIAN_POINT('',(150.,35.350000089407,-202.));
#2395=CARTESIAN_POINT('Origin',(150.,31.000000089407,-202.));
#2396=CARTESIAN_POINT('Origin',(150.,31.000000089407,-202.));
#2397=CARTESIAN_POINT('',(150.,27.000000089407,-195.35));
#2398=CARTESIAN_POINT('',(150.,35.000000089407,-195.35));
#2399=CARTESIAN_POINT('Origin',(150.,31.000000089407,-195.35));
#2400=CARTESIAN_POINT('',(150.,35.000000089407,-202.));
#2401=CARTESIAN_POINT('Origin',(150.,31.000000089407,-195.35));
#2402=CARTESIAN_POINT('Origin',(150.,31.000000089407,-195.35));
#2403=CARTESIAN_POINT('',(150.,26.650000089407,-195.));
#2404=CARTESIAN_POINT('',(150.,27.000000089407,-195.35));
#2405=CARTESIAN_POINT('Origin',(150.,31.000000089407,-195.));
#2406=CARTESIAN_POINT('Origin',(150.,31.000000089407,-202.));
#2407=CARTESIAN_POINT('',(150.,36.870000089407,-195.));
#2408=CARTESIAN_POINT('',(150.,36.870000089407,-202.));
#2409=CARTESIAN_POINT('Origin',(150.,31.000000089407,-195.));
#2410=CARTESIAN_POINT('Origin',(150.,31.000000089407,-202.));
#2411=CARTESIAN_POINT('',(150.,36.870000089407,-202.));
#2412=CARTESIAN_POINT('Origin',(150.,31.000000089407,-202.));
#2413=CARTESIAN_POINT('',(150.,36.870000089407,-202.));
#2414=CARTESIAN_POINT('Origin',(150.,36.870000089407,-202.));
#2415=CARTESIAN_POINT('Origin',(150.,35.350000089407,-195.));
#2416=CARTESIAN_POINT('Origin',(150.,38.8002319435829,-198.5));
#2417=CARTESIAN_POINT('',(148.444444444444,38.8002319435829,-198.5));
#2418=CARTESIAN_POINT('',(151.555555555556,38.8002319435829,-198.5));
#2419=CARTESIAN_POINT('Origin',(150.,38.8002319435829,-198.5));
#2420=CARTESIAN_POINT('Origin',(153.900115927088,37.7551990305319,-198.5));
#2421=CARTESIAN_POINT('',(152.552965298979,38.5329768083097,-198.5));
#2422=CARTESIAN_POINT('',(155.247266555197,36.9774212527541,-198.5));
#2423=CARTESIAN_POINT('Origin',(153.900115927088,37.7551990305319,-198.5));
#2424=CARTESIAN_POINT('Origin',(156.755198941125,34.9001160164949,-198.5));
#2425=CARTESIAN_POINT('',(155.977421163347,36.247266644604,-198.5));
#2426=CARTESIAN_POINT('',(157.532976718903,33.5529653883858,-198.5));
#2427=CARTESIAN_POINT('Origin',(156.755198941125,34.9001160164949,-198.5));
#2428=CARTESIAN_POINT('Origin',(157.800231854176,31.0000000894069,-198.5));
#2429=CARTESIAN_POINT('',(157.800231854176,32.5555556449625,-198.5));
#2430=CARTESIAN_POINT('',(157.800231854176,29.4444445338514,-198.5));
#2431=CARTESIAN_POINT('Origin',(157.800231854176,31.0000000894069,-198.5));
#2432=CARTESIAN_POINT('Origin',(156.755198941125,27.099884162319,-198.5));
#2433=CARTESIAN_POINT('',(157.532976718903,28.4470347904281,-198.5));
#2434=CARTESIAN_POINT('',(155.977421163347,25.7527335342098,-198.5));
#2435=CARTESIAN_POINT('Origin',(156.755198941125,27.099884162319,-198.5));
#2436=CARTESIAN_POINT('Origin',(153.900115927088,24.244801148282,-198.5));
#2437=CARTESIAN_POINT('',(155.247266555197,25.0225789260598,-198.5));
#2438=CARTESIAN_POINT('',(152.552965298979,23.4670233705042,-198.5));
#2439=CARTESIAN_POINT('Origin',(153.900115927088,24.244801148282,-198.5));
#2440=CARTESIAN_POINT('Origin',(150.,23.199768235231,-198.5));
#2441=CARTESIAN_POINT('',(151.555555555556,23.199768235231,-198.5));
#2442=CARTESIAN_POINT('',(148.444444444444,23.199768235231,-198.5));
#2443=CARTESIAN_POINT('Origin',(150.,23.199768235231,-198.5));
#2444=CARTESIAN_POINT('Origin',(146.099884072912,24.244801148282,-198.5));
#2445=CARTESIAN_POINT('',(147.447034701021,23.4670233705042,-198.5));
#2446=CARTESIAN_POINT('',(144.752733444803,25.0225789260598,-198.5));
#2447=CARTESIAN_POINT('Origin',(146.099884072912,24.244801148282,-198.5));
#2448=CARTESIAN_POINT('Origin',(143.244801058875,27.0998841623191,-198.5));
#2449=CARTESIAN_POINT('',(144.022578836653,25.7527335342099,-198.5));
#2450=CARTESIAN_POINT('',(142.467023281097,28.4470347904282,-198.5));
#2451=CARTESIAN_POINT('Origin',(143.244801058875,27.0998841623191,-198.5));
#2452=CARTESIAN_POINT('Origin',(142.199768145824,31.000000089407,-198.5));
#2453=CARTESIAN_POINT('',(142.199768145824,29.4444445338515,-198.5));
#2454=CARTESIAN_POINT('',(142.199768145824,32.5555556449626,-198.5));
#2455=CARTESIAN_POINT('Origin',(142.199768145824,31.000000089407,-198.5));
#2456=CARTESIAN_POINT('Origin',(143.244801058875,34.900116016495,-198.5));
#2457=CARTESIAN_POINT('',(142.467023281097,33.5529653883859,-198.5));
#2458=CARTESIAN_POINT('',(144.022578836653,36.2472666446041,-198.5));
#2459=CARTESIAN_POINT('Origin',(143.244801058875,34.900116016495,-198.5));
#2460=CARTESIAN_POINT('Origin',(146.099884072912,37.755199030532,-198.5));
#2461=CARTESIAN_POINT('',(144.752733444803,36.9774212527542,-198.5));
#2462=CARTESIAN_POINT('',(147.447034701021,38.5329768083097,-198.5));
#2463=CARTESIAN_POINT('Origin',(146.099884072912,37.755199030532,-198.5));
#2464=CARTESIAN_POINT('Origin',(150.,31.000000089407,-202.));
#2465=CARTESIAN_POINT('',(150.,37.121000089407,-195.35));
#2466=CARTESIAN_POINT('Origin',(150.,31.000000089407,-195.35));
#2467=CARTESIAN_POINT('',(150.,37.121000089407,-195.2625));
#2468=CARTESIAN_POINT('',(150.,37.121000089407,-202.));
#2469=CARTESIAN_POINT('Origin',(150.,31.000000089407,-195.2625));
#2470=CARTESIAN_POINT('Origin',(150.,31.000000089407,-202.));
#2471=CARTESIAN_POINT('',(150.,37.685000089407,-195.175));
#2472=CARTESIAN_POINT('Origin',(150.,31.000000089407,-195.175));
#2473=CARTESIAN_POINT('',(150.,37.685000089407,-195.35));
#2474=CARTESIAN_POINT('',(150.,37.685000089407,-202.));
#2475=CARTESIAN_POINT('Origin',(150.,31.000000089407,-195.35));
#2476=CARTESIAN_POINT('Origin',(150.,31.000000089407,-202.));
#2477=CARTESIAN_POINT('',(150.,36.870000089407,-195.992739206716));
#2478=CARTESIAN_POINT('Origin',(150.,31.000000089407,-195.992739206716));
#2479=CARTESIAN_POINT('',(150.,36.870000089407,-196.810478413432));
#2480=CARTESIAN_POINT('',(150.,36.870000089407,-202.));
#2481=CARTESIAN_POINT('Origin',(150.,31.000000089407,-196.810478413432));
#2482=CARTESIAN_POINT('Origin',(150.,31.000000089407,-202.));
#2483=CARTESIAN_POINT('',(150.,40.130000089407,-196.810478413432));
#2484=CARTESIAN_POINT('Origin',(150.,31.000000089407,-196.810478413432));
#2485=CARTESIAN_POINT('',(150.,40.130000089407,-195.175));
#2486=CARTESIAN_POINT('',(150.,40.130000089407,-202.));
#2487=CARTESIAN_POINT('Origin',(150.,31.000000089407,-195.175));
#2488=CARTESIAN_POINT('Origin',(150.,31.000000089407,-202.));
#2489=CARTESIAN_POINT('',(150.,36.980000089407,-195.2625));
#2490=CARTESIAN_POINT('Origin',(150.,31.000000089407,-195.2625));
#2491=CARTESIAN_POINT('',(150.,36.980000089407,-195.992739206716));
#2492=CARTESIAN_POINT('',(150.,36.980000089407,-202.));
#2493=CARTESIAN_POINT('Origin',(150.,31.000000089407,-195.992739206716));
#2494=CARTESIAN_POINT('Origin',(150.,36.870000089407,-195.35));
#2495=CARTESIAN_POINT('Origin',(150.,40.130000089407,-195.175));
#2496=CARTESIAN_POINT('Origin',(150.,40.130000089407,-196.810478413432));
#2497=CARTESIAN_POINT('Origin',(150.,36.870000089407,-195.992739206716));
#2498=CARTESIAN_POINT('Origin',(150.,37.121000089407,-195.2625));
#2499=CARTESIAN_POINT('Origin',(150.,31.000000089407,-202.));
#2500=CARTESIAN_POINT('',(150.,37.121000089407,-201.7375));
#2501=CARTESIAN_POINT('Origin',(150.,31.000000089407,-201.7375));
#2502=CARTESIAN_POINT('',(150.,37.121000089407,-201.65));
#2503=CARTESIAN_POINT('',(150.,37.121000089407,-202.));
#2504=CARTESIAN_POINT('Origin',(150.,31.000000089407,-201.65));
#2505=CARTESIAN_POINT('Origin',(150.,31.000000089407,-202.));
#2506=CARTESIAN_POINT('',(150.,37.685000089407,-201.65));
#2507=CARTESIAN_POINT('Origin',(150.,31.000000089407,-201.65));
#2508=CARTESIAN_POINT('',(150.,37.685000089407,-201.825));
#2509=CARTESIAN_POINT('',(150.,37.685000089407,-202.));
#2510=CARTESIAN_POINT('Origin',(150.,31.000000089407,-201.825));
#2511=CARTESIAN_POINT('Origin',(150.,31.000000089407,-202.));
#2512=CARTESIAN_POINT('',(150.,36.870000089407,-200.189521586568));
#2513=CARTESIAN_POINT('Origin',(150.,31.000000089407,-200.189521586568));
#2514=CARTESIAN_POINT('',(150.,36.870000089407,-201.007260793284));
#2515=CARTESIAN_POINT('',(150.,36.870000089407,-202.));
#2516=CARTESIAN_POINT('Origin',(150.,31.000000089407,-201.007260793284));
#2517=CARTESIAN_POINT('Origin',(150.,31.000000089407,-202.));
#2518=CARTESIAN_POINT('',(150.,40.130000089407,-201.825));
#2519=CARTESIAN_POINT('Origin',(150.,31.000000089407,-201.825));
#2520=CARTESIAN_POINT('',(150.,40.130000089407,-200.189521586568));
#2521=CARTESIAN_POINT('',(150.,40.130000089407,-202.));
#2522=CARTESIAN_POINT('Origin',(150.,31.000000089407,-200.189521586568));
#2523=CARTESIAN_POINT('Origin',(150.,31.000000089407,-202.));
#2524=CARTESIAN_POINT('',(150.,36.980000089407,-201.007260793284));
#2525=CARTESIAN_POINT('Origin',(150.,31.000000089407,-201.007260793284));
#2526=CARTESIAN_POINT('',(150.,36.980000089407,-201.7375));
#2527=CARTESIAN_POINT('',(150.,36.980000089407,-202.));
#2528=CARTESIAN_POINT('Origin',(150.,31.000000089407,-201.7375));
#2529=CARTESIAN_POINT('Origin',(150.,36.980000089407,-201.825));
#2530=CARTESIAN_POINT('Origin',(150.,40.130000089407,-200.189521586568));
#2531=CARTESIAN_POINT('Origin',(150.,36.870000089407,-201.007260793284));
#2532=CARTESIAN_POINT('Origin',(150.,37.685000089407,-201.65));
#2533=CARTESIAN_POINT('Origin',(150.,37.121000089407,-201.7375));
#2534=CARTESIAN_POINT('',(3.5527136788005E-14,-8.88178419700125E-15,-378.057));
#2535=CARTESIAN_POINT('',(-272.167983975931,-48.000000089407,-383.175));
#2536=CARTESIAN_POINT('',(-300.,-1.18329135783152E-29,-374.907));
#2537=CARTESIAN_POINT('',(-112.167983975932,-48.000000089407,-383.175));
#2538=CARTESIAN_POINT('',(-32.1679839759318,-48.000000089407,-383.175));
#2539=CARTESIAN_POINT('',(-192.167983975931,-48.000000089407,-383.175));
#2540=CARTESIAN_POINT('',(3.5527136788005E-14,-8.88178419700125E-15,378.057));
#2541=CARTESIAN_POINT('',(-32.1679839759318,-48.000000089407,383.175));
#2542=CARTESIAN_POINT('',(-112.167983975932,-48.000000089407,383.175));
#2543=CARTESIAN_POINT('',(-192.167983975931,-48.000000089407,383.175));
#2544=CARTESIAN_POINT('',(-272.167983975931,-48.000000089407,383.175));
#2545=CARTESIAN_POINT('',(-300.,-1.18329135783152E-29,374.907));
#2546=UNCERTAINTY_MEASURE_WITH_UNIT(LENGTH_MEASURE(0.01),#2554,
'DISTANCE_ACCURACY_VALUE',
'Maximum model space distance between geometric entities at asserted c
onnectivities');
#2547=UNCERTAINTY_MEASURE_WITH_UNIT(LENGTH_MEASURE(0.01),#2554,
'DISTANCE_ACCURACY_VALUE',
'Maximum model space distance between geometric entities at asserted c
onnectivities');
#2548=UNCERTAINTY_MEASURE_WITH_UNIT(LENGTH_MEASURE(0.01),#2554,
'DISTANCE_ACCURACY_VALUE',
'Maximum model space distance between geometric entities at asserted c
onnectivities');
#2549=UNCERTAINTY_MEASURE_WITH_UNIT(LENGTH_MEASURE(0.01),#2554,
'DISTANCE_ACCURACY_VALUE',
'Maximum model space distance between geometric entities at asserted c
onnectivities');
#2550=(
GEOMETRIC_REPRESENTATION_CONTEXT(3)
GLOBAL_UNCERTAINTY_ASSIGNED_CONTEXT((#2546))
GLOBAL_UNIT_ASSIGNED_CONTEXT((#2554,#2556,#2557))
REPRESENTATION_CONTEXT('','3D')
);
#2551=(
GEOMETRIC_REPRESENTATION_CONTEXT(3)
GLOBAL_UNCERTAINTY_ASSIGNED_CONTEXT((#2547))
GLOBAL_UNIT_ASSIGNED_CONTEXT((#2554,#2556,#2557))
REPRESENTATION_CONTEXT('','3D')
);
#2552=(
GEOMETRIC_REPRESENTATION_CONTEXT(3)
GLOBAL_UNCERTAINTY_ASSIGNED_CONTEXT((#2548))
GLOBAL_UNIT_ASSIGNED_CONTEXT((#2554,#2556,#2557))
REPRESENTATION_CONTEXT('','3D')
);
#2553=(
GEOMETRIC_REPRESENTATION_CONTEXT(3)
GLOBAL_UNCERTAINTY_ASSIGNED_CONTEXT((#2549))
GLOBAL_UNIT_ASSIGNED_CONTEXT((#2554,#2556,#2557))
REPRESENTATION_CONTEXT('','3D')
);
#2554=(
LENGTH_UNIT()
NAMED_UNIT(*)
SI_UNIT(.MILLI.,.METRE.)
);
#2555=(
LENGTH_UNIT()
NAMED_UNIT(*)
SI_UNIT($,.METRE.)
);
#2556=(
NAMED_UNIT(*)
PLANE_ANGLE_UNIT()
SI_UNIT($,.RADIAN.)
);
#2557=(
NAMED_UNIT(*)
SI_UNIT($,.STERADIAN.)
SOLID_ANGLE_UNIT()
);
#2558=SHAPE_DEFINITION_REPRESENTATION(#2561,#2576);
#2559=SHAPE_DEFINITION_REPRESENTATION(#2562,#2577);
#2560=SHAPE_DEFINITION_REPRESENTATION(#2563,#2578);
#2561=PRODUCT_DEFINITION_SHAPE('',$,#2580);
#2562=PRODUCT_DEFINITION_SHAPE('',$,#2581);
#2563=PRODUCT_DEFINITION_SHAPE('',$,#2582);
#2564=PRODUCT_DEFINITION_SHAPE($,$,#47);
#2565=PRODUCT_DEFINITION_SHAPE($,$,#48);
#2566=PRODUCT_DEFINITION_SHAPE($,$,#49);
#2567=PRODUCT_DEFINITION_SHAPE($,$,#50);
#2568=PRODUCT_DEFINITION_SHAPE($,$,#51);
#2569=PRODUCT_DEFINITION_SHAPE($,$,#52);
#2570=PRODUCT_DEFINITION_SHAPE($,$,#53);
#2571=PRODUCT_DEFINITION_SHAPE($,$,#54);
#2572=PRODUCT_DEFINITION_SHAPE($,$,#55);
#2573=PRODUCT_DEFINITION_SHAPE($,$,#56);
#2574=PRODUCT_DEFINITION_SHAPE($,$,#57);
#2575=PRODUCT_DEFINITION_SHAPE($,$,#58);
#2576=SHAPE_REPRESENTATION('',(#1428,#1641,#1642,#1643,#1644,#1645,#1646,
#1647,#1648,#1649,#1650,#1651,#1652),#2550);
#2577=SHAPE_REPRESENTATION('',(#1429),#2551);
#2578=SHAPE_REPRESENTATION('',(#1535),#2552);
#2579=PRODUCT_DEFINITION_CONTEXT('part definition',#2590,'design');
#2580=PRODUCT_DEFINITION('2026-05-29-16-21-07-332','Rolamentos',#2583,#2579);
#2581=PRODUCT_DEFINITION('2026-05-29-16-21-07-330',
'6153K71_Corrosion-Resistant 440C Stainless Steel Ball Bearing',#2584,#2579);
#2582=PRODUCT_DEFINITION('2026-05-29-16-21-07-332_1',
'6153K71_Corrosion-Resistant 440C Stainless Steel Ball Bearing(Espelha
r)',#2585,#2579);
#2583=PRODUCT_DEFINITION_FORMATION('',$,#2592);
#2584=PRODUCT_DEFINITION_FORMATION('',$,#2593);
#2585=PRODUCT_DEFINITION_FORMATION('',$,#2594);
#2586=PRODUCT_RELATED_PRODUCT_CATEGORY('Rolamentos','Rolamentos',(#2592));
#2587=PRODUCT_RELATED_PRODUCT_CATEGORY(
'6153K71_Corrosion-Resistant 440C Stainless Steel Ball Bearing',
'6153K71_Corrosion-Resistant 440C Stainless Steel Ball Bearing',(#2593));
#2588=PRODUCT_RELATED_PRODUCT_CATEGORY(
'6153K71_Corrosion-Resistant 440C Stainless Steel Ball Bearing(Espelha
r)',
'6153K71_Corrosion-Resistant 440C Stainless Steel Ball Bearing(Espelha
r)',(#2594));
#2589=APPLICATION_PROTOCOL_DEFINITION('international standard',
'automotive_design',2009,#2590);
#2590=APPLICATION_CONTEXT(
'Core Data for Automotive Mechanical Design Process');
#2591=PRODUCT_CONTEXT('part definition',#2590,'mechanical');
#2592=PRODUCT('2026-05-29-16-21-07-332','Rolamentos',$,(#2591));
#2593=PRODUCT('2026-05-29-16-21-07-330',
'6153K71_Corrosion-Resistant 440C Stainless Steel Ball Bearing',$,(#2591));
#2594=PRODUCT('2026-05-29-16-21-07-332_1',
'6153K71_Corrosion-Resistant 440C Stainless Steel Ball Bearing(Espelha
r)',$,(#2591));
#2595=PRESENTATION_STYLE_ASSIGNMENT((#2596));
#2596=SURFACE_STYLE_USAGE(.BOTH.,#2597);
#2597=SURFACE_SIDE_STYLE('',(#2598));
#2598=SURFACE_STYLE_FILL_AREA(#2599);
#2599=FILL_AREA_STYLE('A\X\E7o - Acetinado',(#2600));
#2600=FILL_AREA_STYLE_COLOUR('A\X\E7o - Acetinado',#2601);
#2601=COLOUR_RGB('A\X\E7o - Acetinado',0.627450980392157,0.627450980392157,
0.627450980392157);
ENDSEC;
END-ISO-10303-21;
